-- phpMyAdmin SQL Dump
-- version 5.2.3
-- https://www.phpmyadmin.net/
--
-- Host: db:3306
-- Generation Time: Jan 04, 2026 at 06:32 PM
-- Server version: 5.7.44
-- PHP Version: 8.3.26

SET SQL_MODE = "NO_AUTO_VALUE_ON_ZERO";
START TRANSACTION;
SET time_zone = "+00:00";


/*!40101 SET @OLD_CHARACTER_SET_CLIENT=@@CHARACTER_SET_CLIENT */;
/*!40101 SET @OLD_CHARACTER_SET_RESULTS=@@CHARACTER_SET_RESULTS */;
/*!40101 SET @OLD_COLLATION_CONNECTION=@@COLLATION_CONNECTION */;
/*!40101 SET NAMES utf8mb4 */;

--
-- Database: `saffron_db_3`
--

-- --------------------------------------------------------

--
-- Table structure for table `addresses`
--

CREATE TABLE `addresses` (
  `id` int(10) UNSIGNED NOT NULL,
  `address_type` varchar(255) COLLATE utf8mb4_unicode_ci NOT NULL,
  `parent_address_id` int(10) UNSIGNED DEFAULT NULL,
  `customer_id` int(10) UNSIGNED DEFAULT NULL COMMENT 'null if guest checkout',
  `cart_id` int(10) UNSIGNED DEFAULT NULL COMMENT 'only for cart_addresses',
  `order_id` int(10) UNSIGNED DEFAULT NULL COMMENT 'only for order_addresses',
  `first_name` varchar(255) COLLATE utf8mb4_unicode_ci NOT NULL,
  `last_name` varchar(255) COLLATE utf8mb4_unicode_ci NOT NULL,
  `gender` varchar(255) COLLATE utf8mb4_unicode_ci DEFAULT NULL,
  `company_name` varchar(255) COLLATE utf8mb4_unicode_ci DEFAULT NULL,
  `address` varchar(255) COLLATE utf8mb4_unicode_ci NOT NULL,
  `city` varchar(255) COLLATE utf8mb4_unicode_ci NOT NULL,
  `state` varchar(255) COLLATE utf8mb4_unicode_ci DEFAULT NULL,
  `country` varchar(255) COLLATE utf8mb4_unicode_ci DEFAULT NULL,
  `postcode` varchar(255) COLLATE utf8mb4_unicode_ci DEFAULT NULL,
  `email` varchar(255) COLLATE utf8mb4_unicode_ci DEFAULT NULL,
  `phone` varchar(255) COLLATE utf8mb4_unicode_ci DEFAULT NULL,
  `vat_id` varchar(255) COLLATE utf8mb4_unicode_ci DEFAULT NULL,
  `default_address` tinyint(1) NOT NULL DEFAULT '0' COMMENT 'only for customer_addresses',
  `use_for_shipping` tinyint(1) NOT NULL DEFAULT '0',
  `additional` json DEFAULT NULL,
  `created_at` timestamp NULL DEFAULT NULL,
  `updated_at` timestamp NULL DEFAULT NULL
) ENGINE=InnoDB DEFAULT CHARSET=utf8mb4 COLLATE=utf8mb4_unicode_ci;

--
-- Dumping data for table `addresses`
--

INSERT INTO `addresses` (`id`, `address_type`, `parent_address_id`, `customer_id`, `cart_id`, `order_id`, `first_name`, `last_name`, `gender`, `company_name`, `address`, `city`, `state`, `country`, `postcode`, `email`, `phone`, `vat_id`, `default_address`, `use_for_shipping`, `additional`, `created_at`, `updated_at`) VALUES
(1, 'customer', NULL, 1, NULL, NULL, 'Barbara', 'Rhodes', NULL, 'Hart and Wilder Traders', 'Lorem totam autem er', 'Mirpur', 'Dhaka', 'BD', 'Laboris et neque cul', 'ashrafulunisoft@gmail.com', '01859385787', '', 0, 0, NULL, '2025-12-28 12:42:12', '2025-12-28 12:42:12'),
(2, 'cart_billing', 1, 1, 1, NULL, 'Barbara', 'Rhodes', NULL, 'Hart and Wilder Traders', 'Lorem totam autem er', 'Mirpur', 'Dhaka', 'BD', 'Laboris et neque cul', 'ashrafulunisoft@gmail.com', '01859385787', '', 0, 1, NULL, '2025-12-28 12:42:14', '2025-12-28 12:42:14'),
(3, 'cart_shipping', 1, 1, 1, NULL, 'Barbara', 'Rhodes', NULL, 'Hart and Wilder Traders', 'Lorem totam autem er', 'Mirpur', 'Dhaka', 'BD', 'Laboris et neque cul', 'ashrafulunisoft@gmail.com', '01859385787', NULL, 0, 0, NULL, '2025-12-28 12:42:14', '2025-12-28 12:42:14'),
(4, 'order_shipping', NULL, NULL, NULL, 1, 'Barbara', 'Rhodes', NULL, 'Hart and Wilder Traders', 'Lorem totam autem er', 'Mirpur', 'Dhaka', 'BD', 'Laboris et neque cul', 'ashrafulunisoft@gmail.com', '01859385787', NULL, 0, 0, NULL, '2025-12-28 12:42:45', '2025-12-28 12:42:45'),
(5, 'order_billing', NULL, NULL, NULL, 1, 'Barbara', 'Rhodes', NULL, 'Hart and Wilder Traders', 'Lorem totam autem er', 'Mirpur', 'Dhaka', 'BD', 'Laboris et neque cul', 'ashrafulunisoft@gmail.com', '01859385787', '', 0, 0, NULL, '2025-12-28 12:42:45', '2025-12-28 12:42:45'),
(6, 'cart_billing', 1, 1, 2, NULL, 'Barbara', 'Rhodes', NULL, 'Hart and Wilder Traders', 'Lorem totam autem er', 'Mirpur', 'Dhaka', 'BD', 'Laboris et neque cul', 'ashrafulunisoft@gmail.com', '01859385787', '', 0, 1, NULL, '2025-12-28 14:59:34', '2025-12-28 14:59:34'),
(7, 'cart_shipping', 1, 1, 2, NULL, 'Barbara', 'Rhodes', NULL, 'Hart and Wilder Traders', 'Lorem totam autem er', 'Mirpur', 'Dhaka', 'BD', 'Laboris et neque cul', 'ashrafulunisoft@gmail.com', '01859385787', NULL, 0, 0, NULL, '2025-12-28 14:59:34', '2025-12-28 14:59:34'),
(8, 'order_shipping', NULL, NULL, NULL, 2, 'Barbara', 'Rhodes', NULL, 'Hart and Wilder Traders', 'Lorem totam autem er', 'Mirpur', 'Dhaka', 'BD', 'Laboris et neque cul', 'ashrafulunisoft@gmail.com', '01859385787', NULL, 0, 0, NULL, '2025-12-28 14:59:41', '2025-12-28 14:59:41'),
(9, 'order_billing', NULL, NULL, NULL, 2, 'Barbara', 'Rhodes', NULL, 'Hart and Wilder Traders', 'Lorem totam autem er', 'Mirpur', 'Dhaka', 'BD', 'Laboris et neque cul', 'ashrafulunisoft@gmail.com', '01859385787', '', 0, 0, NULL, '2025-12-28 14:59:42', '2025-12-28 14:59:42'),
(10, 'cart_billing', 1, 1, 3, NULL, 'Barbara', 'Rhodes', NULL, 'Hart and Wilder Traders', 'Lorem totam autem er', 'Mirpur', 'Dhaka', 'BD', 'Laboris et neque cul', 'ashrafulunisoft@gmail.com', '01859385787', '', 0, 1, NULL, '2025-12-28 15:22:14', '2025-12-28 15:22:14'),
(11, 'cart_shipping', 1, 1, 3, NULL, 'Barbara', 'Rhodes', NULL, 'Hart and Wilder Traders', 'Lorem totam autem er', 'Mirpur', 'Dhaka', 'BD', 'Laboris et neque cul', 'ashrafulunisoft@gmail.com', '01859385787', NULL, 0, 0, NULL, '2025-12-28 15:22:14', '2025-12-28 15:22:14'),
(12, 'order_shipping', NULL, NULL, NULL, 3, 'Barbara', 'Rhodes', NULL, 'Hart and Wilder Traders', 'Lorem totam autem er', 'Mirpur', 'Dhaka', 'BD', 'Laboris et neque cul', 'ashrafulunisoft@gmail.com', '01859385787', NULL, 0, 0, NULL, '2025-12-28 15:22:18', '2025-12-28 15:22:18'),
(13, 'order_billing', NULL, NULL, NULL, 3, 'Barbara', 'Rhodes', NULL, 'Hart and Wilder Traders', 'Lorem totam autem er', 'Mirpur', 'Dhaka', 'BD', 'Laboris et neque cul', 'ashrafulunisoft@gmail.com', '01859385787', '', 0, 0, NULL, '2025-12-28 15:22:18', '2025-12-28 15:22:18'),
(14, 'cart_billing', 1, 1, 4, NULL, 'Barbara', 'Rhodes', NULL, 'Hart and Wilder Traders', 'Lorem totam autem er', 'Mirpur', 'Dhaka', 'BD', 'Laboris et neque cul', 'ashrafulunisoft@gmail.com', '01859385787', '', 0, 1, NULL, '2025-12-28 17:32:33', '2025-12-28 17:32:33'),
(15, 'cart_shipping', 1, 1, 4, NULL, 'Barbara', 'Rhodes', NULL, 'Hart and Wilder Traders', 'Lorem totam autem er', 'Mirpur', 'Dhaka', 'BD', 'Laboris et neque cul', 'ashrafulunisoft@gmail.com', '01859385787', NULL, 0, 0, NULL, '2025-12-28 17:32:33', '2025-12-28 17:32:33'),
(16, 'order_shipping', NULL, NULL, NULL, 4, 'Barbara', 'Rhodes', NULL, 'Hart and Wilder Traders', 'Lorem totam autem er', 'Mirpur', 'Dhaka', 'BD', 'Laboris et neque cul', 'ashrafulunisoft@gmail.com', '01859385787', NULL, 0, 0, NULL, '2025-12-28 17:32:38', '2025-12-28 17:32:38'),
(17, 'order_billing', NULL, NULL, NULL, 4, 'Barbara', 'Rhodes', NULL, 'Hart and Wilder Traders', 'Lorem totam autem er', 'Mirpur', 'Dhaka', 'BD', 'Laboris et neque cul', 'ashrafulunisoft@gmail.com', '01859385787', '', 0, 0, NULL, '2025-12-28 17:32:38', '2025-12-28 17:32:38'),
(18, 'cart_billing', NULL, 2, 5, NULL, 'Adrienne', 'Chandler', NULL, 'Castro Warner Associates', 'Qui id vero tempore', 'Sed reprehenderit qu', 'Numquam magna eum vo', 'LB', '112258', 'ashrafulinstasure@gmail.com', '01859385787', '', 0, 1, NULL, '2025-12-28 17:50:09', '2025-12-28 17:50:09'),
(19, 'cart_shipping', NULL, 2, 5, NULL, 'Adrienne', 'Chandler', NULL, 'Castro Warner Associates', 'Qui id vero tempore', 'Sed reprehenderit qu', 'Numquam magna eum vo', 'LB', '112258', 'ashrafulinstasure@gmail.com', '01859385787', NULL, 0, 0, NULL, '2025-12-28 17:50:09', '2025-12-28 17:50:09'),
(20, 'order_shipping', NULL, NULL, NULL, 5, 'Adrienne', 'Chandler', NULL, 'Castro Warner Associates', 'Qui id vero tempore', 'Sed reprehenderit qu', 'Numquam magna eum vo', 'LB', '112258', 'ashrafulinstasure@gmail.com', '01859385787', NULL, 0, 0, NULL, '2025-12-28 17:50:24', '2025-12-28 17:50:24'),
(21, 'order_billing', NULL, NULL, NULL, 5, 'Adrienne', 'Chandler', NULL, 'Castro Warner Associates', 'Qui id vero tempore', 'Sed reprehenderit qu', 'Numquam magna eum vo', 'LB', '112258', 'ashrafulinstasure@gmail.com', '01859385787', '', 0, 0, NULL, '2025-12-28 17:50:24', '2025-12-28 17:50:24'),
(22, 'cart_billing', NULL, 2, 7, NULL, 'Reece', 'Joyce', NULL, 'Green Reeves LLC', 'Reiciendis veniam d', 'Mirpur', 'Dhaka', 'GE', '1122', 'ashrafulinstasure@gmail.com', '01859385787', '', 0, 1, NULL, '2025-12-29 15:25:52', '2025-12-29 15:25:52'),
(23, 'cart_shipping', NULL, 2, 7, NULL, 'Reece', 'Joyce', NULL, 'Green Reeves LLC', 'Reiciendis veniam d', 'Mirpur', 'Dhaka', 'GE', '1122', 'ashrafulinstasure@gmail.com', '01859385787', NULL, 0, 0, NULL, '2025-12-29 15:25:52', '2025-12-29 15:25:52'),
(24, 'order_shipping', NULL, NULL, NULL, 8, 'Reece', 'Joyce', NULL, 'Green Reeves LLC', 'Reiciendis veniam d', 'Mirpur', 'Dhaka', 'GE', '1122', 'ashrafulinstasure@gmail.com', '01859385787', NULL, 0, 0, NULL, '2025-12-29 15:25:56', '2025-12-29 15:25:56'),
(25, 'order_billing', NULL, NULL, NULL, 8, 'Reece', 'Joyce', NULL, 'Green Reeves LLC', 'Reiciendis veniam d', 'Mirpur', 'Dhaka', 'GE', '1122', 'ashrafulinstasure@gmail.com', '01859385787', '', 0, 0, NULL, '2025-12-29 15:25:56', '2025-12-29 15:25:56'),
(26, 'cart_billing', NULL, NULL, 8, NULL, 'Shaine', 'Dickerson', NULL, 'Blackburn and Barrett Associates', 'Consectetur ea nisi', 'Veritatis architecto', 'Iusto dolorem culpa', 'MV', 'Est voluptatem volup', 'ashrafulunisoft@gmail.com', '01859385787', '', 0, 1, NULL, '2025-12-30 19:24:43', '2025-12-30 19:24:43'),
(27, 'cart_shipping', NULL, NULL, 8, NULL, 'Shaine', 'Dickerson', NULL, 'Blackburn and Barrett Associates', 'Consectetur ea nisi', 'Veritatis architecto', 'Iusto dolorem culpa', 'MV', 'Est voluptatem volup', 'ashrafulunisoft@gmail.com', '01859385787', NULL, 0, 0, NULL, '2025-12-30 19:24:43', '2025-12-30 19:24:43'),
(28, 'order_shipping', NULL, NULL, NULL, 9, 'Shaine', 'Dickerson', NULL, 'Blackburn and Barrett Associates', 'Consectetur ea nisi', 'Veritatis architecto', 'Iusto dolorem culpa', 'MV', 'Est voluptatem volup', 'ashrafulunisoft@gmail.com', '01859385787', NULL, 0, 0, NULL, '2025-12-30 19:24:49', '2025-12-30 19:24:49'),
(29, 'order_billing', NULL, NULL, NULL, 9, 'Shaine', 'Dickerson', NULL, 'Blackburn and Barrett Associates', 'Consectetur ea nisi', 'Veritatis architecto', 'Iusto dolorem culpa', 'MV', 'Est voluptatem volup', 'ashrafulunisoft@gmail.com', '01859385787', '', 0, 0, NULL, '2025-12-30 19:24:49', '2025-12-30 19:24:49'),
(30, 'cart_billing', 1, 1, 6, NULL, 'Barbara', 'Rhodes', NULL, 'Hart and Wilder Traders', 'Lorem totam autem er', 'Mirpur', 'Dhaka', 'BD', 'Laboris et neque cul', 'ashrafulunisoft@gmail.com', '01859385787', '', 0, 1, NULL, '2025-12-30 19:25:27', '2025-12-30 19:25:27'),
(31, 'cart_shipping', 1, 1, 6, NULL, 'Barbara', 'Rhodes', NULL, 'Hart and Wilder Traders', 'Lorem totam autem er', 'Mirpur', 'Dhaka', 'BD', 'Laboris et neque cul', 'ashrafulunisoft@gmail.com', '01859385787', NULL, 0, 0, NULL, '2025-12-30 19:25:27', '2025-12-30 19:25:27'),
(32, 'order_shipping', NULL, NULL, NULL, 10, 'Barbara', 'Rhodes', NULL, 'Hart and Wilder Traders', 'Lorem totam autem er', 'Mirpur', 'Dhaka', 'BD', 'Laboris et neque cul', 'ashrafulunisoft@gmail.com', '01859385787', NULL, 0, 0, NULL, '2025-12-30 19:25:31', '2025-12-30 19:25:31'),
(33, 'order_billing', NULL, NULL, NULL, 10, 'Barbara', 'Rhodes', NULL, 'Hart and Wilder Traders', 'Lorem totam autem er', 'Mirpur', 'Dhaka', 'BD', 'Laboris et neque cul', 'ashrafulunisoft@gmail.com', '01859385787', '', 0, 0, NULL, '2025-12-30 19:25:31', '2025-12-30 19:25:31'),
(34, 'cart_billing', 1, 1, 9, NULL, 'Barbara', 'Rhodes', NULL, 'Hart and Wilder Traders', 'Lorem totam autem er', 'Mirpur', 'Dhaka', 'BD', 'Laboris et neque cul', 'ashrafulunisoft@gmail.com', '01859385787', '', 0, 1, NULL, '2025-12-30 21:58:39', '2025-12-30 21:58:39'),
(35, 'cart_shipping', 1, 1, 9, NULL, 'Barbara', 'Rhodes', NULL, 'Hart and Wilder Traders', 'Lorem totam autem er', 'Mirpur', 'Dhaka', 'BD', 'Laboris et neque cul', 'ashrafulunisoft@gmail.com', '01859385787', NULL, 0, 0, NULL, '2025-12-30 21:58:39', '2025-12-30 21:58:39'),
(36, 'order_shipping', NULL, NULL, NULL, 11, 'Barbara', 'Rhodes', NULL, 'Hart and Wilder Traders', 'Lorem totam autem er', 'Mirpur', 'Dhaka', 'BD', 'Laboris et neque cul', 'ashrafulunisoft@gmail.com', '01859385787', NULL, 0, 0, NULL, '2025-12-30 21:58:42', '2025-12-30 21:58:42'),
(37, 'order_billing', NULL, NULL, NULL, 11, 'Barbara', 'Rhodes', NULL, 'Hart and Wilder Traders', 'Lorem totam autem er', 'Mirpur', 'Dhaka', 'BD', 'Laboris et neque cul', 'ashrafulunisoft@gmail.com', '01859385787', '', 0, 0, NULL, '2025-12-30 21:58:42', '2025-12-30 21:58:42'),
(38, 'cart_billing', 1, 1, 10, NULL, 'Barbara', 'Rhodes', NULL, 'Hart and Wilder Traders', 'Lorem totam autem er', 'Mirpur', 'Dhaka', 'BD', 'Laboris et neque cul', 'ashrafulunisoft@gmail.com', '01859385787', '', 0, 1, NULL, '2025-12-30 22:02:19', '2025-12-30 22:02:19'),
(39, 'cart_shipping', 1, 1, 10, NULL, 'Barbara', 'Rhodes', NULL, 'Hart and Wilder Traders', 'Lorem totam autem er', 'Mirpur', 'Dhaka', 'BD', 'Laboris et neque cul', 'ashrafulunisoft@gmail.com', '01859385787', NULL, 0, 0, NULL, '2025-12-30 22:02:19', '2025-12-30 22:02:19'),
(40, 'order_shipping', NULL, NULL, NULL, 12, 'Barbara', 'Rhodes', NULL, 'Hart and Wilder Traders', 'Lorem totam autem er', 'Mirpur', 'Dhaka', 'BD', 'Laboris et neque cul', 'ashrafulunisoft@gmail.com', '01859385787', NULL, 0, 0, NULL, '2025-12-30 22:02:22', '2025-12-30 22:02:22'),
(41, 'order_billing', NULL, NULL, NULL, 12, 'Barbara', 'Rhodes', NULL, 'Hart and Wilder Traders', 'Lorem totam autem er', 'Mirpur', 'Dhaka', 'BD', 'Laboris et neque cul', 'ashrafulunisoft@gmail.com', '01859385787', '', 0, 0, NULL, '2025-12-30 22:02:22', '2025-12-30 22:02:22'),
(42, 'cart_billing', 1, 1, 11, NULL, 'Barbara', 'Rhodes', NULL, 'Hart and Wilder Traders', 'Lorem totam autem er', 'Mirpur', 'Dhaka', 'BD', 'Laboris et neque cul', 'ashrafulunisoft@gmail.com', '01859385787', '', 0, 1, NULL, '2025-12-30 22:50:13', '2025-12-30 22:50:13'),
(43, 'cart_shipping', 1, 1, 11, NULL, 'Barbara', 'Rhodes', NULL, 'Hart and Wilder Traders', 'Lorem totam autem er', 'Mirpur', 'Dhaka', 'BD', 'Laboris et neque cul', 'ashrafulunisoft@gmail.com', '01859385787', NULL, 0, 0, NULL, '2025-12-30 22:50:13', '2025-12-30 22:50:13'),
(44, 'order_shipping', NULL, NULL, NULL, 13, 'Barbara', 'Rhodes', NULL, 'Hart and Wilder Traders', 'Lorem totam autem er', 'Mirpur', 'Dhaka', 'BD', 'Laboris et neque cul', 'ashrafulunisoft@gmail.com', '01859385787', NULL, 0, 0, NULL, '2025-12-30 22:50:18', '2025-12-30 22:50:18'),
(45, 'order_billing', NULL, NULL, NULL, 13, 'Barbara', 'Rhodes', NULL, 'Hart and Wilder Traders', 'Lorem totam autem er', 'Mirpur', 'Dhaka', 'BD', 'Laboris et neque cul', 'ashrafulunisoft@gmail.com', '01859385787', '', 0, 0, NULL, '2025-12-30 22:50:18', '2025-12-30 22:50:18'),
(46, 'cart_billing', 1, 1, 12, NULL, 'Barbara', 'Rhodes', NULL, 'Hart and Wilder Traders', 'Lorem totam autem er', 'Mirpur', 'Dhaka', 'BD', 'Laboris et neque cul', 'ashrafulunisoft@gmail.com', '01859385787', '', 0, 1, NULL, '2025-12-31 00:09:28', '2025-12-31 00:09:28'),
(47, 'cart_shipping', 1, 1, 12, NULL, 'Barbara', 'Rhodes', NULL, 'Hart and Wilder Traders', 'Lorem totam autem er', 'Mirpur', 'Dhaka', 'BD', 'Laboris et neque cul', 'ashrafulunisoft@gmail.com', '01859385787', NULL, 0, 0, NULL, '2025-12-31 00:09:28', '2025-12-31 00:09:28'),
(48, 'order_shipping', NULL, NULL, NULL, 14, 'Barbara', 'Rhodes', NULL, 'Hart and Wilder Traders', 'Lorem totam autem er', 'Mirpur', 'Dhaka', 'BD', 'Laboris et neque cul', 'ashrafulunisoft@gmail.com', '01859385787', NULL, 0, 0, NULL, '2025-12-31 00:09:32', '2025-12-31 00:09:32'),
(49, 'order_billing', NULL, NULL, NULL, 14, 'Barbara', 'Rhodes', NULL, 'Hart and Wilder Traders', 'Lorem totam autem er', 'Mirpur', 'Dhaka', 'BD', 'Laboris et neque cul', 'ashrafulunisoft@gmail.com', '01859385787', '', 0, 0, NULL, '2025-12-31 00:09:32', '2025-12-31 00:09:32'),
(50, 'customer', NULL, 2, NULL, NULL, 'Ashraful', 'Momen', NULL, 'Glover and Howard Inc', 'Uttara road 10 sector 10 house 20', 'Uttara', 'Dhaka', 'BD', '1236', 'ashrafulinstasure@gmail.com', '01859385787', '', 0, 0, NULL, '2025-12-31 10:29:59', '2025-12-31 15:48:24'),
(51, 'cart_billing', 50, 2, 14, NULL, 'Chastity', 'Langley', NULL, 'Glover and Howard Inc', 'Dicta repudiandae di', 'Dignissimos a hic de', 'Unde quaerat nostrum', 'SO', 'Animi est ea dolor', 'ashrafulinstasure@gmail.com', '01859385787', '', 0, 1, NULL, '2025-12-31 10:30:00', '2025-12-31 10:30:00'),
(52, 'cart_shipping', 50, 2, 14, NULL, 'Chastity', 'Langley', NULL, 'Glover and Howard Inc', 'Dicta repudiandae di', 'Dignissimos a hic de', 'Unde quaerat nostrum', 'SO', 'Animi est ea dolor', 'ashrafulinstasure@gmail.com', '01859385787', NULL, 0, 0, NULL, '2025-12-31 10:30:00', '2025-12-31 10:30:00'),
(53, 'order_shipping', NULL, NULL, NULL, 15, 'Chastity', 'Langley', NULL, 'Glover and Howard Inc', 'Dicta repudiandae di', 'Dignissimos a hic de', 'Unde quaerat nostrum', 'SO', 'Animi est ea dolor', 'ashrafulinstasure@gmail.com', '01859385787', NULL, 0, 0, NULL, '2025-12-31 10:30:06', '2025-12-31 10:30:06'),
(54, 'order_billing', NULL, NULL, NULL, 15, 'Chastity', 'Langley', NULL, 'Glover and Howard Inc', 'Dicta repudiandae di', 'Dignissimos a hic de', 'Unde quaerat nostrum', 'SO', 'Animi est ea dolor', 'ashrafulinstasure@gmail.com', '01859385787', '', 0, 0, NULL, '2025-12-31 10:30:06', '2025-12-31 10:30:06'),
(55, 'cart_billing', 1, 1, 15, NULL, 'Barbara', 'Rhodes', NULL, 'Hart and Wilder Traders', 'Lorem totam autem er', 'Mirpur', 'Dhaka', 'BD', 'Laboris et neque cul', 'ashrafulunisoft@gmail.com', '01859385787', '', 0, 1, NULL, '2025-12-31 11:29:48', '2025-12-31 11:29:48'),
(56, 'cart_shipping', 1, 1, 15, NULL, 'Barbara', 'Rhodes', NULL, 'Hart and Wilder Traders', 'Lorem totam autem er', 'Mirpur', 'Dhaka', 'BD', 'Laboris et neque cul', 'ashrafulunisoft@gmail.com', '01859385787', NULL, 0, 0, NULL, '2025-12-31 11:29:48', '2025-12-31 11:29:48'),
(57, 'cart_billing', 50, 2, 16, NULL, 'Ashraful', 'Momen', NULL, 'Glover and Howard Inc', 'Uttara road 10 sector 10 house 20', 'Uttara', 'Dhaka', 'BD', '1236', 'ashrafulinstasure@gmail.com', '01859385787', '', 0, 1, NULL, '2025-12-31 11:34:00', '2025-12-31 15:48:26'),
(58, 'cart_shipping', 50, 2, 16, NULL, 'Ashraful', 'Momen', NULL, 'Glover and Howard Inc', 'Uttara road 10 sector 10 house 20', 'Uttara', 'Dhaka', 'BD', '1236', 'ashrafulinstasure@gmail.com', '01859385787', NULL, 0, 0, NULL, '2025-12-31 11:34:00', '2025-12-31 15:48:26'),
(59, 'order_shipping', NULL, NULL, NULL, 16, 'Ashraful', 'Momen', NULL, 'Glover and Howard Inc', 'Uttara road 10 sector 10 house 20', 'Uttara', 'Dhaka', 'BD', '1236', 'ashrafulinstasure@gmail.com', '01859385787', NULL, 0, 0, NULL, '2025-12-31 15:48:29', '2025-12-31 15:48:29'),
(60, 'order_billing', NULL, NULL, NULL, 16, 'Ashraful', 'Momen', NULL, 'Glover and Howard Inc', 'Uttara road 10 sector 10 house 20', 'Uttara', 'Dhaka', 'BD', '1236', 'ashrafulinstasure@gmail.com', '01859385787', '', 0, 0, NULL, '2025-12-31 15:48:29', '2025-12-31 15:48:29'),
(61, 'cart_billing', 50, 2, 17, NULL, 'Ashraful', 'Momen', NULL, 'Glover and Howard Inc', 'Uttara road 10 sector 10 house 20', 'Uttara', 'Dhaka', 'BD', '1236', 'ashrafulinstasure@gmail.com', '01859385787', '', 0, 1, NULL, '2026-01-04 16:25:34', '2026-01-04 16:25:34'),
(62, 'cart_shipping', 50, 2, 17, NULL, 'Ashraful', 'Momen', NULL, 'Glover and Howard Inc', 'Uttara road 10 sector 10 house 20', 'Uttara', 'Dhaka', 'BD', '1236', 'ashrafulinstasure@gmail.com', '01859385787', NULL, 0, 0, NULL, '2026-01-04 16:25:34', '2026-01-04 16:25:34'),
(63, 'order_shipping', NULL, NULL, NULL, 17, 'Ashraful', 'Momen', NULL, 'Glover and Howard Inc', 'Uttara road 10 sector 10 house 20', 'Uttara', 'Dhaka', 'BD', '1236', 'ashrafulinstasure@gmail.com', '01859385787', NULL, 0, 0, NULL, '2026-01-04 16:25:38', '2026-01-04 16:25:38'),
(64, 'order_billing', NULL, NULL, NULL, 17, 'Ashraful', 'Momen', NULL, 'Glover and Howard Inc', 'Uttara road 10 sector 10 house 20', 'Uttara', 'Dhaka', 'BD', '1236', 'ashrafulinstasure@gmail.com', '01859385787', '', 0, 0, NULL, '2026-01-04 16:25:38', '2026-01-04 16:25:38');

-- --------------------------------------------------------

--
-- Table structure for table `admins`
--

CREATE TABLE `admins` (
  `id` int(10) UNSIGNED NOT NULL,
  `name` varchar(255) COLLATE utf8mb4_unicode_ci NOT NULL,
  `email` varchar(255) COLLATE utf8mb4_unicode_ci NOT NULL,
  `password` varchar(255) COLLATE utf8mb4_unicode_ci DEFAULT NULL,
  `api_token` varchar(80) COLLATE utf8mb4_unicode_ci DEFAULT NULL,
  `status` tinyint(1) NOT NULL DEFAULT '0',
  `role_id` int(10) UNSIGNED NOT NULL,
  `image` varchar(255) COLLATE utf8mb4_unicode_ci DEFAULT NULL,
  `remember_token` varchar(100) COLLATE utf8mb4_unicode_ci DEFAULT NULL,
  `created_at` timestamp NULL DEFAULT NULL,
  `updated_at` timestamp NULL DEFAULT NULL
) ENGINE=InnoDB DEFAULT CHARSET=utf8mb4 COLLATE=utf8mb4_unicode_ci;

--
-- Dumping data for table `admins`
--

INSERT INTO `admins` (`id`, `name`, `email`, `password`, `api_token`, `status`, `role_id`, `image`, `remember_token`, `created_at`, `updated_at`) VALUES
(1, 'Example', 'admin@example.com', '$2y$12$q.QPn4uaU80A2lbR2Zx6BO55LC.AGVANVMsQgs6iUqSzzTn6EZ4ui', 'ppSG7x0lGSbfmdRFlaULgviFQZ3sjYqBwvHKUeeyRlXfeMOqKQULE9mlRy0XPaVT9g8No1JoqK2VUjDU', 1, 1, NULL, NULL, '2025-12-24 15:38:14', '2025-12-24 15:38:14'),
(2, 'Dr Carlie Gutkowski IV', 'bruen.zula@gmail.com', '$2y$10$92IXUNpkjO0rOQ5byMi.Ye4oKoEa3Ro9llC/.og/at2.uheWG/igi', NULL, 1, 1, NULL, NULL, '2025-12-29 13:28:44', '2025-12-29 13:28:44'),
(3, 'Prof Rogers Nienow DVM', 'jettie.bins@hoeger.com', '$2y$10$92IXUNpkjO0rOQ5byMi.Ye4oKoEa3Ro9llC/.og/at2.uheWG/igi', NULL, 1, 1, NULL, NULL, '2025-12-29 13:28:44', '2025-12-29 13:28:44'),
(4, 'Mr Nils Wolff', 'ricky.ortiz@schmidt.com', '$2y$10$92IXUNpkjO0rOQ5byMi.Ye4oKoEa3Ro9llC/.og/at2.uheWG/igi', NULL, 1, 1, NULL, NULL, '2025-12-29 13:28:44', '2025-12-29 13:28:44');

-- --------------------------------------------------------

--
-- Table structure for table `admin_password_resets`
--

CREATE TABLE `admin_password_resets` (
  `email` varchar(255) COLLATE utf8mb4_unicode_ci NOT NULL,
  `token` varchar(255) COLLATE utf8mb4_unicode_ci NOT NULL,
  `created_at` timestamp NULL DEFAULT NULL
) ENGINE=InnoDB DEFAULT CHARSET=utf8mb4 COLLATE=utf8mb4_unicode_ci;

-- --------------------------------------------------------

--
-- Table structure for table `attributes`
--

CREATE TABLE `attributes` (
  `id` int(10) UNSIGNED NOT NULL,
  `code` varchar(255) COLLATE utf8mb4_unicode_ci NOT NULL,
  `admin_name` varchar(255) COLLATE utf8mb4_unicode_ci NOT NULL,
  `type` varchar(255) COLLATE utf8mb4_unicode_ci NOT NULL,
  `swatch_type` varchar(255) COLLATE utf8mb4_unicode_ci DEFAULT NULL,
  `validation` varchar(255) COLLATE utf8mb4_unicode_ci DEFAULT NULL,
  `regex` varchar(255) COLLATE utf8mb4_unicode_ci DEFAULT NULL,
  `position` int(11) DEFAULT NULL,
  `is_required` tinyint(1) NOT NULL DEFAULT '0',
  `is_unique` tinyint(1) NOT NULL DEFAULT '0',
  `is_filterable` tinyint(1) NOT NULL DEFAULT '0',
  `is_comparable` tinyint(1) NOT NULL DEFAULT '0',
  `is_configurable` tinyint(1) NOT NULL DEFAULT '0',
  `is_user_defined` tinyint(1) NOT NULL DEFAULT '1',
  `is_visible_on_front` tinyint(1) NOT NULL DEFAULT '0',
  `value_per_locale` tinyint(1) NOT NULL DEFAULT '0',
  `value_per_channel` tinyint(1) NOT NULL DEFAULT '0',
  `default_value` int(11) DEFAULT NULL,
  `enable_wysiwyg` tinyint(1) NOT NULL DEFAULT '0',
  `created_at` timestamp NULL DEFAULT NULL,
  `updated_at` timestamp NULL DEFAULT NULL
) ENGINE=InnoDB DEFAULT CHARSET=utf8mb4 COLLATE=utf8mb4_unicode_ci;

--
-- Dumping data for table `attributes`
--

INSERT INTO `attributes` (`id`, `code`, `admin_name`, `type`, `swatch_type`, `validation`, `regex`, `position`, `is_required`, `is_unique`, `is_filterable`, `is_comparable`, `is_configurable`, `is_user_defined`, `is_visible_on_front`, `value_per_locale`, `value_per_channel`, `default_value`, `enable_wysiwyg`, `created_at`, `updated_at`) VALUES
(1, 'sku', 'SKU', 'text', NULL, NULL, NULL, 1, 1, 1, 0, 0, 0, 0, 0, 0, 0, NULL, 0, '2025-12-29 12:58:41', '2025-12-29 12:58:41'),
(2, 'name', 'Name', 'text', NULL, NULL, NULL, 3, 1, 0, 0, 1, 0, 0, 0, 1, 0, NULL, 0, '2025-12-29 12:58:41', '2025-12-29 12:58:41'),
(3, 'url_key', 'URL Key', 'text', NULL, NULL, NULL, 4, 1, 1, 0, 0, 0, 0, 0, 1, 0, NULL, 0, '2025-12-29 12:58:41', '2025-12-29 12:58:41'),
(4, 'tax_category_id', 'Tax Category', 'select', NULL, NULL, NULL, 5, 0, 0, 0, 0, 0, 0, 0, 0, 1, NULL, 0, '2025-12-29 12:58:41', '2025-12-29 12:58:41'),
(5, 'new', 'New', 'boolean', NULL, NULL, NULL, 6, 0, 0, 0, 0, 0, 0, 0, 0, 0, 1, 0, '2025-12-29 12:58:41', '2025-12-29 12:58:41'),
(6, 'featured', 'Featured', 'boolean', NULL, NULL, NULL, 7, 0, 0, 0, 0, 0, 0, 0, 0, 0, 1, 0, '2025-12-29 12:58:41', '2025-12-29 12:58:41'),
(7, 'visible_individually', 'Visible Individually', 'boolean', NULL, NULL, NULL, 9, 1, 0, 0, 0, 0, 0, 0, 0, 0, 1, 0, '2025-12-29 12:58:41', '2025-12-29 12:58:41'),
(8, 'status', 'Status', 'boolean', NULL, NULL, NULL, 10, 1, 0, 0, 0, 0, 0, 0, 0, 1, 1, 0, '2025-12-29 12:58:41', '2025-12-29 12:58:41'),
(9, 'short_description', 'Short Description', 'textarea', NULL, NULL, NULL, 11, 1, 0, 0, 0, 0, 0, 0, 1, 0, NULL, 1, '2025-12-29 12:58:41', '2025-12-29 12:58:41'),
(10, 'description', 'Description', 'textarea', NULL, NULL, NULL, 12, 1, 0, 0, 1, 0, 0, 0, 1, 0, NULL, 1, '2025-12-29 12:58:41', '2025-12-29 12:58:41'),
(11, 'price', 'Price', 'price', NULL, 'decimal', NULL, 13, 1, 0, 1, 1, 0, 0, 0, 0, 0, NULL, 0, '2025-12-29 12:58:41', '2025-12-29 12:58:41'),
(12, 'cost', 'Cost', 'price', NULL, 'decimal', NULL, 14, 0, 0, 0, 0, 0, 1, 0, 0, 0, NULL, 0, '2025-12-29 12:58:41', '2025-12-29 12:58:41'),
(13, 'special_price', 'Special Price', 'price', NULL, 'decimal', NULL, 15, 0, 0, 0, 0, 0, 0, 0, 0, 0, NULL, 0, '2025-12-29 12:58:41', '2025-12-29 12:58:41'),
(14, 'special_price_from', 'Special Price From', 'date', NULL, NULL, NULL, 16, 0, 0, 0, 0, 0, 0, 0, 0, 1, NULL, 0, '2025-12-29 12:58:41', '2025-12-29 12:58:41'),
(15, 'special_price_to', 'Special Price To', 'date', NULL, NULL, NULL, 17, 0, 0, 0, 0, 0, 0, 0, 0, 1, NULL, 0, '2025-12-29 12:58:41', '2025-12-29 12:58:41'),
(16, 'meta_title', 'Meta Title', 'textarea', NULL, NULL, NULL, 18, 0, 0, 0, 0, 0, 0, 0, 1, 0, NULL, 0, '2025-12-29 12:58:41', '2025-12-29 12:58:41'),
(17, 'meta_keywords', 'Meta Keywords', 'textarea', NULL, NULL, NULL, 20, 0, 0, 0, 0, 0, 0, 0, 1, 0, NULL, 0, '2025-12-29 12:58:41', '2025-12-29 12:58:41'),
(18, 'meta_description', 'Meta Description', 'textarea', NULL, NULL, NULL, 21, 0, 0, 0, 0, 0, 1, 0, 1, 0, NULL, 0, '2025-12-29 12:58:41', '2025-12-29 12:58:41'),
(19, 'length', 'Length', 'text', NULL, 'decimal', NULL, 22, 0, 0, 0, 0, 0, 1, 0, 0, 0, NULL, 0, '2025-12-29 12:58:41', '2025-12-29 12:58:41'),
(20, 'width', 'Width', 'text', NULL, 'decimal', NULL, 23, 0, 0, 0, 0, 0, 1, 0, 0, 0, NULL, 0, '2025-12-29 12:58:41', '2025-12-29 12:58:41'),
(21, 'height', 'Height', 'text', NULL, 'decimal', NULL, 24, 0, 0, 0, 0, 0, 1, 0, 0, 0, NULL, 0, '2025-12-29 12:58:41', '2025-12-29 12:58:41'),
(22, 'weight', 'Weight', 'text', NULL, 'decimal', NULL, 25, 1, 0, 0, 0, 0, 0, 0, 0, 0, NULL, 0, '2025-12-29 12:58:41', '2025-12-29 12:58:41'),
(23, 'color', 'Color', 'select', NULL, NULL, NULL, 26, 0, 0, 1, 0, 1, 1, 0, 0, 0, NULL, 0, '2025-12-29 12:58:41', '2025-12-29 12:58:41'),
(24, 'size', 'Size', 'select', NULL, NULL, NULL, 27, 0, 0, 1, 0, 1, 1, 0, 0, 0, NULL, 0, '2025-12-29 12:58:41', '2025-12-29 12:58:41'),
(25, 'brand', 'Brand', 'select', NULL, NULL, NULL, 28, 0, 0, 1, 0, 0, 1, 1, 0, 0, NULL, 0, '2025-12-29 12:58:41', '2025-12-29 12:58:41'),
(26, 'guest_checkout', 'Guest Checkout', 'boolean', NULL, NULL, NULL, 8, 1, 0, 0, 0, 0, 0, 0, 0, 0, 1, 0, '2025-12-29 12:58:41', '2025-12-29 12:58:41'),
(27, 'product_number', 'Product Number', 'text', NULL, NULL, NULL, 2, 0, 1, 0, 0, 0, 0, 0, 0, 0, NULL, 0, '2025-12-29 12:58:41', '2025-12-29 12:58:41'),
(28, 'manage_stock', 'Manage Stock', 'boolean', NULL, NULL, NULL, 1, 0, 0, 0, 0, 0, 0, 0, 0, 1, 1, 0, '2025-12-29 12:58:41', '2025-12-29 12:58:41');

-- --------------------------------------------------------

--
-- Table structure for table `attribute_families`
--

CREATE TABLE `attribute_families` (
  `id` int(10) UNSIGNED NOT NULL,
  `code` varchar(255) COLLATE utf8mb4_unicode_ci NOT NULL,
  `name` varchar(255) COLLATE utf8mb4_unicode_ci NOT NULL,
  `status` tinyint(1) NOT NULL DEFAULT '0',
  `is_user_defined` tinyint(1) NOT NULL DEFAULT '1'
) ENGINE=InnoDB DEFAULT CHARSET=utf8mb4 COLLATE=utf8mb4_unicode_ci;

--
-- Dumping data for table `attribute_families`
--

INSERT INTO `attribute_families` (`id`, `code`, `name`, `status`, `is_user_defined`) VALUES
(1, 'default', 'Default', 0, 1);

-- --------------------------------------------------------

--
-- Table structure for table `attribute_groups`
--

CREATE TABLE `attribute_groups` (
  `id` int(10) UNSIGNED NOT NULL,
  `code` varchar(255) COLLATE utf8mb4_unicode_ci DEFAULT NULL,
  `attribute_family_id` int(10) UNSIGNED NOT NULL,
  `name` varchar(255) COLLATE utf8mb4_unicode_ci NOT NULL,
  `column` int(11) NOT NULL DEFAULT '1',
  `position` int(11) NOT NULL,
  `is_user_defined` tinyint(1) NOT NULL DEFAULT '1'
) ENGINE=InnoDB DEFAULT CHARSET=utf8mb4 COLLATE=utf8mb4_unicode_ci;

--
-- Dumping data for table `attribute_groups`
--

INSERT INTO `attribute_groups` (`id`, `code`, `attribute_family_id`, `name`, `column`, `position`, `is_user_defined`) VALUES
(1, 'general', 1, 'General', 1, 1, 0),
(2, 'description', 1, 'Description', 1, 2, 0),
(3, 'meta_description', 1, 'Meta Description', 1, 3, 0),
(4, 'price', 1, 'Price', 2, 1, 0),
(5, 'shipping', 1, 'Shipping', 2, 2, 0),
(6, 'settings', 1, 'Settings', 2, 3, 0),
(7, 'inventories', 1, 'Inventories', 2, 4, 0);

-- --------------------------------------------------------

--
-- Table structure for table `attribute_group_mappings`
--

CREATE TABLE `attribute_group_mappings` (
  `attribute_id` int(10) UNSIGNED NOT NULL,
  `attribute_group_id` int(10) UNSIGNED NOT NULL,
  `position` int(11) DEFAULT NULL
) ENGINE=InnoDB DEFAULT CHARSET=utf8mb4 COLLATE=utf8mb4_unicode_ci;

--
-- Dumping data for table `attribute_group_mappings`
--

INSERT INTO `attribute_group_mappings` (`attribute_id`, `attribute_group_id`, `position`) VALUES
(1, 1, 1),
(2, 1, 3),
(3, 1, 4),
(4, 1, 5),
(5, 6, 1),
(6, 6, 2),
(7, 6, 3),
(8, 6, 4),
(9, 2, 1),
(10, 2, 2),
(11, 4, 1),
(12, 4, 2),
(13, 4, 3),
(14, 4, 4),
(15, 4, 5),
(16, 3, 1),
(17, 3, 2),
(18, 3, 3),
(19, 5, 1),
(20, 5, 2),
(21, 5, 3),
(22, 5, 4),
(23, 1, 6),
(24, 1, 7),
(25, 1, 8),
(26, 6, 5),
(27, 1, 2),
(28, 7, 1);

-- --------------------------------------------------------

--
-- Table structure for table `attribute_options`
--

CREATE TABLE `attribute_options` (
  `id` int(10) UNSIGNED NOT NULL,
  `attribute_id` int(10) UNSIGNED NOT NULL,
  `admin_name` varchar(255) COLLATE utf8mb4_unicode_ci DEFAULT NULL,
  `sort_order` int(11) DEFAULT NULL,
  `swatch_value` varchar(255) COLLATE utf8mb4_unicode_ci DEFAULT NULL
) ENGINE=InnoDB DEFAULT CHARSET=utf8mb4 COLLATE=utf8mb4_unicode_ci;

--
-- Dumping data for table `attribute_options`
--

INSERT INTO `attribute_options` (`id`, `attribute_id`, `admin_name`, `sort_order`, `swatch_value`) VALUES
(1, 23, 'Red', 1, NULL),
(2, 23, 'Green', 2, NULL),
(3, 23, 'Yellow', 3, NULL),
(4, 23, 'Black', 4, NULL),
(5, 23, 'White', 5, NULL),
(6, 24, 'S', 1, NULL),
(7, 24, 'M', 2, NULL),
(8, 24, 'L', 3, NULL),
(9, 24, 'XL', 4, NULL);

-- --------------------------------------------------------

--
-- Table structure for table `attribute_option_translations`
--

CREATE TABLE `attribute_option_translations` (
  `id` int(10) UNSIGNED NOT NULL,
  `attribute_option_id` int(10) UNSIGNED NOT NULL,
  `locale` varchar(255) COLLATE utf8mb4_unicode_ci NOT NULL,
  `label` text COLLATE utf8mb4_unicode_ci
) ENGINE=InnoDB DEFAULT CHARSET=utf8mb4 COLLATE=utf8mb4_unicode_ci;

--
-- Dumping data for table `attribute_option_translations`
--

INSERT INTO `attribute_option_translations` (`id`, `attribute_option_id`, `locale`, `label`) VALUES
(19, 1, 'en', 'Red'),
(20, 2, 'en', 'Green'),
(21, 3, 'en', 'Yellow'),
(22, 4, 'en', 'Black'),
(23, 5, 'en', 'White'),
(24, 6, 'en', 'S'),
(25, 7, 'en', 'M'),
(26, 8, 'en', 'L'),
(27, 9, 'en', 'XL');

-- --------------------------------------------------------

--
-- Table structure for table `attribute_rewards`
--

CREATE TABLE `attribute_rewards` (
  `id` int(10) UNSIGNED NOT NULL,
  `reward_points` int(11) NOT NULL DEFAULT '0',
  `attribute_id` int(10) UNSIGNED DEFAULT NULL,
  `status` tinyint(4) NOT NULL DEFAULT '1',
  `end_date` date NOT NULL,
  `created_at` timestamp NULL DEFAULT NULL,
  `updated_at` timestamp NULL DEFAULT NULL
) ENGINE=InnoDB DEFAULT CHARSET=utf8mb4 COLLATE=utf8mb4_unicode_ci;

-- --------------------------------------------------------

--
-- Table structure for table `attribute_translations`
--

CREATE TABLE `attribute_translations` (
  `id` int(10) UNSIGNED NOT NULL,
  `attribute_id` int(10) UNSIGNED NOT NULL,
  `locale` varchar(255) COLLATE utf8mb4_unicode_ci NOT NULL,
  `name` text COLLATE utf8mb4_unicode_ci
) ENGINE=InnoDB DEFAULT CHARSET=utf8mb4 COLLATE=utf8mb4_unicode_ci;

--
-- Dumping data for table `attribute_translations`
--

INSERT INTO `attribute_translations` (`id`, `attribute_id`, `locale`, `name`) VALUES
(59, 1, 'en', 'SKU'),
(60, 2, 'en', 'Name'),
(61, 3, 'en', 'URL Key'),
(62, 4, 'en', 'Tax Category'),
(63, 5, 'en', 'New'),
(64, 6, 'en', 'Featured'),
(65, 7, 'en', 'Visible Individually'),
(66, 8, 'en', 'Status'),
(67, 9, 'en', 'Short Description'),
(68, 10, 'en', 'Description'),
(69, 11, 'en', 'Price'),
(70, 12, 'en', 'Cost'),
(71, 13, 'en', 'Special Price'),
(72, 14, 'en', 'Special Price From'),
(73, 15, 'en', 'Special Price To'),
(74, 16, 'en', 'Meta Title'),
(75, 17, 'en', 'Meta Keywords'),
(76, 18, 'en', 'Meta Description'),
(77, 19, 'en', 'Length'),
(78, 20, 'en', 'Width'),
(79, 21, 'en', 'Height'),
(80, 22, 'en', 'Weight'),
(81, 23, 'en', 'Color'),
(82, 24, 'en', 'Size'),
(83, 25, 'en', 'Brand'),
(84, 26, 'en', 'Guest Checkout'),
(85, 27, 'en', 'Product Number'),
(86, 28, 'en', 'Manage Stock');

-- --------------------------------------------------------

--
-- Table structure for table `blogs`
--

CREATE TABLE `blogs` (
  `id` bigint(20) UNSIGNED NOT NULL,
  `name` varchar(255) COLLATE utf8mb4_unicode_ci NOT NULL,
  `slug` varchar(255) COLLATE utf8mb4_unicode_ci NOT NULL,
  `short_description` varchar(255) COLLATE utf8mb4_unicode_ci NOT NULL,
  `description` longtext COLLATE utf8mb4_unicode_ci NOT NULL,
  `channels` bigint(20) UNSIGNED NOT NULL,
  `default_category` bigint(20) UNSIGNED NOT NULL,
  `categorys` varchar(255) COLLATE utf8mb4_unicode_ci DEFAULT NULL,
  `tags` varchar(255) COLLATE utf8mb4_unicode_ci NOT NULL,
  `author` varchar(255) COLLATE utf8mb4_unicode_ci NOT NULL,
  `author_id` bigint(20) UNSIGNED NOT NULL DEFAULT '0',
  `src` varchar(255) COLLATE utf8mb4_unicode_ci NOT NULL,
  `locale` varchar(255) COLLATE utf8mb4_unicode_ci NOT NULL,
  `status` tinyint(1) NOT NULL,
  `allow_comments` tinyint(1) NOT NULL,
  `meta_title` varchar(255) COLLATE utf8mb4_unicode_ci NOT NULL,
  `meta_description` varchar(255) COLLATE utf8mb4_unicode_ci NOT NULL,
  `meta_keywords` varchar(255) COLLATE utf8mb4_unicode_ci NOT NULL,
  `published_at` datetime NOT NULL,
  `created_at` timestamp NULL DEFAULT NULL,
  `updated_at` timestamp NULL DEFAULT NULL,
  `deleted_at` timestamp NULL DEFAULT NULL
) ENGINE=InnoDB DEFAULT CHARSET=utf8mb4 COLLATE=utf8mb4_unicode_ci;

-- --------------------------------------------------------

--
-- Table structure for table `blog_categories`
--

CREATE TABLE `blog_categories` (
  `id` bigint(20) UNSIGNED NOT NULL,
  `name` varchar(255) COLLATE utf8mb4_unicode_ci NOT NULL,
  `slug` varchar(255) COLLATE utf8mb4_unicode_ci NOT NULL,
  `description` longtext COLLATE utf8mb4_unicode_ci NOT NULL,
  `image` varchar(255) COLLATE utf8mb4_unicode_ci NOT NULL,
  `status` tinyint(1) NOT NULL,
  `parent_id` bigint(20) UNSIGNED DEFAULT '0',
  `locale` varchar(255) COLLATE utf8mb4_unicode_ci NOT NULL,
  `meta_title` varchar(255) COLLATE utf8mb4_unicode_ci NOT NULL,
  `meta_description` varchar(255) COLLATE utf8mb4_unicode_ci NOT NULL,
  `meta_keywords` varchar(255) COLLATE utf8mb4_unicode_ci NOT NULL,
  `created_at` timestamp NULL DEFAULT NULL,
  `updated_at` timestamp NULL DEFAULT NULL,
  `deleted_at` timestamp NULL DEFAULT NULL
) ENGINE=InnoDB DEFAULT CHARSET=utf8mb4 COLLATE=utf8mb4_unicode_ci;

-- --------------------------------------------------------

--
-- Table structure for table `blog_comments`
--

CREATE TABLE `blog_comments` (
  `id` bigint(20) UNSIGNED NOT NULL,
  `author` bigint(20) UNSIGNED NOT NULL,
  `post` bigint(20) UNSIGNED NOT NULL,
  `name` varchar(255) COLLATE utf8mb4_unicode_ci NOT NULL,
  `email` varchar(255) COLLATE utf8mb4_unicode_ci NOT NULL,
  `comment` varchar(255) COLLATE utf8mb4_unicode_ci NOT NULL,
  `parent_id` int(11) NOT NULL,
  `status` tinyint(1) NOT NULL,
  `created_at` timestamp NULL DEFAULT NULL,
  `updated_at` timestamp NULL DEFAULT NULL,
  `deleted_at` timestamp NULL DEFAULT NULL
) ENGINE=InnoDB DEFAULT CHARSET=utf8mb4 COLLATE=utf8mb4_unicode_ci;

-- --------------------------------------------------------

--
-- Table structure for table `blog_tags`
--

CREATE TABLE `blog_tags` (
  `id` bigint(20) UNSIGNED NOT NULL,
  `name` varchar(255) COLLATE utf8mb4_unicode_ci NOT NULL,
  `slug` varchar(255) COLLATE utf8mb4_unicode_ci NOT NULL,
  `description` varchar(255) COLLATE utf8mb4_unicode_ci NOT NULL,
  `image` varchar(255) COLLATE utf8mb4_unicode_ci NOT NULL,
  `status` tinyint(1) NOT NULL,
  `locale` varchar(255) COLLATE utf8mb4_unicode_ci NOT NULL,
  `meta_title` varchar(255) COLLATE utf8mb4_unicode_ci NOT NULL,
  `meta_description` varchar(255) COLLATE utf8mb4_unicode_ci NOT NULL,
  `meta_keywords` varchar(255) COLLATE utf8mb4_unicode_ci NOT NULL,
  `created_at` timestamp NULL DEFAULT NULL,
  `updated_at` timestamp NULL DEFAULT NULL,
  `deleted_at` timestamp NULL DEFAULT NULL
) ENGINE=InnoDB DEFAULT CHARSET=utf8mb4 COLLATE=utf8mb4_unicode_ci;

-- --------------------------------------------------------

--
-- Table structure for table `bookings`
--

CREATE TABLE `bookings` (
  `id` bigint(20) UNSIGNED NOT NULL,
  `product_id` int(10) UNSIGNED DEFAULT NULL,
  `order_item_id` int(10) UNSIGNED DEFAULT NULL,
  `order_id` int(10) UNSIGNED DEFAULT NULL,
  `qty` int(11) DEFAULT '0',
  `from` int(11) DEFAULT NULL,
  `to` int(11) DEFAULT NULL,
  `booking_product_event_ticket_id` bigint(20) UNSIGNED DEFAULT NULL,
  `created_at` timestamp NULL DEFAULT NULL,
  `updated_at` timestamp NULL DEFAULT NULL
) ENGINE=InnoDB DEFAULT CHARSET=utf8mb4 COLLATE=utf8mb4_unicode_ci;

-- --------------------------------------------------------

--
-- Table structure for table `booking_products`
--

CREATE TABLE `booking_products` (
  `id` int(10) UNSIGNED NOT NULL,
  `product_id` int(10) UNSIGNED NOT NULL,
  `type` varchar(255) COLLATE utf8mb4_unicode_ci NOT NULL,
  `qty` int(11) DEFAULT '0',
  `location` varchar(255) COLLATE utf8mb4_unicode_ci DEFAULT NULL,
  `show_location` tinyint(1) NOT NULL DEFAULT '0',
  `available_every_week` tinyint(1) DEFAULT NULL,
  `available_from` datetime DEFAULT NULL,
  `available_to` datetime DEFAULT NULL,
  `created_at` timestamp NULL DEFAULT NULL,
  `updated_at` timestamp NULL DEFAULT NULL
) ENGINE=InnoDB DEFAULT CHARSET=utf8mb4 COLLATE=utf8mb4_unicode_ci;

-- --------------------------------------------------------

--
-- Table structure for table `booking_product_appointment_slots`
--

CREATE TABLE `booking_product_appointment_slots` (
  `id` bigint(20) UNSIGNED NOT NULL,
  `booking_product_id` int(10) UNSIGNED NOT NULL,
  `duration` int(11) DEFAULT NULL,
  `break_time` int(11) DEFAULT NULL,
  `same_slot_all_days` tinyint(1) DEFAULT NULL,
  `slots` json DEFAULT NULL
) ENGINE=InnoDB DEFAULT CHARSET=utf8mb4 COLLATE=utf8mb4_unicode_ci;

-- --------------------------------------------------------

--
-- Table structure for table `booking_product_default_slots`
--

CREATE TABLE `booking_product_default_slots` (
  `id` bigint(20) UNSIGNED NOT NULL,
  `booking_product_id` int(10) UNSIGNED NOT NULL,
  `booking_type` varchar(255) COLLATE utf8mb4_unicode_ci NOT NULL,
  `duration` int(11) DEFAULT NULL,
  `break_time` int(11) DEFAULT NULL,
  `slots` json DEFAULT NULL
) ENGINE=InnoDB DEFAULT CHARSET=utf8mb4 COLLATE=utf8mb4_unicode_ci;

-- --------------------------------------------------------

--
-- Table structure for table `booking_product_event_tickets`
--

CREATE TABLE `booking_product_event_tickets` (
  `id` bigint(20) UNSIGNED NOT NULL,
  `booking_product_id` int(10) UNSIGNED NOT NULL,
  `price` decimal(12,4) DEFAULT '0.0000',
  `qty` int(11) DEFAULT '0',
  `special_price` decimal(12,4) DEFAULT NULL,
  `special_price_from` datetime DEFAULT NULL,
  `special_price_to` datetime DEFAULT NULL
) ENGINE=InnoDB DEFAULT CHARSET=utf8mb4 COLLATE=utf8mb4_unicode_ci;

-- --------------------------------------------------------

--
-- Table structure for table `booking_product_event_ticket_translations`
--

CREATE TABLE `booking_product_event_ticket_translations` (
  `id` bigint(20) UNSIGNED NOT NULL,
  `booking_product_event_ticket_id` bigint(20) UNSIGNED NOT NULL,
  `locale` varchar(255) COLLATE utf8mb4_unicode_ci NOT NULL,
  `name` text COLLATE utf8mb4_unicode_ci,
  `description` text COLLATE utf8mb4_unicode_ci
) ENGINE=InnoDB DEFAULT CHARSET=utf8mb4 COLLATE=utf8mb4_unicode_ci;

-- --------------------------------------------------------

--
-- Table structure for table `booking_product_rental_slots`
--

CREATE TABLE `booking_product_rental_slots` (
  `id` bigint(20) UNSIGNED NOT NULL,
  `booking_product_id` int(10) UNSIGNED NOT NULL,
  `renting_type` varchar(255) COLLATE utf8mb4_unicode_ci NOT NULL,
  `daily_price` decimal(12,4) DEFAULT '0.0000',
  `hourly_price` decimal(12,4) DEFAULT '0.0000',
  `same_slot_all_days` tinyint(1) DEFAULT NULL,
  `slots` json DEFAULT NULL
) ENGINE=InnoDB DEFAULT CHARSET=utf8mb4 COLLATE=utf8mb4_unicode_ci;

-- --------------------------------------------------------

--
-- Table structure for table `booking_product_table_slots`
--

CREATE TABLE `booking_product_table_slots` (
  `id` bigint(20) UNSIGNED NOT NULL,
  `booking_product_id` int(10) UNSIGNED NOT NULL,
  `price_type` varchar(255) COLLATE utf8mb4_unicode_ci NOT NULL,
  `guest_limit` int(11) NOT NULL DEFAULT '0',
  `duration` int(11) NOT NULL,
  `break_time` int(11) NOT NULL,
  `prevent_scheduling_before` int(11) NOT NULL,
  `same_slot_all_days` tinyint(1) DEFAULT NULL,
  `slots` json DEFAULT NULL,
  `created_at` timestamp NULL DEFAULT NULL,
  `updated_at` timestamp NULL DEFAULT NULL
) ENGINE=InnoDB DEFAULT CHARSET=utf8mb4 COLLATE=utf8mb4_unicode_ci;

-- --------------------------------------------------------

--
-- Table structure for table `cart`
--

CREATE TABLE `cart` (
  `id` int(10) UNSIGNED NOT NULL,
  `customer_email` varchar(255) COLLATE utf8mb4_unicode_ci DEFAULT NULL,
  `customer_first_name` varchar(255) COLLATE utf8mb4_unicode_ci DEFAULT NULL,
  `customer_last_name` varchar(255) COLLATE utf8mb4_unicode_ci DEFAULT NULL,
  `shipping_method` varchar(255) COLLATE utf8mb4_unicode_ci DEFAULT NULL,
  `coupon_code` varchar(255) COLLATE utf8mb4_unicode_ci DEFAULT NULL,
  `is_gift` tinyint(1) NOT NULL DEFAULT '0',
  `items_count` int(11) DEFAULT NULL,
  `items_qty` decimal(12,4) DEFAULT NULL,
  `exchange_rate` decimal(12,4) DEFAULT NULL,
  `global_currency_code` varchar(255) COLLATE utf8mb4_unicode_ci DEFAULT NULL,
  `base_currency_code` varchar(255) COLLATE utf8mb4_unicode_ci DEFAULT NULL,
  `channel_currency_code` varchar(255) COLLATE utf8mb4_unicode_ci DEFAULT NULL,
  `cart_currency_code` varchar(255) COLLATE utf8mb4_unicode_ci DEFAULT NULL,
  `grand_total` decimal(12,4) DEFAULT '0.0000',
  `base_grand_total` decimal(12,4) DEFAULT '0.0000',
  `sub_total` decimal(12,4) DEFAULT '0.0000',
  `base_sub_total` decimal(12,4) DEFAULT '0.0000',
  `tax_total` decimal(12,4) DEFAULT '0.0000',
  `base_tax_total` decimal(12,4) DEFAULT '0.0000',
  `discount_amount` decimal(12,4) DEFAULT '0.0000',
  `base_discount_amount` decimal(12,4) DEFAULT '0.0000',
  `shipping_amount` decimal(12,4) NOT NULL DEFAULT '0.0000',
  `base_shipping_amount` decimal(12,4) NOT NULL DEFAULT '0.0000',
  `shipping_amount_incl_tax` decimal(12,4) NOT NULL DEFAULT '0.0000',
  `base_shipping_amount_incl_tax` decimal(12,4) NOT NULL DEFAULT '0.0000',
  `sub_total_incl_tax` decimal(12,4) NOT NULL DEFAULT '0.0000',
  `base_sub_total_incl_tax` decimal(12,4) NOT NULL DEFAULT '0.0000',
  `checkout_method` varchar(255) COLLATE utf8mb4_unicode_ci DEFAULT NULL,
  `is_guest` tinyint(1) DEFAULT NULL,
  `is_active` tinyint(1) DEFAULT '1',
  `applied_cart_rule_ids` varchar(255) COLLATE utf8mb4_unicode_ci DEFAULT NULL,
  `customer_id` int(10) UNSIGNED DEFAULT NULL,
  `channel_id` int(10) UNSIGNED NOT NULL,
  `created_at` timestamp NULL DEFAULT NULL,
  `updated_at` timestamp NULL DEFAULT NULL,
  `points` int(11) DEFAULT NULL
) ENGINE=InnoDB DEFAULT CHARSET=utf8mb4 COLLATE=utf8mb4_unicode_ci;

--
-- Dumping data for table `cart`
--

INSERT INTO `cart` (`id`, `customer_email`, `customer_first_name`, `customer_last_name`, `shipping_method`, `coupon_code`, `is_gift`, `items_count`, `items_qty`, `exchange_rate`, `global_currency_code`, `base_currency_code`, `channel_currency_code`, `cart_currency_code`, `grand_total`, `base_grand_total`, `sub_total`, `base_sub_total`, `tax_total`, `base_tax_total`, `discount_amount`, `base_discount_amount`, `shipping_amount`, `base_shipping_amount`, `shipping_amount_incl_tax`, `base_shipping_amount_incl_tax`, `sub_total_incl_tax`, `base_sub_total_incl_tax`, `checkout_method`, `is_guest`, `is_active`, `applied_cart_rule_ids`, `customer_id`, `channel_id`, `created_at`, `updated_at`, `points`) VALUES
(1, 'ashrafulunisoft@gmail.com', 'Md.Ashaful', 'Momen', 'free_free', NULL, 0, 1, 1.0000, NULL, 'USD', 'USD', 'USD', 'USD', 1011.0000, 1011.0000, 1011.0000, 1011.0000, 0.0000, 0.0000, 0.0000, 0.0000, 0.0000, 0.0000, 0.0000, 0.0000, 1011.0000, 1011.0000, NULL, 0, 0, NULL, 1, 1, '2025-12-28 12:41:35', '2025-12-28 12:42:52', NULL),
(2, 'ashrafulunisoft@gmail.com', 'Md.Ashaful', 'Momen', 'free_free', NULL, 0, 1, 1.0000, NULL, 'USD', 'USD', 'USD', 'USD', 1011.0000, 1011.0000, 1011.0000, 1011.0000, 0.0000, 0.0000, 0.0000, 0.0000, 0.0000, 0.0000, 0.0000, 0.0000, 1011.0000, 1011.0000, NULL, 0, 0, NULL, 1, 1, '2025-12-28 14:59:22', '2025-12-28 14:59:47', NULL),
(3, 'ashrafulunisoft@gmail.com', 'Md.Ashaful', 'Momen', 'free_free', NULL, 0, 1, 1.0000, NULL, 'USD', 'USD', 'USD', 'USD', 1011.0000, 1011.0000, 1011.0000, 1011.0000, 0.0000, 0.0000, 0.0000, 0.0000, 0.0000, 0.0000, 0.0000, 0.0000, 1011.0000, 1011.0000, NULL, 0, 0, NULL, 1, 1, '2025-12-28 15:22:05', '2025-12-28 15:22:24', NULL),
(4, 'ashrafulunisoft@gmail.com', 'Md.Ashaful', 'Momen', 'free_free', NULL, 0, 1, 1.0000, NULL, 'USD', 'USD', 'USD', 'USD', 1011.0000, 1011.0000, 1011.0000, 1011.0000, 0.0000, 0.0000, 0.0000, 0.0000, 0.0000, 0.0000, 0.0000, 0.0000, 1011.0000, 1011.0000, NULL, 0, 0, NULL, 1, 1, '2025-12-28 17:32:21', '2025-12-28 17:32:43', NULL),
(5, 'ashrafulinstasure@gmail.com', 'Ashraful', 'Shuvo', 'free_free', NULL, 0, 1, 1.0000, NULL, 'USD', 'USD', 'USD', 'USD', 1011.0000, 1011.0000, 1011.0000, 1011.0000, 0.0000, 0.0000, 0.0000, 0.0000, 0.0000, 0.0000, 0.0000, 0.0000, 1011.0000, 1011.0000, NULL, 0, 0, NULL, 2, 1, '2025-12-28 17:49:29', '2025-12-28 17:50:29', NULL),
(6, 'ashrafulunisoft@gmail.com', 'Md.Ashaful', 'Momen', 'free_free', NULL, 0, 1, 1.0000, NULL, 'USD', 'USD', 'USD', 'USD', 1011.0000, 1011.0000, 1011.0000, 1011.0000, 0.0000, 0.0000, 0.0000, 0.0000, 0.0000, 0.0000, 0.0000, 0.0000, 1011.0000, 1011.0000, NULL, 0, 0, NULL, 1, 1, '2025-12-29 10:40:59', '2025-12-30 19:25:36', NULL),
(7, 'ashrafulinstasure@gmail.com', 'Ashraful', 'Shuvo', 'free_free', NULL, 0, 1, 1.0000, NULL, 'USD', 'USD', 'USD', 'USD', 1011.0000, 1011.0000, 1011.0000, 1011.0000, 0.0000, 0.0000, 0.0000, 0.0000, 0.0000, 0.0000, 0.0000, 0.0000, 1011.0000, 1011.0000, NULL, 0, 0, NULL, 2, 1, '2025-12-29 15:24:01', '2025-12-29 15:26:01', NULL),
(8, 'ashrafulunisoft@gmail.com', 'Shaine', 'Dickerson', 'free_free', NULL, 0, 1, 1.0000, NULL, 'USD', 'USD', 'USD', 'USD', 1011.0000, 1011.0000, 1011.0000, 1011.0000, 0.0000, 0.0000, 0.0000, 0.0000, 0.0000, 0.0000, 0.0000, 0.0000, 1011.0000, 1011.0000, NULL, 1, 0, NULL, NULL, 1, '2025-12-30 19:24:17', '2025-12-30 19:24:55', NULL),
(9, 'ashrafulunisoft@gmail.com', 'Md.Ashaful', 'Momen', 'free_free', NULL, 0, 1, 1.0000, NULL, 'USD', 'USD', 'USD', 'USD', 1011.0000, 1011.0000, 1011.0000, 1011.0000, 0.0000, 0.0000, 0.0000, 0.0000, 0.0000, 0.0000, 0.0000, 0.0000, 1011.0000, 1011.0000, NULL, 0, 0, NULL, 1, 1, '2025-12-30 21:58:31', '2025-12-30 21:58:48', NULL),
(10, 'ashrafulunisoft@gmail.com', 'Md.Ashaful', 'Momen', 'free_free', NULL, 0, 1, 1.0000, NULL, 'USD', 'USD', 'USD', 'USD', 1011.0000, 1011.0000, 1011.0000, 1011.0000, 0.0000, 0.0000, 0.0000, 0.0000, 0.0000, 0.0000, 0.0000, 0.0000, 1011.0000, 1011.0000, NULL, 0, 0, NULL, 1, 1, '2025-12-30 22:02:09', '2025-12-30 22:02:27', NULL),
(11, 'ashrafulunisoft@gmail.com', 'Md.Ashaful', 'Momen', 'free_free', NULL, 0, 1, 1.0000, NULL, 'USD', 'USD', 'USD', 'USD', 1011.0000, 1011.0000, 1011.0000, 1011.0000, 0.0000, 0.0000, 0.0000, 0.0000, 0.0000, 0.0000, 0.0000, 0.0000, 1011.0000, 1011.0000, NULL, 0, 0, NULL, 1, 1, '2025-12-30 22:49:24', '2025-12-30 22:50:23', NULL),
(12, 'ashrafulunisoft@gmail.com', 'Md.Ashaful', 'Momen', 'free_free', NULL, 0, 1, 1.0000, NULL, 'USD', 'USD', 'USD', 'USD', 1011.0000, 1011.0000, 1011.0000, 1011.0000, 0.0000, 0.0000, 0.0000, 0.0000, 0.0000, 0.0000, 0.0000, 0.0000, 1011.0000, 1011.0000, NULL, 0, 0, NULL, 1, 1, '2025-12-31 00:09:13', '2025-12-31 00:09:38', NULL),
(13, 'ashrafulunisoft@gmail.com', 'Md.Ashaful', 'Momen', NULL, NULL, 0, 1, 1.0000, NULL, 'USD', 'USD', 'USD', 'USD', 1011.0000, 1011.0000, 1011.0000, 1011.0000, 0.0000, 0.0000, 0.0000, 0.0000, 0.0000, 0.0000, 0.0000, 0.0000, 1011.0000, 1011.0000, NULL, 0, 0, NULL, 1, 1, '2025-12-31 00:10:32', '2025-12-31 00:10:32', NULL),
(14, 'ashrafulinstasure@gmail.com', 'Ashraful', 'Shuvo', 'free_free', NULL, 0, 1, 1.0000, NULL, 'USD', 'USD', 'USD', 'USD', 1011.0000, 1011.0000, 1011.0000, 1011.0000, 0.0000, 0.0000, 0.0000, 0.0000, 0.0000, 0.0000, 0.0000, 0.0000, 1011.0000, 1011.0000, NULL, 0, 0, NULL, 2, 1, '2025-12-31 10:29:31', '2025-12-31 10:30:12', NULL),
(15, 'ashrafulunisoft@gmail.com', 'Md.Ashaful', 'Momen', 'free_free', NULL, 0, 1, 1.0000, NULL, 'USD', 'USD', 'USD', 'USD', 1011.0000, 1011.0000, 1011.0000, 1011.0000, 0.0000, 0.0000, 0.0000, 0.0000, 0.0000, 0.0000, 0.0000, 0.0000, 1011.0000, 1011.0000, NULL, 0, 1, NULL, 1, 1, '2025-12-31 11:29:24', '2026-01-04 22:59:54', NULL),
(16, 'ashrafulinstasure@gmail.com', 'Ashraful', 'Shuvo', 'free_free', NULL, 0, 1, 1.0000, NULL, 'USD', 'USD', 'USD', 'USD', 1011.0000, 1011.0000, 1011.0000, 1011.0000, 0.0000, 0.0000, 0.0000, 0.0000, 0.0000, 0.0000, 0.0000, 0.0000, 1011.0000, 1011.0000, NULL, 0, 0, NULL, 2, 1, '2025-12-31 11:33:47', '2025-12-31 15:48:34', NULL),
(17, 'ashrafulinstasure@gmail.com', 'Ashraful', 'Shuvo', 'free_free', NULL, 0, 1, 1.0000, NULL, 'USD', 'USD', 'USD', 'USD', 1011.0000, 1011.0000, 1011.0000, 1011.0000, 0.0000, 0.0000, 0.0000, 0.0000, 0.0000, 0.0000, 0.0000, 0.0000, 1011.0000, 1011.0000, NULL, 0, 0, NULL, 2, 1, '2026-01-04 16:25:20', '2026-01-04 16:25:44', NULL);

-- --------------------------------------------------------

--
-- Table structure for table `cart_items`
--

CREATE TABLE `cart_items` (
  `id` int(10) UNSIGNED NOT NULL,
  `quantity` int(10) UNSIGNED NOT NULL DEFAULT '0',
  `sku` varchar(255) COLLATE utf8mb4_unicode_ci DEFAULT NULL,
  `type` varchar(255) COLLATE utf8mb4_unicode_ci DEFAULT NULL,
  `name` varchar(255) COLLATE utf8mb4_unicode_ci DEFAULT NULL,
  `coupon_code` varchar(255) COLLATE utf8mb4_unicode_ci DEFAULT NULL,
  `weight` decimal(12,4) NOT NULL DEFAULT '0.0000',
  `total_weight` decimal(12,4) NOT NULL DEFAULT '0.0000',
  `base_total_weight` decimal(12,4) NOT NULL DEFAULT '0.0000',
  `price` decimal(12,4) NOT NULL DEFAULT '1.0000',
  `base_price` decimal(12,4) NOT NULL DEFAULT '0.0000',
  `custom_price` decimal(12,4) DEFAULT NULL,
  `total` decimal(12,4) NOT NULL DEFAULT '0.0000',
  `base_total` decimal(12,4) NOT NULL DEFAULT '0.0000',
  `tax_percent` decimal(12,4) DEFAULT '0.0000',
  `tax_amount` decimal(12,4) DEFAULT '0.0000',
  `base_tax_amount` decimal(12,4) DEFAULT '0.0000',
  `discount_percent` decimal(12,4) NOT NULL DEFAULT '0.0000',
  `discount_amount` decimal(12,4) NOT NULL DEFAULT '0.0000',
  `base_discount_amount` decimal(12,4) NOT NULL DEFAULT '0.0000',
  `price_incl_tax` decimal(12,4) NOT NULL DEFAULT '0.0000',
  `base_price_incl_tax` decimal(12,4) NOT NULL DEFAULT '0.0000',
  `total_incl_tax` decimal(12,4) NOT NULL DEFAULT '0.0000',
  `base_total_incl_tax` decimal(12,4) NOT NULL DEFAULT '0.0000',
  `applied_tax_rate` varchar(255) COLLATE utf8mb4_unicode_ci DEFAULT NULL,
  `parent_id` int(10) UNSIGNED DEFAULT NULL,
  `product_id` int(10) UNSIGNED NOT NULL,
  `cart_id` int(10) UNSIGNED NOT NULL,
  `tax_category_id` int(10) UNSIGNED DEFAULT NULL,
  `applied_cart_rule_ids` varchar(255) COLLATE utf8mb4_unicode_ci DEFAULT NULL,
  `additional` json DEFAULT NULL,
  `created_at` timestamp NULL DEFAULT NULL,
  `updated_at` timestamp NULL DEFAULT NULL
) ENGINE=InnoDB DEFAULT CHARSET=utf8mb4 COLLATE=utf8mb4_unicode_ci;

--
-- Dumping data for table `cart_items`
--

INSERT INTO `cart_items` (`id`, `quantity`, `sku`, `type`, `name`, `coupon_code`, `weight`, `total_weight`, `base_total_weight`, `price`, `base_price`, `custom_price`, `total`, `base_total`, `tax_percent`, `tax_amount`, `base_tax_amount`, `discount_percent`, `discount_amount`, `base_discount_amount`, `price_incl_tax`, `base_price_incl_tax`, `total_incl_tax`, `base_total_incl_tax`, `applied_tax_rate`, `parent_id`, `product_id`, `cart_id`, `tax_category_id`, `applied_cart_rule_ids`, `additional`, `created_at`, `updated_at`) VALUES
(1, 1, '1011', 'simple', '', NULL, 1.0000, 1.0000, 1.0000, 1011.0000, 1011.0000, NULL, 1011.0000, 1011.0000, 0.0000, 0.0000, 0.0000, 0.0000, 0.0000, 0.0000, 1011.0000, 1011.0000, 1011.0000, 1011.0000, NULL, NULL, 2, 1, NULL, NULL, '{\"cart_id\": 1, \"quantity\": 1, \"is_buy_now\": \"0\", \"product_id\": \"2\"}', '2025-12-28 12:41:35', '2025-12-28 12:41:35'),
(2, 1, '1011', 'simple', '', NULL, 1.0000, 1.0000, 1.0000, 1011.0000, 1011.0000, NULL, 1011.0000, 1011.0000, 0.0000, 0.0000, 0.0000, 0.0000, 0.0000, 0.0000, 1011.0000, 1011.0000, 1011.0000, 1011.0000, NULL, NULL, 2, 2, NULL, NULL, '{\"cart_id\": 2, \"quantity\": 1, \"is_buy_now\": \"0\", \"product_id\": \"2\"}', '2025-12-28 14:59:22', '2025-12-28 14:59:22'),
(3, 1, '1011', 'simple', '', NULL, 1.0000, 1.0000, 1.0000, 1011.0000, 1011.0000, NULL, 1011.0000, 1011.0000, 0.0000, 0.0000, 0.0000, 0.0000, 0.0000, 0.0000, 1011.0000, 1011.0000, 1011.0000, 1011.0000, NULL, NULL, 2, 3, NULL, NULL, '{\"cart_id\": 3, \"quantity\": 1, \"is_buy_now\": \"0\", \"product_id\": \"2\"}', '2025-12-28 15:22:05', '2025-12-28 15:22:05'),
(4, 1, '1011', 'simple', '', NULL, 1.0000, 1.0000, 1.0000, 1011.0000, 1011.0000, NULL, 1011.0000, 1011.0000, 0.0000, 0.0000, 0.0000, 0.0000, 0.0000, 0.0000, 1011.0000, 1011.0000, 1011.0000, 1011.0000, NULL, NULL, 2, 4, NULL, NULL, '{\"cart_id\": 4, \"quantity\": 1, \"is_buy_now\": \"0\", \"product_id\": \"2\"}', '2025-12-28 17:32:21', '2025-12-28 17:32:21'),
(5, 1, '1011', 'simple', '', NULL, 1.0000, 1.0000, 1.0000, 1011.0000, 1011.0000, NULL, 1011.0000, 1011.0000, 0.0000, 0.0000, 0.0000, 0.0000, 0.0000, 0.0000, 1011.0000, 1011.0000, 1011.0000, 1011.0000, NULL, NULL, 2, 5, NULL, NULL, '{\"cart_id\": 5, \"quantity\": 1, \"is_buy_now\": \"0\", \"product_id\": \"2\"}', '2025-12-28 17:49:29', '2025-12-28 17:49:29'),
(6, 1, '1011', 'simple', '', NULL, 1.0000, 1.0000, 1.0000, 1011.0000, 1011.0000, NULL, 1011.0000, 1011.0000, 0.0000, 0.0000, 0.0000, 0.0000, 0.0000, 0.0000, 1011.0000, 1011.0000, 1011.0000, 1011.0000, NULL, NULL, 2, 6, NULL, NULL, '{\"cart_id\": 6, \"quantity\": 1, \"is_buy_now\": \"0\", \"product_id\": \"2\"}', '2025-12-29 10:40:59', '2025-12-29 10:40:59'),
(7, 1, '1011', 'simple', '', NULL, 1.0000, 1.0000, 1.0000, 1011.0000, 1011.0000, NULL, 1011.0000, 1011.0000, 0.0000, 0.0000, 0.0000, 0.0000, 0.0000, 0.0000, 1011.0000, 1011.0000, 1011.0000, 1011.0000, NULL, NULL, 2, 7, NULL, NULL, '{\"locale\": \"en\", \"cart_id\": 5, \"quantity\": 1, \"is_buy_now\": \"0\", \"product_id\": \"2\"}', '2025-12-29 15:24:01', '2025-12-29 15:24:01'),
(8, 1, '1011', 'simple', '', NULL, 1.0000, 1.0000, 1.0000, 1011.0000, 1011.0000, NULL, 1011.0000, 1011.0000, 0.0000, 0.0000, 0.0000, 0.0000, 0.0000, 0.0000, 1011.0000, 1011.0000, 1011.0000, 1011.0000, NULL, NULL, 2, 8, NULL, NULL, '{\"cart_id\": 8, \"quantity\": 1, \"is_buy_now\": \"0\", \"product_id\": \"2\"}', '2025-12-30 19:24:17', '2025-12-30 19:24:17'),
(9, 1, '1011', 'simple', '', NULL, 1.0000, 1.0000, 1.0000, 1011.0000, 1011.0000, NULL, 1011.0000, 1011.0000, 0.0000, 0.0000, 0.0000, 0.0000, 0.0000, 0.0000, 1011.0000, 1011.0000, 1011.0000, 1011.0000, NULL, NULL, 2, 9, NULL, NULL, '{\"cart_id\": 9, \"quantity\": 1, \"is_buy_now\": \"0\", \"product_id\": \"2\"}', '2025-12-30 21:58:31', '2025-12-30 21:58:31'),
(10, 1, '1011', 'simple', '', NULL, 1.0000, 1.0000, 1.0000, 1011.0000, 1011.0000, NULL, 1011.0000, 1011.0000, 0.0000, 0.0000, 0.0000, 0.0000, 0.0000, 0.0000, 1011.0000, 1011.0000, 1011.0000, 1011.0000, NULL, NULL, 2, 10, NULL, NULL, '{\"cart_id\": 10, \"quantity\": 1, \"is_buy_now\": \"0\", \"product_id\": \"2\"}', '2025-12-30 22:02:09', '2025-12-30 22:02:09'),
(11, 1, '1011', 'simple', '', NULL, 1.0000, 1.0000, 1.0000, 1011.0000, 1011.0000, NULL, 1011.0000, 1011.0000, 0.0000, 0.0000, 0.0000, 0.0000, 0.0000, 0.0000, 1011.0000, 1011.0000, 1011.0000, 1011.0000, NULL, NULL, 2, 11, NULL, NULL, '{\"cart_id\": 11, \"quantity\": 1, \"is_buy_now\": \"0\", \"product_id\": \"2\"}', '2025-12-30 22:49:24', '2025-12-30 22:49:24'),
(12, 1, '1011', 'simple', '', NULL, 1.0000, 1.0000, 1.0000, 1011.0000, 1011.0000, NULL, 1011.0000, 1011.0000, 0.0000, 0.0000, 0.0000, 0.0000, 0.0000, 0.0000, 1011.0000, 1011.0000, 1011.0000, 1011.0000, NULL, NULL, 2, 12, NULL, NULL, '{\"cart_id\": 12, \"quantity\": 1, \"is_buy_now\": \"0\", \"product_id\": \"2\"}', '2025-12-31 00:09:13', '2025-12-31 00:09:13'),
(13, 1, '1011', 'simple', '', NULL, 1.0000, 1.0000, 1.0000, 1011.0000, 1011.0000, NULL, 1011.0000, 1011.0000, 0.0000, 0.0000, 0.0000, 0.0000, 0.0000, 0.0000, 1011.0000, 1011.0000, 1011.0000, 1011.0000, NULL, NULL, 2, 13, NULL, NULL, '{\"locale\": \"en\", \"cart_id\": 12, \"quantity\": 1, \"is_buy_now\": \"0\", \"product_id\": \"2\"}', '2025-12-31 00:10:32', '2025-12-31 00:10:32'),
(14, 1, '1011', 'simple', '', NULL, 1.0000, 1.0000, 1.0000, 1011.0000, 1011.0000, NULL, 1011.0000, 1011.0000, 0.0000, 0.0000, 0.0000, 0.0000, 0.0000, 0.0000, 1011.0000, 1011.0000, 1011.0000, 1011.0000, NULL, NULL, 2, 14, NULL, NULL, '{\"cart_id\": 14, \"quantity\": 1, \"is_buy_now\": \"0\", \"product_id\": \"2\"}', '2025-12-31 10:29:31', '2025-12-31 10:29:31'),
(15, 1, '1011', 'simple', '', NULL, 1.0000, 1.0000, 1.0000, 1011.0000, 1011.0000, NULL, 1011.0000, 1011.0000, 0.0000, 0.0000, 0.0000, 0.0000, 0.0000, 0.0000, 1011.0000, 1011.0000, 1011.0000, 1011.0000, NULL, NULL, 2, 15, NULL, NULL, '{\"cart_id\": 15, \"quantity\": 1, \"is_buy_now\": \"0\", \"product_id\": \"2\"}', '2025-12-31 11:29:24', '2025-12-31 11:29:24'),
(16, 1, '1011', 'simple', '', NULL, 1.0000, 1.0000, 1.0000, 1011.0000, 1011.0000, NULL, 1011.0000, 1011.0000, 0.0000, 0.0000, 0.0000, 0.0000, 0.0000, 0.0000, 1011.0000, 1011.0000, 1011.0000, 1011.0000, NULL, NULL, 2, 16, NULL, NULL, '{\"cart_id\": 16, \"quantity\": 1, \"is_buy_now\": \"0\", \"product_id\": \"2\"}', '2025-12-31 11:33:47', '2025-12-31 15:46:53'),
(17, 1, '1011', 'simple', '', NULL, 1.0000, 1.0000, 1.0000, 1011.0000, 1011.0000, NULL, 1011.0000, 1011.0000, 0.0000, 0.0000, 0.0000, 0.0000, 0.0000, 0.0000, 1011.0000, 1011.0000, 1011.0000, 1011.0000, NULL, NULL, 2, 17, NULL, NULL, '{\"cart_id\": 17, \"quantity\": 1, \"is_buy_now\": \"0\", \"product_id\": \"2\"}', '2026-01-04 16:25:20', '2026-01-04 16:25:20');

-- --------------------------------------------------------

--
-- Table structure for table `cart_item_inventories`
--

CREATE TABLE `cart_item_inventories` (
  `id` int(10) UNSIGNED NOT NULL,
  `qty` int(10) UNSIGNED NOT NULL DEFAULT '0',
  `inventory_source_id` int(10) UNSIGNED DEFAULT NULL,
  `cart_item_id` int(10) UNSIGNED DEFAULT NULL,
  `created_at` timestamp NULL DEFAULT NULL,
  `updated_at` timestamp NULL DEFAULT NULL
) ENGINE=InnoDB DEFAULT CHARSET=utf8mb4 COLLATE=utf8mb4_unicode_ci;

-- --------------------------------------------------------

--
-- Table structure for table `cart_payment`
--

CREATE TABLE `cart_payment` (
  `id` int(10) UNSIGNED NOT NULL,
  `method` varchar(255) COLLATE utf8mb4_unicode_ci NOT NULL,
  `method_title` varchar(255) COLLATE utf8mb4_unicode_ci DEFAULT NULL,
  `cart_id` int(10) UNSIGNED DEFAULT NULL,
  `created_at` timestamp NULL DEFAULT NULL,
  `updated_at` timestamp NULL DEFAULT NULL
) ENGINE=InnoDB DEFAULT CHARSET=utf8mb4 COLLATE=utf8mb4_unicode_ci;

--
-- Dumping data for table `cart_payment`
--

INSERT INTO `cart_payment` (`id`, `method`, `method_title`, `cart_id`, `created_at`, `updated_at`) VALUES
(2, 'cashondelivery', 'Cash On Delivery', 1, '2025-12-28 12:42:44', '2025-12-28 12:42:44'),
(3, 'cashondelivery', 'Cash On Delivery', 2, '2025-12-28 14:59:40', '2025-12-28 14:59:40'),
(4, 'cashondelivery', 'Cash On Delivery', 3, '2025-12-28 15:22:17', '2025-12-28 15:22:17'),
(5, 'cashondelivery', 'Cash On Delivery', 4, '2025-12-28 17:32:36', '2025-12-28 17:32:36'),
(6, 'cashondelivery', 'Cash On Delivery', 5, '2025-12-28 17:50:11', '2025-12-28 17:50:11'),
(7, 'cashondelivery', 'Cash On Delivery', 7, '2025-12-29 15:25:55', '2025-12-29 15:25:55'),
(8, 'cashondelivery', 'Cash On Delivery', 8, '2025-12-30 19:24:47', '2025-12-30 19:24:47'),
(9, 'cashondelivery', 'Cash On Delivery', 6, '2025-12-30 19:25:30', '2025-12-30 19:25:30'),
(10, 'cashondelivery', 'Cash On Delivery', 9, '2025-12-30 21:58:41', '2025-12-30 21:58:41'),
(11, 'cashondelivery', 'Cash On Delivery', 10, '2025-12-30 22:02:21', '2025-12-30 22:02:21'),
(12, 'cashondelivery', 'Cash On Delivery', 11, '2025-12-30 22:50:16', '2025-12-30 22:50:16'),
(13, 'cashondelivery', 'Cash On Delivery', 12, '2025-12-31 00:09:31', '2025-12-31 00:09:31'),
(14, 'cashondelivery', 'Cash On Delivery', 14, '2025-12-31 10:30:04', '2025-12-31 10:30:04'),
(15, 'online_payment', 'Online Payment', 15, '2025-12-31 11:29:52', '2025-12-31 11:29:52'),
(18, 'cashondelivery', 'Cash On Delivery', 16, '2025-12-31 15:48:28', '2025-12-31 15:48:28'),
(19, 'cashondelivery', 'Cash On Delivery', 17, '2026-01-04 16:25:37', '2026-01-04 16:25:37');

-- --------------------------------------------------------

--
-- Table structure for table `cart_rewards`
--

CREATE TABLE `cart_rewards` (
  `id` int(10) UNSIGNED NOT NULL,
  `amount_from` double NOT NULL,
  `amount_to` double NOT NULL,
  `reward_points` int(11) NOT NULL DEFAULT '0',
  `start_date` date NOT NULL,
  `end_date` date NOT NULL,
  `status` tinyint(4) NOT NULL DEFAULT '1',
  `created_at` timestamp NULL DEFAULT NULL,
  `updated_at` timestamp NULL DEFAULT NULL
) ENGINE=InnoDB DEFAULT CHARSET=utf8mb4 COLLATE=utf8mb4_unicode_ci;

-- --------------------------------------------------------

--
-- Table structure for table `cart_rules`
--

CREATE TABLE `cart_rules` (
  `id` int(10) UNSIGNED NOT NULL,
  `name` varchar(255) COLLATE utf8mb4_unicode_ci DEFAULT NULL,
  `description` varchar(255) COLLATE utf8mb4_unicode_ci DEFAULT NULL,
  `starts_from` datetime DEFAULT NULL,
  `ends_till` datetime DEFAULT NULL,
  `status` tinyint(1) NOT NULL DEFAULT '0',
  `coupon_type` int(11) NOT NULL DEFAULT '1',
  `use_auto_generation` tinyint(1) NOT NULL DEFAULT '0',
  `usage_per_customer` int(11) NOT NULL DEFAULT '0',
  `uses_per_coupon` int(11) NOT NULL DEFAULT '0',
  `times_used` int(10) UNSIGNED NOT NULL DEFAULT '0',
  `condition_type` tinyint(1) NOT NULL DEFAULT '1',
  `conditions` json DEFAULT NULL,
  `end_other_rules` tinyint(1) NOT NULL DEFAULT '0',
  `uses_attribute_conditions` tinyint(1) NOT NULL DEFAULT '0',
  `action_type` varchar(255) COLLATE utf8mb4_unicode_ci DEFAULT NULL,
  `discount_amount` decimal(12,4) NOT NULL DEFAULT '0.0000',
  `discount_quantity` int(11) NOT NULL DEFAULT '1',
  `discount_step` varchar(255) COLLATE utf8mb4_unicode_ci NOT NULL DEFAULT '1',
  `apply_to_shipping` tinyint(1) NOT NULL DEFAULT '0',
  `free_shipping` tinyint(1) NOT NULL DEFAULT '0',
  `sort_order` int(10) UNSIGNED NOT NULL DEFAULT '0',
  `created_at` timestamp NULL DEFAULT NULL,
  `updated_at` timestamp NULL DEFAULT NULL
) ENGINE=InnoDB DEFAULT CHARSET=utf8mb4 COLLATE=utf8mb4_unicode_ci;

-- --------------------------------------------------------

--
-- Table structure for table `cart_rule_channels`
--

CREATE TABLE `cart_rule_channels` (
  `cart_rule_id` int(10) UNSIGNED NOT NULL,
  `channel_id` int(10) UNSIGNED NOT NULL
) ENGINE=InnoDB DEFAULT CHARSET=utf8mb4 COLLATE=utf8mb4_unicode_ci;

-- --------------------------------------------------------

--
-- Table structure for table `cart_rule_coupons`
--

CREATE TABLE `cart_rule_coupons` (
  `id` int(10) UNSIGNED NOT NULL,
  `code` varchar(255) COLLATE utf8mb4_unicode_ci DEFAULT NULL,
  `usage_limit` int(10) UNSIGNED NOT NULL DEFAULT '0',
  `usage_per_customer` int(10) UNSIGNED NOT NULL DEFAULT '0',
  `times_used` int(10) UNSIGNED NOT NULL DEFAULT '0',
  `type` int(10) UNSIGNED NOT NULL DEFAULT '0',
  `is_primary` tinyint(1) NOT NULL DEFAULT '0',
  `expired_at` date DEFAULT NULL,
  `cart_rule_id` int(10) UNSIGNED NOT NULL,
  `created_at` timestamp NULL DEFAULT NULL,
  `updated_at` timestamp NULL DEFAULT NULL
) ENGINE=InnoDB DEFAULT CHARSET=utf8mb4 COLLATE=utf8mb4_unicode_ci;

-- --------------------------------------------------------

--
-- Table structure for table `cart_rule_coupon_usage`
--

CREATE TABLE `cart_rule_coupon_usage` (
  `id` int(10) UNSIGNED NOT NULL,
  `times_used` int(11) NOT NULL DEFAULT '0',
  `cart_rule_coupon_id` int(10) UNSIGNED NOT NULL,
  `customer_id` int(10) UNSIGNED NOT NULL
) ENGINE=InnoDB DEFAULT CHARSET=utf8mb4 COLLATE=utf8mb4_unicode_ci;

-- --------------------------------------------------------

--
-- Table structure for table `cart_rule_customers`
--

CREATE TABLE `cart_rule_customers` (
  `id` int(10) UNSIGNED NOT NULL,
  `times_used` bigint(20) UNSIGNED NOT NULL DEFAULT '0',
  `customer_id` int(10) UNSIGNED NOT NULL,
  `cart_rule_id` int(10) UNSIGNED NOT NULL
) ENGINE=InnoDB DEFAULT CHARSET=utf8mb4 COLLATE=utf8mb4_unicode_ci;

-- --------------------------------------------------------

--
-- Table structure for table `cart_rule_customer_groups`
--

CREATE TABLE `cart_rule_customer_groups` (
  `cart_rule_id` int(10) UNSIGNED NOT NULL,
  `customer_group_id` int(10) UNSIGNED NOT NULL
) ENGINE=InnoDB DEFAULT CHARSET=utf8mb4 COLLATE=utf8mb4_unicode_ci;

-- --------------------------------------------------------

--
-- Table structure for table `cart_rule_translations`
--

CREATE TABLE `cart_rule_translations` (
  `id` int(10) UNSIGNED NOT NULL,
  `locale` varchar(255) COLLATE utf8mb4_unicode_ci NOT NULL,
  `label` text COLLATE utf8mb4_unicode_ci,
  `cart_rule_id` int(10) UNSIGNED NOT NULL
) ENGINE=InnoDB DEFAULT CHARSET=utf8mb4 COLLATE=utf8mb4_unicode_ci;

-- --------------------------------------------------------

--
-- Table structure for table `cart_shipping_rates`
--

CREATE TABLE `cart_shipping_rates` (
  `id` int(10) UNSIGNED NOT NULL,
  `carrier` varchar(255) COLLATE utf8mb4_unicode_ci NOT NULL,
  `carrier_title` varchar(255) COLLATE utf8mb4_unicode_ci NOT NULL,
  `method` varchar(255) COLLATE utf8mb4_unicode_ci NOT NULL,
  `method_title` varchar(255) COLLATE utf8mb4_unicode_ci NOT NULL,
  `method_description` varchar(255) COLLATE utf8mb4_unicode_ci DEFAULT NULL,
  `price` double DEFAULT '0',
  `base_price` double DEFAULT '0',
  `discount_amount` decimal(12,4) NOT NULL DEFAULT '0.0000',
  `base_discount_amount` decimal(12,4) NOT NULL DEFAULT '0.0000',
  `tax_percent` decimal(12,4) NOT NULL DEFAULT '0.0000',
  `tax_amount` decimal(12,4) NOT NULL DEFAULT '0.0000',
  `base_tax_amount` decimal(12,4) NOT NULL DEFAULT '0.0000',
  `price_incl_tax` decimal(12,4) NOT NULL DEFAULT '0.0000',
  `base_price_incl_tax` decimal(12,4) NOT NULL DEFAULT '0.0000',
  `applied_tax_rate` varchar(255) COLLATE utf8mb4_unicode_ci DEFAULT NULL,
  `is_calculate_tax` tinyint(1) NOT NULL DEFAULT '1',
  `cart_address_id` int(10) UNSIGNED DEFAULT NULL,
  `created_at` timestamp NULL DEFAULT NULL,
  `updated_at` timestamp NULL DEFAULT NULL,
  `cart_id` int(10) UNSIGNED DEFAULT NULL
) ENGINE=InnoDB DEFAULT CHARSET=utf8mb4 COLLATE=utf8mb4_unicode_ci;

--
-- Dumping data for table `cart_shipping_rates`
--

INSERT INTO `cart_shipping_rates` (`id`, `carrier`, `carrier_title`, `method`, `method_title`, `method_description`, `price`, `base_price`, `discount_amount`, `base_discount_amount`, `tax_percent`, `tax_amount`, `base_tax_amount`, `price_incl_tax`, `base_price_incl_tax`, `applied_tax_rate`, `is_calculate_tax`, `cart_address_id`, `created_at`, `updated_at`, `cart_id`) VALUES
(7, 'flatrate', 'Flat Rate', 'flatrate_flatrate', 'Flat Rate', 'Flat Rate Shipping', 10, 10, 0.0000, 0.0000, 0.0000, 0.0000, 0.0000, 10.0000, 10.0000, NULL, 1, 3, '2025-12-28 12:42:43', '2025-12-28 12:42:43', 1),
(8, 'free', 'Free Shipping', 'free_free', 'Free Shipping', 'Free Shipping', 0, 0, 0.0000, 0.0000, 0.0000, 0.0000, 0.0000, 0.0000, 0.0000, NULL, 1, 3, '2025-12-28 12:42:43', '2025-12-28 12:42:43', 1),
(11, 'flatrate', 'Flat Rate', 'flatrate_flatrate', 'Flat Rate', 'Flat Rate Shipping', 10, 10, 0.0000, 0.0000, 0.0000, 0.0000, 0.0000, 10.0000, 10.0000, NULL, 1, 7, '2025-12-28 14:59:39', '2025-12-28 14:59:39', 2),
(12, 'free', 'Free Shipping', 'free_free', 'Free Shipping', 'Free Shipping', 0, 0, 0.0000, 0.0000, 0.0000, 0.0000, 0.0000, 0.0000, 0.0000, NULL, 1, 7, '2025-12-28 14:59:39', '2025-12-28 14:59:39', 2),
(15, 'flatrate', 'Flat Rate', 'flatrate_flatrate', 'Flat Rate', 'Flat Rate Shipping', 10, 10, 0.0000, 0.0000, 0.0000, 0.0000, 0.0000, 10.0000, 10.0000, NULL, 1, 11, '2025-12-28 15:22:15', '2025-12-28 15:22:15', 3),
(16, 'free', 'Free Shipping', 'free_free', 'Free Shipping', 'Free Shipping', 0, 0, 0.0000, 0.0000, 0.0000, 0.0000, 0.0000, 0.0000, 0.0000, NULL, 1, 11, '2025-12-28 15:22:15', '2025-12-28 15:22:15', 3),
(19, 'flatrate', 'Flat Rate', 'flatrate_flatrate', 'Flat Rate', 'Flat Rate Shipping', 10, 10, 0.0000, 0.0000, 0.0000, 0.0000, 0.0000, 10.0000, 10.0000, NULL, 1, 15, '2025-12-28 17:32:35', '2025-12-28 17:32:35', 4),
(20, 'free', 'Free Shipping', 'free_free', 'Free Shipping', 'Free Shipping', 0, 0, 0.0000, 0.0000, 0.0000, 0.0000, 0.0000, 0.0000, 0.0000, NULL, 1, 15, '2025-12-28 17:32:35', '2025-12-28 17:32:35', 4),
(23, 'flatrate', 'Flat Rate', 'flatrate_flatrate', 'Flat Rate', 'Flat Rate Shipping', 10, 10, 0.0000, 0.0000, 0.0000, 0.0000, 0.0000, 10.0000, 10.0000, NULL, 1, 19, '2025-12-28 17:50:10', '2025-12-28 17:50:10', 5),
(24, 'free', 'Free Shipping', 'free_free', 'Free Shipping', 'Free Shipping', 0, 0, 0.0000, 0.0000, 0.0000, 0.0000, 0.0000, 0.0000, 0.0000, NULL, 1, 19, '2025-12-28 17:50:10', '2025-12-28 17:50:10', 5),
(27, 'flatrate', 'Flat Rate', 'flatrate_flatrate', 'Flat Rate', 'Flat Rate Shipping', 10, 10, 0.0000, 0.0000, 0.0000, 0.0000, 0.0000, 10.0000, 10.0000, NULL, 1, 23, '2025-12-29 15:25:53', '2025-12-29 15:25:53', 7),
(28, 'free', 'Free Shipping', 'free_free', 'Free Shipping', 'Free Shipping', 0, 0, 0.0000, 0.0000, 0.0000, 0.0000, 0.0000, 0.0000, 0.0000, NULL, 1, 23, '2025-12-29 15:25:53', '2025-12-29 15:25:53', 7),
(31, 'flatrate', 'Flat Rate', 'flatrate_flatrate', 'Flat Rate', 'Flat Rate Shipping', 10, 10, 0.0000, 0.0000, 0.0000, 0.0000, 0.0000, 10.0000, 10.0000, NULL, 1, 27, '2025-12-30 19:24:45', '2025-12-30 19:24:45', 8),
(32, 'free', 'Free Shipping', 'free_free', 'Free Shipping', 'Free Shipping', 0, 0, 0.0000, 0.0000, 0.0000, 0.0000, 0.0000, 0.0000, 0.0000, NULL, 1, 27, '2025-12-30 19:24:45', '2025-12-30 19:24:45', 8),
(35, 'flatrate', 'Flat Rate', 'flatrate_flatrate', 'Flat Rate', 'Flat Rate Shipping', 10, 10, 0.0000, 0.0000, 0.0000, 0.0000, 0.0000, 10.0000, 10.0000, NULL, 1, 31, '2025-12-30 19:25:29', '2025-12-30 19:25:29', 6),
(36, 'free', 'Free Shipping', 'free_free', 'Free Shipping', 'Free Shipping', 0, 0, 0.0000, 0.0000, 0.0000, 0.0000, 0.0000, 0.0000, 0.0000, NULL, 1, 31, '2025-12-30 19:25:29', '2025-12-30 19:25:29', 6),
(39, 'flatrate', 'Flat Rate', 'flatrate_flatrate', 'Flat Rate', 'Flat Rate Shipping', 10, 10, 0.0000, 0.0000, 0.0000, 0.0000, 0.0000, 10.0000, 10.0000, NULL, 1, 35, '2025-12-30 21:58:40', '2025-12-30 21:58:40', 9),
(40, 'free', 'Free Shipping', 'free_free', 'Free Shipping', 'Free Shipping', 0, 0, 0.0000, 0.0000, 0.0000, 0.0000, 0.0000, 0.0000, 0.0000, NULL, 1, 35, '2025-12-30 21:58:40', '2025-12-30 21:58:40', 9),
(43, 'flatrate', 'Flat Rate', 'flatrate_flatrate', 'Flat Rate', 'Flat Rate Shipping', 10, 10, 0.0000, 0.0000, 0.0000, 0.0000, 0.0000, 10.0000, 10.0000, NULL, 1, 39, '2025-12-30 22:02:20', '2025-12-30 22:02:20', 10),
(44, 'free', 'Free Shipping', 'free_free', 'Free Shipping', 'Free Shipping', 0, 0, 0.0000, 0.0000, 0.0000, 0.0000, 0.0000, 0.0000, 0.0000, NULL, 1, 39, '2025-12-30 22:02:20', '2025-12-30 22:02:20', 10),
(47, 'flatrate', 'Flat Rate', 'flatrate_flatrate', 'Flat Rate', 'Flat Rate Shipping', 10, 10, 0.0000, 0.0000, 0.0000, 0.0000, 0.0000, 10.0000, 10.0000, NULL, 1, 43, '2025-12-30 22:50:15', '2025-12-30 22:50:15', 11),
(48, 'free', 'Free Shipping', 'free_free', 'Free Shipping', 'Free Shipping', 0, 0, 0.0000, 0.0000, 0.0000, 0.0000, 0.0000, 0.0000, 0.0000, NULL, 1, 43, '2025-12-30 22:50:15', '2025-12-30 22:50:15', 11),
(51, 'flatrate', 'Flat Rate', 'flatrate_flatrate', 'Flat Rate', 'Flat Rate Shipping', 10, 10, 0.0000, 0.0000, 0.0000, 0.0000, 0.0000, 10.0000, 10.0000, NULL, 1, 47, '2025-12-31 00:09:30', '2025-12-31 00:09:30', 12),
(52, 'free', 'Free Shipping', 'free_free', 'Free Shipping', 'Free Shipping', 0, 0, 0.0000, 0.0000, 0.0000, 0.0000, 0.0000, 0.0000, 0.0000, NULL, 1, 47, '2025-12-31 00:09:30', '2025-12-31 00:09:30', 12),
(57, 'flatrate', 'Flat Rate', 'flatrate_flatrate', 'Flat Rate', 'Flat Rate Shipping', 10, 10, 0.0000, 0.0000, 0.0000, 0.0000, 0.0000, 10.0000, 10.0000, NULL, 1, 52, '2025-12-31 10:30:03', '2025-12-31 10:30:03', 14),
(58, 'free', 'Free Shipping', 'free_free', 'Free Shipping', 'Free Shipping', 0, 0, 0.0000, 0.0000, 0.0000, 0.0000, 0.0000, 0.0000, 0.0000, NULL, 1, 52, '2025-12-31 10:30:03', '2025-12-31 10:30:03', 14),
(61, 'flatrate', 'Flat Rate', 'flatrate_flatrate', 'Flat Rate', 'Flat Rate Shipping', 10, 10, 0.0000, 0.0000, 0.0000, 0.0000, 0.0000, 10.0000, 10.0000, NULL, 1, 56, '2025-12-31 11:29:50', '2025-12-31 11:29:50', 15),
(62, 'free', 'Free Shipping', 'free_free', 'Free Shipping', 'Free Shipping', 0, 0, 0.0000, 0.0000, 0.0000, 0.0000, 0.0000, 0.0000, 0.0000, NULL, 1, 56, '2025-12-31 11:29:50', '2025-12-31 11:29:50', 15),
(73, 'flatrate', 'Flat Rate', 'flatrate_flatrate', 'Flat Rate', 'Flat Rate Shipping', 10, 10, 0.0000, 0.0000, 0.0000, 0.0000, 0.0000, 10.0000, 10.0000, NULL, 1, 58, '2025-12-31 15:48:27', '2025-12-31 15:48:27', 16),
(74, 'free', 'Free Shipping', 'free_free', 'Free Shipping', 'Free Shipping', 0, 0, 0.0000, 0.0000, 0.0000, 0.0000, 0.0000, 0.0000, 0.0000, NULL, 1, 58, '2025-12-31 15:48:27', '2025-12-31 15:48:27', 16),
(77, 'flatrate', 'Flat Rate', 'flatrate_flatrate', 'Flat Rate', 'Flat Rate Shipping', 10, 10, 0.0000, 0.0000, 0.0000, 0.0000, 0.0000, 10.0000, 10.0000, NULL, 1, 62, '2026-01-04 16:25:35', '2026-01-04 16:25:35', 17),
(78, 'free', 'Free Shipping', 'free_free', 'Free Shipping', 'Free Shipping', 0, 0, 0.0000, 0.0000, 0.0000, 0.0000, 0.0000, 0.0000, 0.0000, NULL, 1, 62, '2026-01-04 16:25:35', '2026-01-04 16:25:35', 17);

-- --------------------------------------------------------

--
-- Table structure for table `catalog_rules`
--

CREATE TABLE `catalog_rules` (
  `id` int(10) UNSIGNED NOT NULL,
  `name` varchar(255) COLLATE utf8mb4_unicode_ci DEFAULT NULL,
  `description` varchar(255) COLLATE utf8mb4_unicode_ci DEFAULT NULL,
  `starts_from` date DEFAULT NULL,
  `ends_till` date DEFAULT NULL,
  `status` tinyint(1) NOT NULL DEFAULT '0',
  `condition_type` tinyint(1) NOT NULL DEFAULT '1',
  `conditions` json DEFAULT NULL,
  `end_other_rules` tinyint(1) NOT NULL DEFAULT '0',
  `action_type` varchar(255) COLLATE utf8mb4_unicode_ci DEFAULT NULL,
  `discount_amount` decimal(12,4) NOT NULL DEFAULT '0.0000',
  `sort_order` int(10) UNSIGNED NOT NULL DEFAULT '0',
  `created_at` timestamp NULL DEFAULT NULL,
  `updated_at` timestamp NULL DEFAULT NULL
) ENGINE=InnoDB DEFAULT CHARSET=utf8mb4 COLLATE=utf8mb4_unicode_ci;

-- --------------------------------------------------------

--
-- Table structure for table `catalog_rule_channels`
--

CREATE TABLE `catalog_rule_channels` (
  `catalog_rule_id` int(10) UNSIGNED NOT NULL,
  `channel_id` int(10) UNSIGNED NOT NULL
) ENGINE=InnoDB DEFAULT CHARSET=utf8mb4 COLLATE=utf8mb4_unicode_ci;

-- --------------------------------------------------------

--
-- Table structure for table `catalog_rule_customer_groups`
--

CREATE TABLE `catalog_rule_customer_groups` (
  `catalog_rule_id` int(10) UNSIGNED NOT NULL,
  `customer_group_id` int(10) UNSIGNED NOT NULL
) ENGINE=InnoDB DEFAULT CHARSET=utf8mb4 COLLATE=utf8mb4_unicode_ci;

-- --------------------------------------------------------

--
-- Table structure for table `catalog_rule_products`
--

CREATE TABLE `catalog_rule_products` (
  `id` int(10) UNSIGNED NOT NULL,
  `starts_from` datetime DEFAULT NULL,
  `ends_till` datetime DEFAULT NULL,
  `end_other_rules` tinyint(1) NOT NULL DEFAULT '0',
  `action_type` varchar(255) COLLATE utf8mb4_unicode_ci DEFAULT NULL,
  `discount_amount` decimal(12,4) NOT NULL DEFAULT '0.0000',
  `sort_order` int(10) UNSIGNED NOT NULL DEFAULT '0',
  `product_id` int(10) UNSIGNED NOT NULL,
  `customer_group_id` int(10) UNSIGNED NOT NULL,
  `catalog_rule_id` int(10) UNSIGNED NOT NULL,
  `channel_id` int(10) UNSIGNED NOT NULL
) ENGINE=InnoDB DEFAULT CHARSET=utf8mb4 COLLATE=utf8mb4_unicode_ci;

-- --------------------------------------------------------

--
-- Table structure for table `catalog_rule_product_prices`
--

CREATE TABLE `catalog_rule_product_prices` (
  `id` int(10) UNSIGNED NOT NULL,
  `price` decimal(12,4) NOT NULL DEFAULT '0.0000',
  `rule_date` date NOT NULL,
  `starts_from` datetime DEFAULT NULL,
  `ends_till` datetime DEFAULT NULL,
  `product_id` int(10) UNSIGNED NOT NULL,
  `customer_group_id` int(10) UNSIGNED NOT NULL,
  `catalog_rule_id` int(10) UNSIGNED NOT NULL,
  `channel_id` int(10) UNSIGNED NOT NULL
) ENGINE=InnoDB DEFAULT CHARSET=utf8mb4 COLLATE=utf8mb4_unicode_ci;

-- --------------------------------------------------------

--
-- Table structure for table `categories`
--

CREATE TABLE `categories` (
  `id` int(10) UNSIGNED NOT NULL,
  `position` int(11) NOT NULL DEFAULT '0',
  `logo_path` text COLLATE utf8mb4_unicode_ci,
  `status` tinyint(1) NOT NULL DEFAULT '0',
  `display_mode` varchar(255) COLLATE utf8mb4_unicode_ci DEFAULT 'products_and_description',
  `_lft` int(10) UNSIGNED NOT NULL DEFAULT '0',
  `_rgt` int(10) UNSIGNED NOT NULL DEFAULT '0',
  `parent_id` int(10) UNSIGNED DEFAULT NULL,
  `additional` json DEFAULT NULL,
  `banner_path` text COLLATE utf8mb4_unicode_ci,
  `created_at` timestamp NULL DEFAULT NULL,
  `updated_at` timestamp NULL DEFAULT NULL
) ENGINE=InnoDB DEFAULT CHARSET=utf8mb4 COLLATE=utf8mb4_unicode_ci;

--
-- Dumping data for table `categories`
--

INSERT INTO `categories` (`id`, `position`, `logo_path`, `status`, `display_mode`, `_lft`, `_rgt`, `parent_id`, `additional`, `banner_path`, `created_at`, `updated_at`) VALUES
(1, 1, NULL, 1, 'products_and_description', 2, 13, 2, NULL, NULL, '2025-12-29 12:58:41', '2025-12-29 13:21:06'),
(2, 1, NULL, 1, 'description_only', 1, 20, NULL, NULL, NULL, '2025-12-29 13:12:01', '2025-12-29 13:21:06'),
(3, 2, NULL, 1, 'products_and_description', 3, 4, 1, NULL, NULL, '2025-12-29 13:28:44', '2025-12-29 13:28:44'),
(4, 4, NULL, 1, 'products_and_description', 5, 6, 1, NULL, NULL, '2025-12-29 13:28:44', '2025-12-29 13:28:44'),
(5, 6, NULL, 1, 'products_and_description', 7, 8, 1, NULL, NULL, '2025-12-29 13:28:44', '2025-12-29 13:28:44'),
(6, 0, NULL, 1, 'products_and_description', 9, 10, 1, NULL, NULL, '2025-12-29 13:28:44', '2025-12-29 13:28:44'),
(7, 4, NULL, 1, 'products_and_description', 11, 12, 1, NULL, NULL, '2025-12-29 13:28:44', '2025-12-29 13:28:44'),
(8, 3, NULL, 1, 'products_and_description', 14, 15, 2, NULL, NULL, '2025-12-29 15:02:37', '2025-12-29 15:04:46'),
(9, 4, NULL, 1, 'products_and_description', 16, 17, 2, NULL, NULL, '2025-12-29 15:16:50', '2025-12-29 15:17:06'),
(10, 5, NULL, 1, 'products_and_description', 18, 19, 2, NULL, NULL, '2025-12-29 15:22:14', '2025-12-29 15:22:14');

-- --------------------------------------------------------

--
-- Table structure for table `category_filterable_attributes`
--

CREATE TABLE `category_filterable_attributes` (
  `category_id` int(10) UNSIGNED NOT NULL,
  `attribute_id` int(10) UNSIGNED NOT NULL
) ENGINE=InnoDB DEFAULT CHARSET=utf8mb4 COLLATE=utf8mb4_unicode_ci;

--
-- Dumping data for table `category_filterable_attributes`
--

INSERT INTO `category_filterable_attributes` (`category_id`, `attribute_id`) VALUES
(2, 11),
(2, 23),
(2, 24),
(2, 25),
(1, 11),
(1, 23),
(1, 24),
(1, 25),
(8, 11),
(8, 23),
(8, 24),
(8, 25),
(9, 11),
(9, 23),
(9, 24),
(9, 25),
(10, 11),
(10, 23),
(10, 24),
(10, 25);

-- --------------------------------------------------------

--
-- Table structure for table `category_rewards`
--

CREATE TABLE `category_rewards` (
  `id` int(10) UNSIGNED NOT NULL,
  `reward_points` int(11) NOT NULL DEFAULT '0',
  `start_time` varchar(255) COLLATE utf8mb4_unicode_ci NOT NULL,
  `end_time` varchar(255) COLLATE utf8mb4_unicode_ci NOT NULL,
  `status` tinyint(4) NOT NULL DEFAULT '1',
  `created_at` timestamp NULL DEFAULT NULL,
  `updated_at` timestamp NULL DEFAULT NULL,
  `category_id` int(10) UNSIGNED DEFAULT NULL
) ENGINE=InnoDB DEFAULT CHARSET=utf8mb4 COLLATE=utf8mb4_unicode_ci;

-- --------------------------------------------------------

--
-- Table structure for table `category_specific_time_rewards`
--

CREATE TABLE `category_specific_time_rewards` (
  `id` int(10) UNSIGNED NOT NULL,
  `reward_points` int(11) NOT NULL DEFAULT '0',
  `start_time` datetime NOT NULL,
  `end_time` datetime NOT NULL,
  `status` tinyint(4) NOT NULL DEFAULT '1',
  `created_at` timestamp NULL DEFAULT NULL,
  `updated_at` timestamp NULL DEFAULT NULL,
  `category_id` int(10) UNSIGNED DEFAULT NULL
) ENGINE=InnoDB DEFAULT CHARSET=utf8mb4 COLLATE=utf8mb4_unicode_ci;

-- --------------------------------------------------------

--
-- Table structure for table `category_translations`
--

CREATE TABLE `category_translations` (
  `id` int(10) UNSIGNED NOT NULL,
  `category_id` int(10) UNSIGNED NOT NULL,
  `name` text COLLATE utf8mb4_unicode_ci NOT NULL,
  `slug` varchar(255) COLLATE utf8mb4_unicode_ci NOT NULL,
  `url_path` varchar(2048) COLLATE utf8mb4_unicode_ci NOT NULL,
  `description` text COLLATE utf8mb4_unicode_ci,
  `meta_title` text COLLATE utf8mb4_unicode_ci,
  `meta_description` text COLLATE utf8mb4_unicode_ci,
  `meta_keywords` text COLLATE utf8mb4_unicode_ci,
  `locale_id` int(10) UNSIGNED DEFAULT NULL,
  `locale` varchar(255) COLLATE utf8mb4_unicode_ci NOT NULL
) ENGINE=InnoDB DEFAULT CHARSET=utf8mb4 COLLATE=utf8mb4_unicode_ci;

--
-- Dumping data for table `category_translations`
--

INSERT INTO `category_translations` (`id`, `category_id`, `name`, `slug`, `url_path`, `description`, `meta_title`, `meta_description`, `meta_keywords`, `locale_id`, `locale`) VALUES
(5, 1, 'Root', 'root', '', 'Root Category Description', '', '', '', NULL, 'en'),
(6, 2, 'Test Category', 'test-category', 'test-category', '<p>Test Category</p>', 'Test Category', 'Test Category', 'test,category', NULL, 'en'),
(7, 2, 'Test Category', 'test-category', 'test-category', 'Test Category', 'Test Category', 'Test Category', 'test,category', NULL, 'ar'),
(8, 2, 'Test Category', 'test-category', 'test-category', 'Test Category', 'Test Category', 'Test Category', 'test,category', NULL, 'bn'),
(9, 2, 'Test Category', 'test-category', 'test-category', 'Test Category', 'Test Category', 'Test Category', 'test,category', NULL, 'es'),
(10, 2, 'Test Category', 'test-category', 'test-category', 'Test Category', 'Test Category', 'Test Category', 'test,category', NULL, 'fa'),
(11, 2, 'Test Category', 'test-category', 'test-category', 'Test Category', 'Test Category', 'Test Category', 'test,category', NULL, 'fr'),
(12, 2, 'Test Category', 'test-category', 'test-category', 'Test Category', 'Test Category', 'Test Category', 'test,category', NULL, 'he'),
(13, 2, 'Test Category', 'test-category', 'test-category', 'Test Category', 'Test Category', 'Test Category', 'test,category', NULL, 'hi_IN'),
(14, 2, 'Test Category', 'test-category', 'test-category', 'Test Category', 'Test Category', 'Test Category', 'test,category', NULL, 'it'),
(15, 2, 'Test Category', 'test-category', 'test-category', 'Test Category', 'Test Category', 'Test Category', 'test,category', NULL, 'ja'),
(16, 2, 'Test Category', 'test-category', 'test-category', 'Test Category', 'Test Category', 'Test Category', 'test,category', NULL, 'nl'),
(17, 2, 'Test Category', 'test-category', 'test-category', 'Test Category', 'Test Category', 'Test Category', 'test,category', NULL, 'pl'),
(18, 2, 'Test Category', 'test-category', 'test-category', 'Test Category', 'Test Category', 'Test Category', 'test,category', NULL, 'pt_BR'),
(19, 2, 'Test Category', 'test-category', 'test-category', 'Test Category', 'Test Category', 'Test Category', 'test,category', NULL, 'ru'),
(20, 2, 'Test Category', 'test-category', 'test-category', 'Test Category', 'Test Category', 'Test Category', 'test,category', NULL, 'sin'),
(21, 2, 'Test Category', 'test-category', 'test-category', 'Test Category', 'Test Category', 'Test Category', 'test,category', NULL, 'tr'),
(22, 2, 'Test Category', 'test-category', 'test-category', 'Test Category', 'Test Category', 'Test Category', 'test,category', NULL, 'uk'),
(23, 2, 'Test Category', 'test-category', 'test-category', 'Test Category', 'Test Category', 'Test Category', 'test,category', NULL, 'zh_CN'),
(24, 3, 'Category 3', 'category-3', 'category-3', NULL, NULL, NULL, NULL, NULL, 'en'),
(25, 4, 'Category 4', 'category-4', 'category-4', NULL, NULL, NULL, NULL, NULL, 'en'),
(26, 5, 'Category 5', 'category-5', 'category-5', NULL, NULL, NULL, NULL, NULL, 'en'),
(27, 6, 'Category 6', 'category-6', 'category-6', NULL, NULL, NULL, NULL, NULL, 'en'),
(28, 7, 'Category 7', 'category-7', 'category-7', NULL, NULL, NULL, NULL, NULL, 'en'),
(29, 8, 'Test22', 'test22', '', '<p>Testing the another Category</p>', 'test2-category', '', '', 1, 'en'),
(30, 9, 'Test3', 'test3', '', '<p>Test Category3</p>', 'test3-category', '', '', 1, 'en'),
(31, 10, 'Test4', 'test4', '', '<p>Test4</p>', 'test4-category', '', '', 1, 'en');

-- --------------------------------------------------------

--
-- Table structure for table `channels`
--

CREATE TABLE `channels` (
  `id` int(10) UNSIGNED NOT NULL,
  `code` varchar(255) COLLATE utf8mb4_unicode_ci NOT NULL,
  `timezone` varchar(255) COLLATE utf8mb4_unicode_ci DEFAULT NULL,
  `theme` varchar(255) COLLATE utf8mb4_unicode_ci DEFAULT NULL,
  `hostname` varchar(255) COLLATE utf8mb4_unicode_ci DEFAULT NULL,
  `logo` varchar(255) COLLATE utf8mb4_unicode_ci DEFAULT NULL,
  `favicon` varchar(255) COLLATE utf8mb4_unicode_ci DEFAULT NULL,
  `home_seo` json DEFAULT NULL,
  `is_maintenance_on` tinyint(1) NOT NULL DEFAULT '0',
  `allowed_ips` text COLLATE utf8mb4_unicode_ci,
  `root_category_id` int(10) UNSIGNED DEFAULT NULL,
  `default_locale_id` int(10) UNSIGNED NOT NULL,
  `base_currency_id` int(10) UNSIGNED NOT NULL,
  `created_at` timestamp NULL DEFAULT NULL,
  `updated_at` timestamp NULL DEFAULT NULL
) ENGINE=InnoDB DEFAULT CHARSET=utf8mb4 COLLATE=utf8mb4_unicode_ci;

--
-- Dumping data for table `channels`
--

INSERT INTO `channels` (`id`, `code`, `timezone`, `theme`, `hostname`, `logo`, `favicon`, `home_seo`, `is_maintenance_on`, `allowed_ips`, `root_category_id`, `default_locale_id`, `base_currency_id`, `created_at`, `updated_at`) VALUES
(1, 'default', NULL, 'default', 'http://localhost/public', NULL, NULL, NULL, 0, '', 2, 1, 1, '2025-12-29 12:58:42', '2025-12-30 19:21:53');

-- --------------------------------------------------------

--
-- Table structure for table `channel_currencies`
--

CREATE TABLE `channel_currencies` (
  `channel_id` int(10) UNSIGNED NOT NULL,
  `currency_id` int(10) UNSIGNED NOT NULL
) ENGINE=InnoDB DEFAULT CHARSET=utf8mb4 COLLATE=utf8mb4_unicode_ci;

--
-- Dumping data for table `channel_currencies`
--

INSERT INTO `channel_currencies` (`channel_id`, `currency_id`) VALUES
(1, 1);

-- --------------------------------------------------------

--
-- Table structure for table `channel_inventory_sources`
--

CREATE TABLE `channel_inventory_sources` (
  `channel_id` int(10) UNSIGNED NOT NULL,
  `inventory_source_id` int(10) UNSIGNED NOT NULL
) ENGINE=InnoDB DEFAULT CHARSET=utf8mb4 COLLATE=utf8mb4_unicode_ci;

--
-- Dumping data for table `channel_inventory_sources`
--

INSERT INTO `channel_inventory_sources` (`channel_id`, `inventory_source_id`) VALUES
(1, 1);

-- --------------------------------------------------------

--
-- Table structure for table `channel_locales`
--

CREATE TABLE `channel_locales` (
  `channel_id` int(10) UNSIGNED NOT NULL,
  `locale_id` int(10) UNSIGNED NOT NULL
) ENGINE=InnoDB DEFAULT CHARSET=utf8mb4 COLLATE=utf8mb4_unicode_ci;

--
-- Dumping data for table `channel_locales`
--

INSERT INTO `channel_locales` (`channel_id`, `locale_id`) VALUES
(1, 1);

-- --------------------------------------------------------

--
-- Table structure for table `channel_translations`
--

CREATE TABLE `channel_translations` (
  `id` bigint(20) UNSIGNED NOT NULL,
  `channel_id` int(10) UNSIGNED NOT NULL,
  `locale` varchar(255) COLLATE utf8mb4_unicode_ci NOT NULL,
  `name` varchar(255) COLLATE utf8mb4_unicode_ci NOT NULL,
  `description` text COLLATE utf8mb4_unicode_ci,
  `maintenance_mode_text` text COLLATE utf8mb4_unicode_ci,
  `home_seo` json DEFAULT NULL,
  `created_at` timestamp NULL DEFAULT NULL,
  `updated_at` timestamp NULL DEFAULT NULL
) ENGINE=InnoDB DEFAULT CHARSET=utf8mb4 COLLATE=utf8mb4_unicode_ci;

--
-- Dumping data for table `channel_translations`
--

INSERT INTO `channel_translations` (`id`, `channel_id`, `locale`, `name`, `description`, `maintenance_mode_text`, `home_seo`, `created_at`, `updated_at`) VALUES
(3, 1, 'en', 'Default', '', '', '{\"meta_title\": \"Demo store\", \"meta_keywords\": \"Demo store meta keyword\", \"meta_description\": \"Demo store meta description\"}', NULL, '2025-12-30 17:42:53');

-- --------------------------------------------------------

--
-- Table structure for table `cms_pages`
--

CREATE TABLE `cms_pages` (
  `id` int(10) UNSIGNED NOT NULL,
  `layout` varchar(255) COLLATE utf8mb4_unicode_ci DEFAULT NULL,
  `created_at` timestamp NULL DEFAULT NULL,
  `updated_at` timestamp NULL DEFAULT NULL
) ENGINE=InnoDB DEFAULT CHARSET=utf8mb4 COLLATE=utf8mb4_unicode_ci;

--
-- Dumping data for table `cms_pages`
--

INSERT INTO `cms_pages` (`id`, `layout`, `created_at`, `updated_at`) VALUES
(1, NULL, '2025-12-29 12:58:42', '2025-12-29 12:58:42'),
(2, NULL, '2025-12-29 12:58:42', '2025-12-29 12:58:42'),
(3, NULL, '2025-12-29 12:58:42', '2025-12-29 12:58:42'),
(4, NULL, '2025-12-29 12:58:42', '2025-12-29 12:58:42'),
(5, NULL, '2025-12-29 12:58:42', '2025-12-29 12:58:42'),
(6, NULL, '2025-12-29 12:58:42', '2025-12-29 12:58:42'),
(7, NULL, '2025-12-29 12:58:42', '2025-12-29 12:58:42'),
(8, NULL, '2025-12-29 12:58:42', '2025-12-29 12:58:42'),
(9, NULL, '2025-12-29 12:58:42', '2025-12-29 12:58:42'),
(10, NULL, '2025-12-29 12:58:42', '2025-12-29 12:58:42');

-- --------------------------------------------------------

--
-- Table structure for table `cms_page_channels`
--

CREATE TABLE `cms_page_channels` (
  `cms_page_id` int(10) UNSIGNED NOT NULL,
  `channel_id` int(10) UNSIGNED NOT NULL
) ENGINE=InnoDB DEFAULT CHARSET=utf8mb4 COLLATE=utf8mb4_unicode_ci;

--
-- Dumping data for table `cms_page_channels`
--

INSERT INTO `cms_page_channels` (`cms_page_id`, `channel_id`) VALUES
(1, 1),
(2, 1),
(3, 1),
(4, 1),
(5, 1),
(6, 1),
(7, 1),
(8, 1),
(9, 1),
(10, 1);

-- --------------------------------------------------------

--
-- Table structure for table `cms_page_translations`
--

CREATE TABLE `cms_page_translations` (
  `id` int(10) UNSIGNED NOT NULL,
  `page_title` varchar(255) COLLATE utf8mb4_unicode_ci NOT NULL,
  `url_key` varchar(255) COLLATE utf8mb4_unicode_ci NOT NULL,
  `html_content` longtext COLLATE utf8mb4_unicode_ci,
  `meta_title` text COLLATE utf8mb4_unicode_ci,
  `meta_description` text COLLATE utf8mb4_unicode_ci,
  `meta_keywords` text COLLATE utf8mb4_unicode_ci,
  `locale` varchar(255) COLLATE utf8mb4_unicode_ci NOT NULL,
  `cms_page_id` int(10) UNSIGNED NOT NULL
) ENGINE=InnoDB DEFAULT CHARSET=utf8mb4 COLLATE=utf8mb4_unicode_ci;

--
-- Dumping data for table `cms_page_translations`
--

INSERT INTO `cms_page_translations` (`id`, `page_title`, `url_key`, `html_content`, `meta_title`, `meta_description`, `meta_keywords`, `locale`, `cms_page_id`) VALUES
(21, 'About Us', 'about-us', '<div class=\"static-container\"><div class=\"mb-5\">About Us Page Content</div></div>', 'about us', '', 'aboutus', 'en', 1),
(22, 'Return Policy', 'return-policy', '<div class=\"static-container\"><div class=\"mb-5\">Return Policy Page Content</div></div>', 'return policy', '', 'return, policy', 'en', 2),
(23, 'Refund Policy', 'refund-policy', '<div class=\"static-container\"><div class=\"mb-5\">Refund Policy Page Content</div></div>', 'Refund policy', '', 'refund, policy', 'en', 3),
(24, 'Terms & Conditions', 'terms-conditions', '<div class=\"static-container\"><div class=\"mb-5\">Terms & Conditions Page Content</div></div>', 'Terms & Conditions', '', 'term, conditions', 'en', 4),
(25, 'Terms of Use', 'terms-of-use', '<div class=\"static-container\"><div class=\"mb-5\">Terms of Use Page Content</div></div>', 'Terms of use', '', 'term, use', 'en', 5),
(26, 'Customer Service', 'customer-service', '<div class=\"static-container\"><div class=\"mb-5\">Customer Service Page Content</div></div>', 'Customer Service', '', 'customer, service', 'en', 6),
(27, 'What\'s New', 'whats-new', '<div class=\"static-container\"><div class=\"mb-5\">What\'s New page content</div></div>', 'What\'s New', '', 'new', 'en', 7),
(28, 'Payment Policy', 'payment-policy', '<div class=\"static-container\"><div class=\"mb-5\">Payment Policy Page Content</div></div>', 'Payment Policy', '', 'payment, policy', 'en', 8),
(29, 'Shipping Policy', 'shipping-policy', '<div class=\"static-container\"><div class=\"mb-5\">Shipping Policy Page Content</div></div>', 'Shipping Policy', '', 'shipping, policy', 'en', 9),
(30, 'Privacy Policy', 'privacy-policy', '<div class=\"static-container\"><div class=\"mb-5\">Privacy Policy Page Content</div></div>', 'Privacy Policy', '', 'privacy, policy', 'en', 10);

-- --------------------------------------------------------

--
-- Table structure for table `compare_items`
--

CREATE TABLE `compare_items` (
  `id` int(10) UNSIGNED NOT NULL,
  `product_id` int(10) UNSIGNED NOT NULL,
  `customer_id` int(10) UNSIGNED NOT NULL,
  `created_at` timestamp NULL DEFAULT NULL,
  `updated_at` timestamp NULL DEFAULT NULL
) ENGINE=InnoDB DEFAULT CHARSET=utf8mb4 COLLATE=utf8mb4_unicode_ci;

-- --------------------------------------------------------

--
-- Table structure for table `core_config`
--

CREATE TABLE `core_config` (
  `id` int(10) UNSIGNED NOT NULL,
  `code` varchar(255) COLLATE utf8mb4_unicode_ci NOT NULL,
  `value` text COLLATE utf8mb4_unicode_ci NOT NULL,
  `channel_code` varchar(255) COLLATE utf8mb4_unicode_ci DEFAULT NULL,
  `locale_code` varchar(255) COLLATE utf8mb4_unicode_ci DEFAULT NULL,
  `created_at` timestamp NULL DEFAULT NULL,
  `updated_at` timestamp NULL DEFAULT NULL
) ENGINE=InnoDB DEFAULT CHARSET=utf8mb4 COLLATE=utf8mb4_unicode_ci;

--
-- Dumping data for table `core_config`
--

INSERT INTO `core_config` (`id`, `code`, `value`, `channel_code`, `locale_code`, `created_at`, `updated_at`) VALUES
(1, 'sales.checkout.shopping_cart.allow_guest_checkout', '1', NULL, NULL, '2025-12-29 12:58:42', '2025-12-29 12:58:42'),
(2, 'emails.general.notifications.emails.general.notifications.registration', '1', NULL, NULL, '2025-12-29 12:58:42', '2025-12-29 12:58:42'),
(3, 'emails.general.notifications.emails.general.notifications.customer_registration_confirmation_mail_to_admin', '0', NULL, NULL, '2025-12-29 12:58:42', '2025-12-29 12:58:42'),
(4, 'emails.general.notifications.emails.general.notifications.customer_account_credentials', '1', NULL, NULL, '2025-12-29 12:58:42', '2025-12-29 12:58:42'),
(5, 'emails.general.notifications.emails.general.notifications.new_order', '1', NULL, NULL, '2025-12-29 12:58:42', '2025-12-29 12:58:42'),
(6, 'emails.general.notifications.emails.general.notifications.new_order_mail_to_admin', '1', NULL, NULL, '2025-12-29 12:58:42', '2025-12-29 12:58:42'),
(7, 'emails.general.notifications.emails.general.notifications.new_invoice', '1', NULL, NULL, '2025-12-29 12:58:42', '2025-12-29 12:58:42'),
(8, 'emails.general.notifications.emails.general.notifications.new_invoice_mail_to_admin', '0', NULL, NULL, '2025-12-29 12:58:42', '2025-12-29 12:58:42'),
(9, 'emails.general.notifications.emails.general.notifications.new_refund', '1', NULL, NULL, '2025-12-29 12:58:42', '2025-12-29 12:58:42'),
(10, 'emails.general.notifications.emails.general.notifications.new_refund_mail_to_admin', '0', NULL, NULL, '2025-12-29 12:58:42', '2025-12-29 12:58:42'),
(11, 'emails.general.notifications.emails.general.notifications.new_shipment', '1', NULL, NULL, '2025-12-29 12:58:42', '2025-12-29 12:58:42'),
(12, 'emails.general.notifications.emails.general.notifications.new_shipment_mail_to_admin', '0', NULL, NULL, '2025-12-29 12:58:42', '2025-12-29 12:58:42'),
(13, 'emails.general.notifications.emails.general.notifications.new_inventory_source', '1', NULL, NULL, '2025-12-29 12:58:42', '2025-12-29 12:58:42'),
(14, 'emails.general.notifications.emails.general.notifications.cancel_order', '1', NULL, NULL, '2025-12-29 12:58:42', '2025-12-29 12:58:42'),
(15, 'emails.general.notifications.emails.general.notifications.cancel_order_mail_to_admin', '0', NULL, NULL, '2025-12-29 12:58:42', '2025-12-29 12:58:42'),
(17, 'general.design.categories.category_view', 'sidebar', NULL, NULL, '2025-12-29 15:05:22', '2025-12-29 15:05:22'),
(18, 'customer.captcha.credentials.status', '1', 'default', NULL, '2026-01-04 22:39:50', '2026-01-04 22:39:50'),
(19, 'customer.captcha.credentials.site_key', '6Lez2T8sAAAAAHAW29OVlAh2tMgkdHPFfUslEpwh', 'default', NULL, '2026-01-04 22:39:50', '2026-01-04 22:55:57'),
(20, 'customer.captcha.credentials.secret_key', '6Lez2T8sAAAAAMmL2sqUC2lBNhB-M3nrMLt5205M', 'default', NULL, '2026-01-04 22:39:50', '2026-01-04 22:55:57');

-- --------------------------------------------------------

--
-- Table structure for table `countries`
--

CREATE TABLE `countries` (
  `id` int(10) UNSIGNED NOT NULL,
  `code` varchar(255) COLLATE utf8mb4_unicode_ci NOT NULL,
  `name` varchar(255) COLLATE utf8mb4_unicode_ci NOT NULL
) ENGINE=InnoDB DEFAULT CHARSET=utf8mb4 COLLATE=utf8mb4_unicode_ci;

--
-- Dumping data for table `countries`
--

INSERT INTO `countries` (`id`, `code`, `name`) VALUES
(1, 'AF', 'Afghanistan'),
(2, 'AX', 'land Islands'),
(3, 'AL', 'Albania'),
(4, 'DZ', 'Algeria'),
(5, 'AS', 'American Samoa'),
(6, 'AD', 'Andorra'),
(7, 'AO', 'Angola'),
(8, 'AI', 'Anguilla'),
(9, 'AQ', 'Antarctica'),
(10, 'AG', 'Antigua & Barbuda'),
(11, 'AR', 'Argentina'),
(12, 'AM', 'Armenia'),
(13, 'AW', 'Aruba'),
(14, 'AC', 'Ascension Island'),
(15, 'AU', 'Australia'),
(16, 'AT', 'Austria'),
(17, 'AZ', 'Azerbaijan'),
(18, 'BS', 'Bahamas'),
(19, 'BH', 'Bahrain'),
(20, 'BD', 'Bangladesh'),
(21, 'BB', 'Barbados'),
(22, 'BY', 'Belarus'),
(23, 'BE', 'Belgium'),
(24, 'BZ', 'Belize'),
(25, 'BJ', 'Benin'),
(26, 'BM', 'Bermuda'),
(27, 'BT', 'Bhutan'),
(28, 'BO', 'Bolivia'),
(29, 'BA', 'Bosnia & Herzegovina'),
(30, 'BW', 'Botswana'),
(31, 'BR', 'Brazil'),
(32, 'IO', 'British Indian Ocean Territory'),
(33, 'VG', 'British Virgin Islands'),
(34, 'BN', 'Brunei'),
(35, 'BG', 'Bulgaria'),
(36, 'BF', 'Burkina Faso'),
(37, 'BI', 'Burundi'),
(38, 'KH', 'Cambodia'),
(39, 'CM', 'Cameroon'),
(40, 'CA', 'Canada'),
(41, 'IC', 'Canary Islands'),
(42, 'CV', 'Cape Verde'),
(43, 'BQ', 'Caribbean Netherlands'),
(44, 'KY', 'Cayman Islands'),
(45, 'CF', 'Central African Republic'),
(46, 'EA', 'Ceuta & Melilla'),
(47, 'TD', 'Chad'),
(48, 'CL', 'Chile'),
(49, 'CN', 'China'),
(50, 'CX', 'Christmas Island'),
(51, 'CC', 'Cocos (Keeling) Islands'),
(52, 'CO', 'Colombia'),
(53, 'KM', 'Comoros'),
(54, 'CG', 'Congo - Brazzaville'),
(55, 'CD', 'Congo - Kinshasa'),
(56, 'CK', 'Cook Islands'),
(57, 'CR', 'Costa Rica'),
(58, 'CI', 'Cte dIvoire'),
(59, 'HR', 'Croatia'),
(60, 'CU', 'Cuba'),
(61, 'CW', 'Curaao'),
(62, 'CY', 'Cyprus'),
(63, 'CZ', 'Czechia'),
(64, 'DK', 'Denmark'),
(65, 'DG', 'Diego Garcia'),
(66, 'DJ', 'Djibouti'),
(67, 'DM', 'Dominica'),
(68, 'DO', 'Dominican Republic'),
(69, 'EC', 'Ecuador'),
(70, 'EG', 'Egypt'),
(71, 'SV', 'El Salvador'),
(72, 'GQ', 'Equatorial Guinea'),
(73, 'ER', 'Eritrea'),
(74, 'EE', 'Estonia'),
(75, 'ET', 'Ethiopia'),
(76, 'EZ', 'Eurozone'),
(77, 'FK', 'Falkland Islands'),
(78, 'FO', 'Faroe Islands'),
(79, 'FJ', 'Fiji'),
(80, 'FI', 'Finland'),
(81, 'FR', 'France'),
(82, 'GF', 'French Guiana'),
(83, 'PF', 'French Polynesia'),
(84, 'TF', 'French Southern Territories'),
(85, 'GA', 'Gabon'),
(86, 'GM', 'Gambia'),
(87, 'GE', 'Georgia'),
(88, 'DE', 'Germany'),
(89, 'GH', 'Ghana'),
(90, 'GI', 'Gibraltar'),
(91, 'GR', 'Greece'),
(92, 'GL', 'Greenland'),
(93, 'GD', 'Grenada'),
(94, 'GP', 'Guadeloupe'),
(95, 'GU', 'Guam'),
(96, 'GT', 'Guatemala'),
(97, 'GG', 'Guernsey'),
(98, 'GN', 'Guinea'),
(99, 'GW', 'Guinea-Bissau'),
(100, 'GY', 'Guyana'),
(101, 'HT', 'Haiti'),
(102, 'HN', 'Honduras'),
(103, 'HK', 'Hong Kong SAR China'),
(104, 'HU', 'Hungary'),
(105, 'IS', 'Iceland'),
(106, 'IN', 'India'),
(107, 'ID', 'Indonesia'),
(108, 'IR', 'Iran'),
(109, 'IQ', 'Iraq'),
(110, 'IE', 'Ireland'),
(111, 'IM', 'Isle of Man'),
(112, 'IL', 'Israel'),
(113, 'IT', 'Italy'),
(114, 'JM', 'Jamaica'),
(115, 'JP', 'Japan'),
(116, 'JE', 'Jersey'),
(117, 'JO', 'Jordan'),
(118, 'KZ', 'Kazakhstan'),
(119, 'KE', 'Kenya'),
(120, 'KI', 'Kiribati'),
(121, 'XK', 'Kosovo'),
(122, 'KW', 'Kuwait'),
(123, 'KG', 'Kyrgyzstan'),
(124, 'LA', 'Laos'),
(125, 'LV', 'Latvia'),
(126, 'LB', 'Lebanon'),
(127, 'LS', 'Lesotho'),
(128, 'LR', 'Liberia'),
(129, 'LY', 'Libya'),
(130, 'LI', 'Liechtenstein'),
(131, 'LT', 'Lithuania'),
(132, 'LU', 'Luxembourg'),
(133, 'MO', 'Macau SAR China'),
(134, 'MK', 'Macedonia'),
(135, 'MG', 'Madagascar'),
(136, 'MW', 'Malawi'),
(137, 'MY', 'Malaysia'),
(138, 'MV', 'Maldives'),
(139, 'ML', 'Mali'),
(140, 'MT', 'Malta'),
(141, 'MH', 'Marshall Islands'),
(142, 'MQ', 'Martinique'),
(143, 'MR', 'Mauritania'),
(144, 'MU', 'Mauritius'),
(145, 'YT', 'Mayotte'),
(146, 'MX', 'Mexico'),
(147, 'FM', 'Micronesia'),
(148, 'MD', 'Moldova'),
(149, 'MC', 'Monaco'),
(150, 'MN', 'Mongolia'),
(151, 'ME', 'Montenegro'),
(152, 'MS', 'Montserrat'),
(153, 'MA', 'Morocco'),
(154, 'MZ', 'Mozambique'),
(155, 'MM', 'Myanmar (Burma)'),
(156, 'NA', 'Namibia'),
(157, 'NR', 'Nauru'),
(158, 'NP', 'Nepal'),
(159, 'NL', 'Netherlands'),
(160, 'NC', 'New Caledonia'),
(161, 'NZ', 'New Zealand'),
(162, 'NI', 'Nicaragua'),
(163, 'NE', 'Niger'),
(164, 'NG', 'Nigeria'),
(165, 'NU', 'Niue'),
(166, 'NF', 'Norfolk Island'),
(167, 'KP', 'North Korea'),
(168, 'MP', 'Northern Mariana Islands'),
(169, 'NO', 'Norway'),
(170, 'OM', 'Oman'),
(171, 'PK', 'Pakistan'),
(172, 'PW', 'Palau'),
(173, 'PS', 'Palestinian Territories'),
(174, 'PA', 'Panama'),
(175, 'PG', 'Papua New Guinea'),
(176, 'PY', 'Paraguay'),
(177, 'PE', 'Peru'),
(178, 'PH', 'Philippines'),
(179, 'PN', 'Pitcairn Islands'),
(180, 'PL', 'Poland'),
(181, 'PT', 'Portugal'),
(182, 'PR', 'Puerto Rico'),
(183, 'QA', 'Qatar'),
(184, 'RE', 'Runion'),
(185, 'RO', 'Romania'),
(186, 'RU', 'Russia'),
(187, 'RW', 'Rwanda'),
(188, 'WS', 'Samoa'),
(189, 'SM', 'San Marino'),
(190, 'ST', 'So Tom & Prncipe'),
(191, 'SA', 'Saudi Arabia'),
(192, 'SN', 'Senegal'),
(193, 'RS', 'Serbia'),
(194, 'SC', 'Seychelles'),
(195, 'SL', 'Sierra Leone'),
(196, 'SG', 'Singapore'),
(197, 'SX', 'Sint Maarten'),
(198, 'SK', 'Slovakia'),
(199, 'SI', 'Slovenia'),
(200, 'SB', 'Solomon Islands'),
(201, 'SO', 'Somalia'),
(202, 'ZA', 'South Africa'),
(203, 'GS', 'South Georgia & South Sandwich Islands'),
(204, 'KR', 'South Korea'),
(205, 'SS', 'South Sudan'),
(206, 'ES', 'Spain'),
(207, 'LK', 'Sri Lanka'),
(208, 'BL', 'St. Barthlemy'),
(209, 'SH', 'St. Helena'),
(210, 'KN', 'St. Kitts & Nevis'),
(211, 'LC', 'St. Lucia'),
(212, 'MF', 'St. Martin'),
(213, 'PM', 'St. Pierre & Miquelon'),
(214, 'VC', 'St. Vincent & Grenadines'),
(215, 'SD', 'Sudan'),
(216, 'SR', 'Suriname'),
(217, 'SJ', 'Svalbard & Jan Mayen'),
(218, 'SZ', 'Swaziland'),
(219, 'SE', 'Sweden'),
(220, 'CH', 'Switzerland'),
(221, 'SY', 'Syria'),
(222, 'TW', 'Taiwan'),
(223, 'TJ', 'Tajikistan'),
(224, 'TZ', 'Tanzania'),
(225, 'TH', 'Thailand'),
(226, 'TL', 'Timor-Leste'),
(227, 'TG', 'Togo'),
(228, 'TK', 'Tokelau'),
(229, 'TO', 'Tonga'),
(230, 'TT', 'Trinidad & Tobago'),
(231, 'TA', 'Tristan da Cunha'),
(232, 'TN', 'Tunisia'),
(233, 'TR', 'Turkey'),
(234, 'TM', 'Turkmenistan'),
(235, 'TC', 'Turks & Caicos Islands'),
(236, 'TV', 'Tuvalu'),
(237, 'UM', 'U.S. Outlying Islands'),
(238, 'VI', 'U.S. Virgin Islands'),
(239, 'UG', 'Uganda'),
(240, 'UA', 'Ukraine'),
(241, 'AE', 'United Arab Emirates'),
(242, 'GB', 'United Kingdom'),
(244, 'US', 'United States'),
(245, 'UY', 'Uruguay'),
(246, 'UZ', 'Uzbekistan'),
(247, 'VU', 'Vanuatu'),
(248, 'VA', 'Vatican City'),
(249, 'VE', 'Venezuela'),
(250, 'VN', 'Vietnam'),
(251, 'WF', 'Wallis & Futuna'),
(252, 'EH', 'Western Sahara'),
(253, 'YE', 'Yemen'),
(254, 'ZM', 'Zambia'),
(255, 'ZW', 'Zimbabwe');

-- --------------------------------------------------------

--
-- Table structure for table `country_states`
--

CREATE TABLE `country_states` (
  `id` int(10) UNSIGNED NOT NULL,
  `country_id` int(10) UNSIGNED DEFAULT NULL,
  `country_code` varchar(255) COLLATE utf8mb4_unicode_ci DEFAULT NULL,
  `code` varchar(255) COLLATE utf8mb4_unicode_ci DEFAULT NULL,
  `default_name` varchar(255) COLLATE utf8mb4_unicode_ci DEFAULT NULL
) ENGINE=InnoDB DEFAULT CHARSET=utf8mb4 COLLATE=utf8mb4_unicode_ci;

--
-- Dumping data for table `country_states`
--

INSERT INTO `country_states` (`id`, `country_id`, `country_code`, `code`, `default_name`) VALUES
(1, 244, 'US', 'AL', 'Alabama'),
(2, 244, 'US', 'AK', 'Alaska'),
(3, 244, 'US', 'AS', 'American Samoa'),
(4, 244, 'US', 'AZ', 'Arizona'),
(5, 244, 'US', 'AR', 'Arkansas'),
(6, 244, 'US', 'AE', 'Armed Forces Africa'),
(7, 244, 'US', 'AA', 'Armed Forces Americas'),
(8, 244, 'US', 'AE', 'Armed Forces Canada'),
(9, 244, 'US', 'AE', 'Armed Forces Europe'),
(10, 244, 'US', 'AE', 'Armed Forces Middle East'),
(11, 244, 'US', 'AP', 'Armed Forces Pacific'),
(12, 244, 'US', 'CA', 'California'),
(13, 244, 'US', 'CO', 'Colorado'),
(14, 244, 'US', 'CT', 'Connecticut'),
(15, 244, 'US', 'DE', 'Delaware'),
(16, 244, 'US', 'DC', 'District of Columbia'),
(17, 244, 'US', 'FM', 'Federated States Of Micronesia'),
(18, 244, 'US', 'FL', 'Florida'),
(19, 244, 'US', 'GA', 'Georgia'),
(20, 244, 'US', 'GU', 'Guam'),
(21, 244, 'US', 'HI', 'Hawaii'),
(22, 244, 'US', 'ID', 'Idaho'),
(23, 244, 'US', 'IL', 'Illinois'),
(24, 244, 'US', 'IN', 'Indiana'),
(25, 244, 'US', 'IA', 'Iowa'),
(26, 244, 'US', 'KS', 'Kansas'),
(27, 244, 'US', 'KY', 'Kentucky'),
(28, 244, 'US', 'LA', 'Louisiana'),
(29, 244, 'US', 'ME', 'Maine'),
(30, 244, 'US', 'MH', 'Marshall Islands'),
(31, 244, 'US', 'MD', 'Maryland'),
(32, 244, 'US', 'MA', 'Massachusetts'),
(33, 244, 'US', 'MI', 'Michigan'),
(34, 244, 'US', 'MN', 'Minnesota'),
(35, 244, 'US', 'MS', 'Mississippi'),
(36, 244, 'US', 'MO', 'Missouri'),
(37, 244, 'US', 'MT', 'Montana'),
(38, 244, 'US', 'NE', 'Nebraska'),
(39, 244, 'US', 'NV', 'Nevada'),
(40, 244, 'US', 'NH', 'New Hampshire'),
(41, 244, 'US', 'NJ', 'New Jersey'),
(42, 244, 'US', 'NM', 'New Mexico'),
(43, 244, 'US', 'NY', 'New York'),
(44, 244, 'US', 'NC', 'North Carolina'),
(45, 244, 'US', 'ND', 'North Dakota'),
(46, 244, 'US', 'MP', 'Northern Mariana Islands'),
(47, 244, 'US', 'OH', 'Ohio'),
(48, 244, 'US', 'OK', 'Oklahoma'),
(49, 244, 'US', 'OR', 'Oregon'),
(50, 244, 'US', 'PW', 'Palau'),
(51, 244, 'US', 'PA', 'Pennsylvania'),
(52, 244, 'US', 'PR', 'Puerto Rico'),
(53, 244, 'US', 'RI', 'Rhode Island'),
(54, 244, 'US', 'SC', 'South Carolina'),
(55, 244, 'US', 'SD', 'South Dakota'),
(56, 244, 'US', 'TN', 'Tennessee'),
(57, 244, 'US', 'TX', 'Texas'),
(58, 244, 'US', 'UT', 'Utah'),
(59, 244, 'US', 'VT', 'Vermont'),
(60, 244, 'US', 'VI', 'Virgin Islands'),
(61, 244, 'US', 'VA', 'Virginia'),
(62, 244, 'US', 'WA', 'Washington'),
(63, 244, 'US', 'WV', 'West Virginia'),
(64, 244, 'US', 'WI', 'Wisconsin'),
(65, 244, 'US', 'WY', 'Wyoming'),
(66, 40, 'CA', 'AB', 'Alberta'),
(67, 40, 'CA', 'BC', 'British Columbia'),
(68, 40, 'CA', 'MB', 'Manitoba'),
(69, 40, 'CA', 'NL', 'Newfoundland and Labrador'),
(70, 40, 'CA', 'NB', 'New Brunswick'),
(71, 40, 'CA', 'NS', 'Nova Scotia'),
(72, 40, 'CA', 'NT', 'Northwest Territories'),
(73, 40, 'CA', 'NU', 'Nunavut'),
(74, 40, 'CA', 'ON', 'Ontario'),
(75, 40, 'CA', 'PE', 'Prince Edward Island'),
(76, 40, 'CA', 'QC', 'Quebec'),
(77, 40, 'CA', 'SK', 'Saskatchewan'),
(78, 40, 'CA', 'YT', 'Yukon Territory'),
(79, 88, 'DE', 'NDS', 'Niedersachsen'),
(80, 88, 'DE', 'BAW', 'Baden-Wrttemberg'),
(81, 88, 'DE', 'BAY', 'Bayern'),
(82, 88, 'DE', 'BER', 'Berlin'),
(83, 88, 'DE', 'BRG', 'Brandenburg'),
(84, 88, 'DE', 'BRE', 'Bremen'),
(85, 88, 'DE', 'HAM', 'Hamburg'),
(86, 88, 'DE', 'HES', 'Hessen'),
(87, 88, 'DE', 'MEC', 'Mecklenburg-Vorpommern'),
(88, 88, 'DE', 'NRW', 'Nordrhein-Westfalen'),
(89, 88, 'DE', 'RHE', 'Rheinland-Pfalz'),
(90, 88, 'DE', 'SAR', 'Saarland'),
(91, 88, 'DE', 'SAS', 'Sachsen'),
(92, 88, 'DE', 'SAC', 'Sachsen-Anhalt'),
(93, 88, 'DE', 'SCN', 'Schleswig-Holstein'),
(94, 88, 'DE', 'THE', 'Thringen'),
(95, 16, 'AT', 'WI', 'Wien'),
(96, 16, 'AT', 'NO', 'Niedersterreich'),
(97, 16, 'AT', 'OO', 'Obersterreich'),
(98, 16, 'AT', 'SB', 'Salzburg'),
(99, 16, 'AT', 'KN', 'Krnten'),
(100, 16, 'AT', 'ST', 'Steiermark'),
(101, 16, 'AT', 'TI', 'Tirol'),
(102, 16, 'AT', 'BL', 'Burgenland'),
(103, 16, 'AT', 'VB', 'Vorarlberg'),
(104, 220, 'CH', 'AG', 'Aargau'),
(105, 220, 'CH', 'AI', 'Appenzell Innerrhoden'),
(106, 220, 'CH', 'AR', 'Appenzell Ausserrhoden'),
(107, 220, 'CH', 'BE', 'Bern'),
(108, 220, 'CH', 'BL', 'Basel-Landschaft'),
(109, 220, 'CH', 'BS', 'Basel-Stadt'),
(110, 220, 'CH', 'FR', 'Freiburg'),
(111, 220, 'CH', 'GE', 'Genf'),
(112, 220, 'CH', 'GL', 'Glarus'),
(113, 220, 'CH', 'GR', 'Graubnden'),
(114, 220, 'CH', 'JU', 'Jura'),
(115, 220, 'CH', 'LU', 'Luzern'),
(116, 220, 'CH', 'NE', 'Neuenburg'),
(117, 220, 'CH', 'NW', 'Nidwalden'),
(118, 220, 'CH', 'OW', 'Obwalden'),
(119, 220, 'CH', 'SG', 'St. Gallen'),
(120, 220, 'CH', 'SH', 'Schaffhausen'),
(121, 220, 'CH', 'SO', 'Solothurn'),
(122, 220, 'CH', 'SZ', 'Schwyz'),
(123, 220, 'CH', 'TG', 'Thurgau'),
(124, 220, 'CH', 'TI', 'Tessin'),
(125, 220, 'CH', 'UR', 'Uri'),
(126, 220, 'CH', 'VD', 'Waadt'),
(127, 220, 'CH', 'VS', 'Wallis'),
(128, 220, 'CH', 'ZG', 'Zug'),
(129, 220, 'CH', 'ZH', 'Zrich'),
(130, 206, 'ES', 'A Corua', 'A Corua'),
(131, 206, 'ES', 'Alava', 'Alava'),
(132, 206, 'ES', 'Albacete', 'Albacete'),
(133, 206, 'ES', 'Alicante', 'Alicante'),
(134, 206, 'ES', 'Almeria', 'Almeria'),
(135, 206, 'ES', 'Asturias', 'Asturias'),
(136, 206, 'ES', 'Avila', 'Avila'),
(137, 206, 'ES', 'Badajoz', 'Badajoz'),
(138, 206, 'ES', 'Baleares', 'Baleares'),
(139, 206, 'ES', 'Barcelona', 'Barcelona'),
(140, 206, 'ES', 'Burgos', 'Burgos'),
(141, 206, 'ES', 'Caceres', 'Caceres'),
(142, 206, 'ES', 'Cadiz', 'Cadiz'),
(143, 206, 'ES', 'Cantabria', 'Cantabria'),
(144, 206, 'ES', 'Castellon', 'Castellon'),
(145, 206, 'ES', 'Ceuta', 'Ceuta'),
(146, 206, 'ES', 'Ciudad Real', 'Ciudad Real'),
(147, 206, 'ES', 'Cordoba', 'Cordoba'),
(148, 206, 'ES', 'Cuenca', 'Cuenca'),
(149, 206, 'ES', 'Girona', 'Girona'),
(150, 206, 'ES', 'Granada', 'Granada'),
(151, 206, 'ES', 'Guadalajara', 'Guadalajara'),
(152, 206, 'ES', 'Guipuzcoa', 'Guipuzcoa'),
(153, 206, 'ES', 'Huelva', 'Huelva'),
(154, 206, 'ES', 'Huesca', 'Huesca'),
(155, 206, 'ES', 'Jaen', 'Jaen'),
(156, 206, 'ES', 'La Rioja', 'La Rioja'),
(157, 206, 'ES', 'Las Palmas', 'Las Palmas'),
(158, 206, 'ES', 'Leon', 'Leon'),
(159, 206, 'ES', 'Lleida', 'Lleida'),
(160, 206, 'ES', 'Lugo', 'Lugo'),
(161, 206, 'ES', 'Madrid', 'Madrid'),
(162, 206, 'ES', 'Malaga', 'Malaga'),
(163, 206, 'ES', 'Melilla', 'Melilla'),
(164, 206, 'ES', 'Murcia', 'Murcia'),
(165, 206, 'ES', 'Navarra', 'Navarra'),
(166, 206, 'ES', 'Ourense', 'Ourense'),
(167, 206, 'ES', 'Palencia', 'Palencia'),
(168, 206, 'ES', 'Pontevedra', 'Pontevedra'),
(169, 206, 'ES', 'Salamanca', 'Salamanca'),
(170, 206, 'ES', 'Santa Cruz de Tenerife', 'Santa Cruz de Tenerife'),
(171, 206, 'ES', 'Segovia', 'Segovia'),
(172, 206, 'ES', 'Sevilla', 'Sevilla'),
(173, 206, 'ES', 'Soria', 'Soria'),
(174, 206, 'ES', 'Tarragona', 'Tarragona'),
(175, 206, 'ES', 'Teruel', 'Teruel'),
(176, 206, 'ES', 'Toledo', 'Toledo'),
(177, 206, 'ES', 'Valencia', 'Valencia'),
(178, 206, 'ES', 'Valladolid', 'Valladolid'),
(179, 206, 'ES', 'Vizcaya', 'Vizcaya'),
(180, 206, 'ES', 'Zamora', 'Zamora'),
(181, 206, 'ES', 'Zaragoza', 'Zaragoza'),
(182, 81, 'FR', '1', 'Ain'),
(183, 81, 'FR', '2', 'Aisne'),
(184, 81, 'FR', '3', 'Allier'),
(185, 81, 'FR', '4', 'Alpes-de-Haute-Provence'),
(186, 81, 'FR', '5', 'Hautes-Alpes'),
(187, 81, 'FR', '6', 'Alpes-Maritimes'),
(188, 81, 'FR', '7', 'Ardche'),
(189, 81, 'FR', '8', 'Ardennes'),
(190, 81, 'FR', '9', 'Arige'),
(191, 81, 'FR', '10', 'Aube'),
(192, 81, 'FR', '11', 'Aude'),
(193, 81, 'FR', '12', 'Aveyron'),
(194, 81, 'FR', '13', 'Bouches-du-Rhne'),
(195, 81, 'FR', '14', 'Calvados'),
(196, 81, 'FR', '15', 'Cantal'),
(197, 81, 'FR', '16', 'Charente'),
(198, 81, 'FR', '17', 'Charente-Maritime'),
(199, 81, 'FR', '18', 'Cher'),
(200, 81, 'FR', '19', 'Corrze'),
(201, 81, 'FR', '2A', 'Corse-du-Sud'),
(202, 81, 'FR', '2B', 'Haute-Corse'),
(203, 81, 'FR', '21', 'Cte-d\'Or'),
(204, 81, 'FR', '22', 'Ctes-d\'Armor'),
(205, 81, 'FR', '23', 'Creuse'),
(206, 81, 'FR', '24', 'Dordogne'),
(207, 81, 'FR', '25', 'Doubs'),
(208, 81, 'FR', '26', 'Drme'),
(209, 81, 'FR', '27', 'Eure'),
(210, 81, 'FR', '28', 'Eure-et-Loir'),
(211, 81, 'FR', '29', 'Finistre'),
(212, 81, 'FR', '30', 'Gard'),
(213, 81, 'FR', '31', 'Haute-Garonne'),
(214, 81, 'FR', '32', 'Gers'),
(215, 81, 'FR', '33', 'Gironde'),
(216, 81, 'FR', '34', 'Hrault'),
(217, 81, 'FR', '35', 'Ille-et-Vilaine'),
(218, 81, 'FR', '36', 'Indre'),
(219, 81, 'FR', '37', 'Indre-et-Loire'),
(220, 81, 'FR', '38', 'Isre'),
(221, 81, 'FR', '39', 'Jura'),
(222, 81, 'FR', '40', 'Landes'),
(223, 81, 'FR', '41', 'Loir-et-Cher'),
(224, 81, 'FR', '42', 'Loire'),
(225, 81, 'FR', '43', 'Haute-Loire'),
(226, 81, 'FR', '44', 'Loire-Atlantique'),
(227, 81, 'FR', '45', 'Loiret'),
(228, 81, 'FR', '46', 'Lot'),
(229, 81, 'FR', '47', 'Lot-et-Garonne'),
(230, 81, 'FR', '48', 'Lozre'),
(231, 81, 'FR', '49', 'Maine-et-Loire'),
(232, 81, 'FR', '50', 'Manche'),
(233, 81, 'FR', '51', 'Marne'),
(234, 81, 'FR', '52', 'Haute-Marne'),
(235, 81, 'FR', '53', 'Mayenne'),
(236, 81, 'FR', '54', 'Meurthe-et-Moselle'),
(237, 81, 'FR', '55', 'Meuse'),
(238, 81, 'FR', '56', 'Morbihan'),
(239, 81, 'FR', '57', 'Moselle'),
(240, 81, 'FR', '58', 'Nivre'),
(241, 81, 'FR', '59', 'Nord'),
(242, 81, 'FR', '60', 'Oise'),
(243, 81, 'FR', '61', 'Orne'),
(244, 81, 'FR', '62', 'Pas-de-Calais'),
(245, 81, 'FR', '63', 'Puy-de-Dme'),
(246, 81, 'FR', '64', 'Pyrnes-Atlantiques'),
(247, 81, 'FR', '65', 'Hautes-Pyrnes'),
(248, 81, 'FR', '66', 'Pyrnes-Orientales'),
(249, 81, 'FR', '67', 'Bas-Rhin'),
(250, 81, 'FR', '68', 'Haut-Rhin'),
(251, 81, 'FR', '69', 'Rhne'),
(252, 81, 'FR', '70', 'Haute-Sane'),
(253, 81, 'FR', '71', 'Sane-et-Loire'),
(254, 81, 'FR', '72', 'Sarthe'),
(255, 81, 'FR', '73', 'Savoie'),
(256, 81, 'FR', '74', 'Haute-Savoie'),
(257, 81, 'FR', '75', 'Paris'),
(258, 81, 'FR', '76', 'Seine-Maritime'),
(259, 81, 'FR', '77', 'Seine-et-Marne'),
(260, 81, 'FR', '78', 'Yvelines'),
(261, 81, 'FR', '79', 'Deux-Svres'),
(262, 81, 'FR', '80', 'Somme'),
(263, 81, 'FR', '81', 'Tarn'),
(264, 81, 'FR', '82', 'Tarn-et-Garonne'),
(265, 81, 'FR', '83', 'Var'),
(266, 81, 'FR', '84', 'Vaucluse'),
(267, 81, 'FR', '85', 'Vende'),
(268, 81, 'FR', '86', 'Vienne'),
(269, 81, 'FR', '87', 'Haute-Vienne'),
(270, 81, 'FR', '88', 'Vosges'),
(271, 81, 'FR', '89', 'Yonne'),
(272, 81, 'FR', '90', 'Territoire-de-Belfort'),
(273, 81, 'FR', '91', 'Essonne'),
(274, 81, 'FR', '92', 'Hauts-de-Seine'),
(275, 81, 'FR', '93', 'Seine-Saint-Denis'),
(276, 81, 'FR', '94', 'Val-de-Marne'),
(277, 81, 'FR', '95', 'Val-d\'Oise'),
(278, 185, 'RO', 'AB', 'Alba'),
(279, 185, 'RO', 'AR', 'Arad'),
(280, 185, 'RO', 'AG', 'Arge'),
(281, 185, 'RO', 'BC', 'Bacu'),
(282, 185, 'RO', 'BH', 'Bihor'),
(283, 185, 'RO', 'BN', 'Bistria-Nsud'),
(284, 185, 'RO', 'BT', 'Botoani'),
(285, 185, 'RO', 'BV', 'Braov'),
(286, 185, 'RO', 'BR', 'Brila'),
(287, 185, 'RO', 'B', 'Bucureti'),
(288, 185, 'RO', 'BZ', 'Buzu'),
(289, 185, 'RO', 'CS', 'Cara-Severin'),
(290, 185, 'RO', 'CL', 'Clrai'),
(291, 185, 'RO', 'CJ', 'Cluj'),
(292, 185, 'RO', 'CT', 'Constana'),
(293, 185, 'RO', 'CV', 'Covasna'),
(294, 185, 'RO', 'DB', 'Dmbovia'),
(295, 185, 'RO', 'DJ', 'Dolj'),
(296, 185, 'RO', 'GL', 'Galai'),
(297, 185, 'RO', 'GR', 'Giurgiu'),
(298, 185, 'RO', 'GJ', 'Gorj'),
(299, 185, 'RO', 'HR', 'Harghita'),
(300, 185, 'RO', 'HD', 'Hunedoara'),
(301, 185, 'RO', 'IL', 'Ialomia'),
(302, 185, 'RO', 'IS', 'Iai'),
(303, 185, 'RO', 'IF', 'Ilfov'),
(304, 185, 'RO', 'MM', 'Maramure'),
(305, 185, 'RO', 'MH', 'Mehedini'),
(306, 185, 'RO', 'MS', 'Mure'),
(307, 185, 'RO', 'NT', 'Neam'),
(308, 185, 'RO', 'OT', 'Olt'),
(309, 185, 'RO', 'PH', 'Prahova'),
(310, 185, 'RO', 'SM', 'Satu-Mare'),
(311, 185, 'RO', 'SJ', 'Slaj'),
(312, 185, 'RO', 'SB', 'Sibiu'),
(313, 185, 'RO', 'SV', 'Suceava'),
(314, 185, 'RO', 'TR', 'Teleorman'),
(315, 185, 'RO', 'TM', 'Timi'),
(316, 185, 'RO', 'TL', 'Tulcea'),
(317, 185, 'RO', 'VS', 'Vaslui'),
(318, 185, 'RO', 'VL', 'Vlcea'),
(319, 185, 'RO', 'VN', 'Vrancea'),
(320, 80, 'FI', 'Lappi', 'Lappi'),
(321, 80, 'FI', 'Pohjois-Pohjanmaa', 'Pohjois-Pohjanmaa'),
(322, 80, 'FI', 'Kainuu', 'Kainuu'),
(323, 80, 'FI', 'Pohjois-Karjala', 'Pohjois-Karjala'),
(324, 80, 'FI', 'Pohjois-Savo', 'Pohjois-Savo'),
(325, 80, 'FI', 'Etel-Savo', 'Etel-Savo'),
(326, 80, 'FI', 'Etel-Pohjanmaa', 'Etel-Pohjanmaa'),
(327, 80, 'FI', 'Pohjanmaa', 'Pohjanmaa'),
(328, 80, 'FI', 'Pirkanmaa', 'Pirkanmaa'),
(329, 80, 'FI', 'Satakunta', 'Satakunta'),
(330, 80, 'FI', 'Keski-Pohjanmaa', 'Keski-Pohjanmaa'),
(331, 80, 'FI', 'Keski-Suomi', 'Keski-Suomi'),
(332, 80, 'FI', 'Varsinais-Suomi', 'Varsinais-Suomi'),
(333, 80, 'FI', 'Etel-Karjala', 'Etel-Karjala'),
(334, 80, 'FI', 'Pijt-Hme', 'Pijt-Hme'),
(335, 80, 'FI', 'Kanta-Hme', 'Kanta-Hme'),
(336, 80, 'FI', 'Uusimaa', 'Uusimaa'),
(337, 80, 'FI', 'It-Uusimaa', 'It-Uusimaa'),
(338, 80, 'FI', 'Kymenlaakso', 'Kymenlaakso'),
(339, 80, 'FI', 'Ahvenanmaa', 'Ahvenanmaa'),
(340, 74, 'EE', 'EE-37', 'Harjumaa'),
(341, 74, 'EE', 'EE-39', 'Hiiumaa'),
(342, 74, 'EE', 'EE-44', 'Ida-Virumaa'),
(343, 74, 'EE', 'EE-49', 'Jgevamaa'),
(344, 74, 'EE', 'EE-51', 'Jrvamaa'),
(345, 74, 'EE', 'EE-57', 'Lnemaa'),
(346, 74, 'EE', 'EE-59', 'Lne-Virumaa'),
(347, 74, 'EE', 'EE-65', 'Plvamaa'),
(348, 74, 'EE', 'EE-67', 'Prnumaa'),
(349, 74, 'EE', 'EE-70', 'Raplamaa'),
(350, 74, 'EE', 'EE-74', 'Saaremaa'),
(351, 74, 'EE', 'EE-78', 'Tartumaa'),
(352, 74, 'EE', 'EE-82', 'Valgamaa'),
(353, 74, 'EE', 'EE-84', 'Viljandimaa'),
(354, 74, 'EE', 'EE-86', 'Vrumaa'),
(355, 125, 'LV', 'LV-DGV', 'Daugavpils'),
(356, 125, 'LV', 'LV-JEL', 'Jelgava'),
(357, 125, 'LV', 'Jkabpils', 'Jkabpils'),
(358, 125, 'LV', 'LV-JUR', 'Jrmala'),
(359, 125, 'LV', 'LV-LPX', 'Liepja'),
(360, 125, 'LV', 'LV-LE', 'Liepjas novads'),
(361, 125, 'LV', 'LV-REZ', 'Rzekne'),
(362, 125, 'LV', 'LV-RIX', 'Rga'),
(363, 125, 'LV', 'LV-RI', 'Rgas novads'),
(364, 125, 'LV', 'Valmiera', 'Valmiera'),
(365, 125, 'LV', 'LV-VEN', 'Ventspils'),
(366, 125, 'LV', 'Aglonas novads', 'Aglonas novads'),
(367, 125, 'LV', 'LV-AI', 'Aizkraukles novads'),
(368, 125, 'LV', 'Aizputes novads', 'Aizputes novads'),
(369, 125, 'LV', 'Aknstes novads', 'Aknstes novads'),
(370, 125, 'LV', 'Alojas novads', 'Alojas novads'),
(371, 125, 'LV', 'Alsungas novads', 'Alsungas novads'),
(372, 125, 'LV', 'LV-AL', 'Alksnes novads'),
(373, 125, 'LV', 'Amatas novads', 'Amatas novads'),
(374, 125, 'LV', 'Apes novads', 'Apes novads'),
(375, 125, 'LV', 'Auces novads', 'Auces novads'),
(376, 125, 'LV', 'Babtes novads', 'Babtes novads'),
(377, 125, 'LV', 'Baldones novads', 'Baldones novads'),
(378, 125, 'LV', 'Baltinavas novads', 'Baltinavas novads'),
(379, 125, 'LV', 'LV-BL', 'Balvu novads'),
(380, 125, 'LV', 'LV-BU', 'Bauskas novads'),
(381, 125, 'LV', 'Bevernas novads', 'Bevernas novads'),
(382, 125, 'LV', 'Brocnu novads', 'Brocnu novads'),
(383, 125, 'LV', 'Burtnieku novads', 'Burtnieku novads'),
(384, 125, 'LV', 'Carnikavas novads', 'Carnikavas novads'),
(385, 125, 'LV', 'Cesvaines novads', 'Cesvaines novads'),
(386, 125, 'LV', 'Ciblas novads', 'Ciblas novads'),
(387, 125, 'LV', 'LV-CE', 'Csu novads'),
(388, 125, 'LV', 'Dagdas novads', 'Dagdas novads'),
(389, 125, 'LV', 'LV-DA', 'Daugavpils novads'),
(390, 125, 'LV', 'LV-DO', 'Dobeles novads'),
(391, 125, 'LV', 'Dundagas novads', 'Dundagas novads'),
(392, 125, 'LV', 'Durbes novads', 'Durbes novads'),
(393, 125, 'LV', 'Engures novads', 'Engures novads'),
(394, 125, 'LV', 'Garkalnes novads', 'Garkalnes novads'),
(395, 125, 'LV', 'Grobias novads', 'Grobias novads'),
(396, 125, 'LV', 'LV-GU', 'Gulbenes novads'),
(397, 125, 'LV', 'Iecavas novads', 'Iecavas novads'),
(398, 125, 'LV', 'Ikiles novads', 'Ikiles novads'),
(399, 125, 'LV', 'Ilkstes novads', 'Ilkstes novads'),
(400, 125, 'LV', 'Inukalna novads', 'Inukalna novads'),
(401, 125, 'LV', 'Jaunjelgavas novads', 'Jaunjelgavas novads'),
(402, 125, 'LV', 'Jaunpiebalgas novads', 'Jaunpiebalgas novads'),
(403, 125, 'LV', 'Jaunpils novads', 'Jaunpils novads'),
(404, 125, 'LV', 'LV-JL', 'Jelgavas novads'),
(405, 125, 'LV', 'LV-JK', 'Jkabpils novads'),
(406, 125, 'LV', 'Kandavas novads', 'Kandavas novads'),
(407, 125, 'LV', 'Kokneses novads', 'Kokneses novads'),
(408, 125, 'LV', 'Krimuldas novads', 'Krimuldas novads'),
(409, 125, 'LV', 'Krustpils novads', 'Krustpils novads'),
(410, 125, 'LV', 'LV-KR', 'Krslavas novads'),
(411, 125, 'LV', 'LV-KU', 'Kuldgas novads'),
(412, 125, 'LV', 'Krsavas novads', 'Krsavas novads'),
(413, 125, 'LV', 'Lielvrdes novads', 'Lielvrdes novads'),
(414, 125, 'LV', 'LV-LM', 'Limbau novads'),
(415, 125, 'LV', 'Lubnas novads', 'Lubnas novads'),
(416, 125, 'LV', 'LV-LU', 'Ludzas novads'),
(417, 125, 'LV', 'Lgatnes novads', 'Lgatnes novads'),
(418, 125, 'LV', 'Lvnu novads', 'Lvnu novads'),
(419, 125, 'LV', 'LV-MA', 'Madonas novads'),
(420, 125, 'LV', 'Mazsalacas novads', 'Mazsalacas novads'),
(421, 125, 'LV', 'Mlpils novads', 'Mlpils novads'),
(422, 125, 'LV', 'Mrupes novads', 'Mrupes novads'),
(423, 125, 'LV', 'Nauknu novads', 'Nauknu novads'),
(424, 125, 'LV', 'Neretas novads', 'Neretas novads'),
(425, 125, 'LV', 'Ncas novads', 'Ncas novads'),
(426, 125, 'LV', 'LV-OG', 'Ogres novads'),
(427, 125, 'LV', 'Olaines novads', 'Olaines novads'),
(428, 125, 'LV', 'Ozolnieku novads', 'Ozolnieku novads'),
(429, 125, 'LV', 'LV-PR', 'Preiu novads'),
(430, 125, 'LV', 'Priekules novads', 'Priekules novads'),
(431, 125, 'LV', 'Priekuu novads', 'Priekuu novads'),
(432, 125, 'LV', 'Prgaujas novads', 'Prgaujas novads'),
(433, 125, 'LV', 'Pvilostas novads', 'Pvilostas novads'),
(434, 125, 'LV', 'Paviu novads', 'Paviu novads'),
(435, 125, 'LV', 'Raunas novads', 'Raunas novads'),
(436, 125, 'LV', 'Riebiu novads', 'Riebiu novads'),
(437, 125, 'LV', 'Rojas novads', 'Rojas novads'),
(438, 125, 'LV', 'Ropau novads', 'Ropau novads'),
(439, 125, 'LV', 'Rucavas novads', 'Rucavas novads'),
(440, 125, 'LV', 'Rugju novads', 'Rugju novads'),
(441, 125, 'LV', 'Rundles novads', 'Rundles novads'),
(442, 125, 'LV', 'LV-RE', 'Rzeknes novads'),
(443, 125, 'LV', 'Rjienas novads', 'Rjienas novads'),
(444, 125, 'LV', 'Salacgrvas novads', 'Salacgrvas novads'),
(445, 125, 'LV', 'Salas novads', 'Salas novads'),
(446, 125, 'LV', 'Salaspils novads', 'Salaspils novads'),
(447, 125, 'LV', 'LV-SA', 'Saldus novads'),
(448, 125, 'LV', 'Saulkrastu novads', 'Saulkrastu novads'),
(449, 125, 'LV', 'Siguldas novads', 'Siguldas novads'),
(450, 125, 'LV', 'Skrundas novads', 'Skrundas novads'),
(451, 125, 'LV', 'Skrveru novads', 'Skrveru novads'),
(452, 125, 'LV', 'Smiltenes novads', 'Smiltenes novads'),
(453, 125, 'LV', 'Stopiu novads', 'Stopiu novads'),
(454, 125, 'LV', 'Strenu novads', 'Strenu novads'),
(455, 125, 'LV', 'Sjas novads', 'Sjas novads'),
(456, 125, 'LV', 'LV-TA', 'Talsu novads'),
(457, 125, 'LV', 'LV-TU', 'Tukuma novads'),
(458, 125, 'LV', 'Trvetes novads', 'Trvetes novads'),
(459, 125, 'LV', 'Vaiodes novads', 'Vaiodes novads'),
(460, 125, 'LV', 'LV-VK', 'Valkas novads'),
(461, 125, 'LV', 'LV-VM', 'Valmieras novads'),
(462, 125, 'LV', 'Varaknu novads', 'Varaknu novads'),
(463, 125, 'LV', 'Vecpiebalgas novads', 'Vecpiebalgas novads'),
(464, 125, 'LV', 'Vecumnieku novads', 'Vecumnieku novads'),
(465, 125, 'LV', 'LV-VE', 'Ventspils novads'),
(466, 125, 'LV', 'Viestes novads', 'Viestes novads'),
(467, 125, 'LV', 'Viakas novads', 'Viakas novads'),
(468, 125, 'LV', 'Vinu novads', 'Vinu novads'),
(469, 125, 'LV', 'Vrkavas novads', 'Vrkavas novads'),
(470, 125, 'LV', 'Zilupes novads', 'Zilupes novads'),
(471, 125, 'LV', 'dau novads', 'dau novads'),
(472, 125, 'LV', 'rgu novads', 'rgu novads'),
(473, 125, 'LV', 'eguma novads', 'eguma novads'),
(474, 125, 'LV', 'ekavas novads', 'ekavas novads'),
(475, 131, 'LT', 'LT-AL', 'Alytaus Apskritis'),
(476, 131, 'LT', 'LT-KU', 'Kauno Apskritis'),
(477, 131, 'LT', 'LT-KL', 'Klaipdos Apskritis'),
(478, 131, 'LT', 'LT-MR', 'Marijampols Apskritis'),
(479, 131, 'LT', 'LT-PN', 'Panevio Apskritis'),
(480, 131, 'LT', 'LT-SA', 'iauli Apskritis'),
(481, 131, 'LT', 'LT-TA', 'Taurags Apskritis'),
(482, 131, 'LT', 'LT-TE', 'Teli Apskritis'),
(483, 131, 'LT', 'LT-UT', 'Utenos Apskritis'),
(484, 131, 'LT', 'LT-VL', 'Vilniaus Apskritis'),
(485, 31, 'BR', 'AC', 'Acre'),
(486, 31, 'BR', 'AL', 'Alagoas'),
(487, 31, 'BR', 'AP', 'Amap'),
(488, 31, 'BR', 'AM', 'Amazonas'),
(489, 31, 'BR', 'BA', 'Bahia'),
(490, 31, 'BR', 'CE', 'Cear'),
(491, 31, 'BR', 'ES', 'Esprito Santo'),
(492, 31, 'BR', 'GO', 'Gois'),
(493, 31, 'BR', 'MA', 'Maranho'),
(494, 31, 'BR', 'MT', 'Mato Grosso'),
(495, 31, 'BR', 'MS', 'Mato Grosso do Sul'),
(496, 31, 'BR', 'MG', 'Minas Gerais'),
(497, 31, 'BR', 'PA', 'Par'),
(498, 31, 'BR', 'PB', 'Paraba'),
(499, 31, 'BR', 'PR', 'Paran'),
(500, 31, 'BR', 'PE', 'Pernambuco'),
(501, 31, 'BR', 'PI', 'Piau'),
(502, 31, 'BR', 'RJ', 'Rio de Janeiro'),
(503, 31, 'BR', 'RN', 'Rio Grande do Norte'),
(504, 31, 'BR', 'RS', 'Rio Grande do Sul'),
(505, 31, 'BR', 'RO', 'Rondnia'),
(506, 31, 'BR', 'RR', 'Roraima'),
(507, 31, 'BR', 'SC', 'Santa Catarina'),
(508, 31, 'BR', 'SP', 'So Paulo'),
(509, 31, 'BR', 'SE', 'Sergipe'),
(510, 31, 'BR', 'TO', 'Tocantins'),
(511, 31, 'BR', 'DF', 'Distrito Federal'),
(512, 59, 'HR', 'HR-01', 'Zagrebaka upanija'),
(513, 59, 'HR', 'HR-02', 'Krapinsko-zagorska upanija'),
(514, 59, 'HR', 'HR-03', 'Sisako-moslavaka upanija'),
(515, 59, 'HR', 'HR-04', 'Karlovaka upanija'),
(516, 59, 'HR', 'HR-05', 'Varadinska upanija'),
(517, 59, 'HR', 'HR-06', 'Koprivniko-krievaka upanija'),
(518, 59, 'HR', 'HR-07', 'Bjelovarsko-bilogorska upanija'),
(519, 59, 'HR', 'HR-08', 'Primorsko-goranska upanija'),
(520, 59, 'HR', 'HR-09', 'Liko-senjska upanija'),
(521, 59, 'HR', 'HR-10', 'Virovitiko-podravska upanija'),
(522, 59, 'HR', 'HR-11', 'Poeko-slavonska upanija'),
(523, 59, 'HR', 'HR-12', 'Brodsko-posavska upanija'),
(524, 59, 'HR', 'HR-13', 'Zadarska upanija'),
(525, 59, 'HR', 'HR-14', 'Osjeko-baranjska upanija'),
(526, 59, 'HR', 'HR-15', 'ibensko-kninska upanija'),
(527, 59, 'HR', 'HR-16', 'Vukovarsko-srijemska upanija'),
(528, 59, 'HR', 'HR-17', 'Splitsko-dalmatinska upanija'),
(529, 59, 'HR', 'HR-18', 'Istarska upanija'),
(530, 59, 'HR', 'HR-19', 'Dubrovako-neretvanska upanija'),
(531, 59, 'HR', 'HR-20', 'Meimurska upanija'),
(532, 59, 'HR', 'HR-21', 'Grad Zagreb'),
(533, 106, 'IN', 'AN', 'Andaman and Nicobar Islands'),
(534, 106, 'IN', 'AP', 'Andhra Pradesh'),
(535, 106, 'IN', 'AR', 'Arunachal Pradesh'),
(536, 106, 'IN', 'AS', 'Assam'),
(537, 106, 'IN', 'BR', 'Bihar'),
(538, 106, 'IN', 'CH', 'Chandigarh'),
(539, 106, 'IN', 'CT', 'Chhattisgarh'),
(540, 106, 'IN', 'DN', 'Dadra and Nagar Haveli'),
(541, 106, 'IN', 'DD', 'Daman and Diu'),
(542, 106, 'IN', 'DL', 'Delhi'),
(543, 106, 'IN', 'GA', 'Goa'),
(544, 106, 'IN', 'GJ', 'Gujarat'),
(545, 106, 'IN', 'HR', 'Haryana'),
(546, 106, 'IN', 'HP', 'Himachal Pradesh'),
(547, 106, 'IN', 'JK', 'Jammu and Kashmir'),
(548, 106, 'IN', 'JH', 'Jharkhand'),
(549, 106, 'IN', 'KA', 'Karnataka'),
(550, 106, 'IN', 'KL', 'Kerala'),
(551, 106, 'IN', 'LD', 'Lakshadweep'),
(552, 106, 'IN', 'MP', 'Madhya Pradesh'),
(553, 106, 'IN', 'MH', 'Maharashtra'),
(554, 106, 'IN', 'MN', 'Manipur'),
(555, 106, 'IN', 'ML', 'Meghalaya'),
(556, 106, 'IN', 'MZ', 'Mizoram'),
(557, 106, 'IN', 'NL', 'Nagaland'),
(558, 106, 'IN', 'OR', 'Odisha'),
(559, 106, 'IN', 'PY', 'Puducherry'),
(560, 106, 'IN', 'PB', 'Punjab'),
(561, 106, 'IN', 'RJ', 'Rajasthan'),
(562, 106, 'IN', 'SK', 'Sikkim'),
(563, 106, 'IN', 'TN', 'Tamil Nadu'),
(564, 106, 'IN', 'TG', 'Telangana'),
(565, 106, 'IN', 'TR', 'Tripura'),
(566, 106, 'IN', 'UP', 'Uttar Pradesh'),
(567, 106, 'IN', 'UT', 'Uttarakhand'),
(568, 106, 'IN', 'WB', 'West Bengal'),
(569, 176, 'PY', 'PY-16', 'Alto Paraguay'),
(570, 176, 'PY', 'PY-10', 'Alto Paran'),
(571, 176, 'PY', 'PY-13', 'Amambay'),
(572, 176, 'PY', 'PY-ASU', 'Asuncin'),
(573, 176, 'PY', 'PY-19', 'Boquern'),
(574, 176, 'PY', 'PY-5', 'Caaguaz'),
(575, 176, 'PY', 'PY-6', 'Caazap'),
(576, 176, 'PY', 'PY-14', 'Canindey'),
(577, 176, 'PY', 'PY-11', 'Central'),
(578, 176, 'PY', 'PY-1', 'Concepcin'),
(579, 176, 'PY', 'PY-3', 'Cordillera'),
(580, 176, 'PY', 'PY-4', 'Guair'),
(581, 176, 'PY', 'PY-7', 'Itapa'),
(582, 176, 'PY', 'PY-8', 'Misiones'),
(583, 176, 'PY', 'PY-9', 'Paraguar'),
(584, 176, 'PY', 'PY-15', 'Presidente Hayes'),
(585, 176, 'PY', 'PY-2', 'San Pedro'),
(586, 176, 'PY', 'PY-12', 'eembuc');

-- --------------------------------------------------------

--
-- Table structure for table `country_state_translations`
--

CREATE TABLE `country_state_translations` (
  `id` int(10) UNSIGNED NOT NULL,
  `country_state_id` int(10) UNSIGNED NOT NULL,
  `locale` varchar(255) COLLATE utf8mb4_unicode_ci NOT NULL,
  `default_name` text COLLATE utf8mb4_unicode_ci
) ENGINE=InnoDB DEFAULT CHARSET=utf8mb4 COLLATE=utf8mb4_unicode_ci;

-- --------------------------------------------------------

--
-- Table structure for table `country_translations`
--

CREATE TABLE `country_translations` (
  `id` int(10) UNSIGNED NOT NULL,
  `country_id` int(10) UNSIGNED NOT NULL,
  `locale` varchar(255) COLLATE utf8mb4_unicode_ci NOT NULL,
  `name` text COLLATE utf8mb4_unicode_ci
) ENGINE=InnoDB DEFAULT CHARSET=utf8mb4 COLLATE=utf8mb4_unicode_ci;

-- --------------------------------------------------------

--
-- Table structure for table `currencies`
--

CREATE TABLE `currencies` (
  `id` int(10) UNSIGNED NOT NULL,
  `code` varchar(255) COLLATE utf8mb4_unicode_ci NOT NULL,
  `name` varchar(255) COLLATE utf8mb4_unicode_ci NOT NULL,
  `symbol` varchar(255) COLLATE utf8mb4_unicode_ci DEFAULT NULL,
  `decimal` int(10) UNSIGNED NOT NULL DEFAULT '2',
  `group_separator` varchar(255) COLLATE utf8mb4_unicode_ci NOT NULL DEFAULT ',',
  `decimal_separator` varchar(255) COLLATE utf8mb4_unicode_ci NOT NULL DEFAULT '.',
  `currency_position` varchar(255) COLLATE utf8mb4_unicode_ci DEFAULT NULL,
  `created_at` timestamp NULL DEFAULT NULL,
  `updated_at` timestamp NULL DEFAULT NULL
) ENGINE=InnoDB DEFAULT CHARSET=utf8mb4 COLLATE=utf8mb4_unicode_ci;

--
-- Dumping data for table `currencies`
--

INSERT INTO `currencies` (`id`, `code`, `name`, `symbol`, `decimal`, `group_separator`, `decimal_separator`, `currency_position`, `created_at`, `updated_at`) VALUES
(1, 'USD', 'United States Dollar', '$', 2, ',', '.', NULL, NULL, NULL),
(2, 'BDT', 'Taka', '', 0, '', '', 'right', '2025-12-30 17:33:01', '2025-12-30 17:33:01');

-- --------------------------------------------------------

--
-- Table structure for table `currency_exchange_rates`
--

CREATE TABLE `currency_exchange_rates` (
  `id` int(10) UNSIGNED NOT NULL,
  `rate` decimal(24,12) NOT NULL,
  `target_currency` int(10) UNSIGNED NOT NULL,
  `created_at` timestamp NULL DEFAULT NULL,
  `updated_at` timestamp NULL DEFAULT NULL
) ENGINE=InnoDB DEFAULT CHARSET=utf8mb4 COLLATE=utf8mb4_unicode_ci;

-- --------------------------------------------------------

--
-- Table structure for table `customers`
--

CREATE TABLE `customers` (
  `id` int(10) UNSIGNED NOT NULL,
  `first_name` varchar(255) COLLATE utf8mb4_unicode_ci NOT NULL,
  `last_name` varchar(255) COLLATE utf8mb4_unicode_ci NOT NULL,
  `gender` varchar(50) COLLATE utf8mb4_unicode_ci DEFAULT NULL,
  `date_of_birth` date DEFAULT NULL,
  `email` varchar(255) COLLATE utf8mb4_unicode_ci DEFAULT NULL,
  `phone` varchar(255) COLLATE utf8mb4_unicode_ci DEFAULT NULL,
  `image` varchar(255) COLLATE utf8mb4_unicode_ci DEFAULT NULL,
  `status` tinyint(4) NOT NULL DEFAULT '1',
  `password` varchar(255) COLLATE utf8mb4_unicode_ci DEFAULT NULL,
  `total_reward_points` int(10) UNSIGNED DEFAULT NULL,
  `api_token` varchar(80) COLLATE utf8mb4_unicode_ci DEFAULT NULL,
  `customer_group_id` int(10) UNSIGNED DEFAULT NULL,
  `channel_id` int(10) UNSIGNED DEFAULT NULL,
  `subscribed_to_news_letter` tinyint(1) NOT NULL DEFAULT '0',
  `is_verified` tinyint(1) NOT NULL DEFAULT '0',
  `is_suspended` tinyint(3) UNSIGNED NOT NULL DEFAULT '0',
  `token` varchar(255) COLLATE utf8mb4_unicode_ci DEFAULT NULL,
  `remember_token` varchar(100) COLLATE utf8mb4_unicode_ci DEFAULT NULL,
  `created_at` timestamp NULL DEFAULT NULL,
  `updated_at` timestamp NULL DEFAULT NULL
) ENGINE=InnoDB DEFAULT CHARSET=utf8mb4 COLLATE=utf8mb4_unicode_ci;

--
-- Dumping data for table `customers`
--

INSERT INTO `customers` (`id`, `first_name`, `last_name`, `gender`, `date_of_birth`, `email`, `phone`, `image`, `status`, `password`, `total_reward_points`, `api_token`, `customer_group_id`, `channel_id`, `subscribed_to_news_letter`, `is_verified`, `is_suspended`, `token`, `remember_token`, `created_at`, `updated_at`) VALUES
(1, 'Md.Ashaful', 'Momen', 'Male', '1997-10-28', 'ashrafulunisoft@gmail.com', '01859385787', NULL, 1, '$2y$12$y2VMcUiFWSG2/ac6UboloukxT1O94LUzP2WUhSUv08v6Kbo.Uiwoe', NULL, 'NsCXqam4L4fuHTxibY591FMszXUzYt6kmB0no4NrwMottJ1Bixlaf5KHMjc4jALaUhEsqqQG8dVvWZaB', 2, 1, 0, 1, 0, '62fea16a16ae67deb1293ce7329941cc', NULL, '2025-12-28 11:57:13', '2025-12-28 12:23:20'),
(2, 'Ashraful', 'Shuvo', NULL, NULL, 'ashrafulinstasure@gmail.com', NULL, NULL, 1, '$2y$12$RUDtwxa4281fZGs6ddYIZeujgO6nAHh94VV.sarKQFNjH/Jf5ZydK', NULL, 'aOCqh2lvAlXOdUAsZGd114MZfUlfxExAXb4Zb2PEjdVi7Km5NeWhtUqSdvcbkMMjGPT8TSzlvwpdymrs', 2, 1, 0, 1, 0, 'c226f18ec093282dbe8a69f238cbe5c0', NULL, '2025-12-28 17:47:20', '2025-12-28 17:47:20'),
(3, 'Amalia', 'Von', 'other', NULL, 'euna.predovic@example.org', NULL, NULL, 1, '$2y$12$dOAcCbw56do1nmJ6TxdIdeJ.K5oRxwBV8PqmoLUYI.F7C78OyNPYa', NULL, NULL, 2, 1, 0, 1, 0, NULL, NULL, '2025-12-29 13:28:43', '2025-12-29 13:28:43'),
(4, 'Maximillian', 'Willms', 'male', NULL, 'grimes.blaze@example.org', NULL, NULL, 1, '$2y$12$ft34g2ZDKD17/UUAsv/38.gEpK.OCvVPDmJAGbOugHxV55vTZTy1y', NULL, NULL, 2, 1, 0, 1, 0, NULL, NULL, '2025-12-29 13:28:44', '2025-12-29 13:28:44'),
(5, 'Urban', 'Yost', 'female', NULL, 'murray.rosina@example.net', NULL, NULL, 1, '$2y$12$L20w0u6W9B1q.1AhjHbunup1RNbFxHaMrM0XFijF1VL7equXCRyUO', NULL, NULL, 2, 1, 0, 1, 0, NULL, NULL, '2025-12-29 13:28:44', '2025-12-29 13:28:44'),
(6, 'Greta', 'Herman', 'female', NULL, 'mosciski.magali@example.com', NULL, NULL, 1, '$2y$12$UILrJ4UJNfbTzXnUPQ3FdOVeikHm7te0rXi6qB/BrTMVIr7RhKMMS', NULL, NULL, 2, 1, 0, 1, 0, NULL, NULL, '2025-12-29 13:28:44', '2025-12-29 13:28:44'),
(7, 'Ena', 'Sanford', 'other', NULL, 'krystel04@example.org', NULL, NULL, 1, '$2y$12$h68PxFIhU6ssWou//wvH6en59FbgByHyDAlD.xmDWstuLYjE0rYQi', NULL, NULL, 2, 1, 0, 1, 0, NULL, NULL, '2025-12-29 13:28:44', '2025-12-29 13:28:44'),
(8, 'Sharna', 'Rani', NULL, NULL, 'sharnaranidas.bubt@gmail.com', NULL, NULL, 1, '$2y$12$AZC2VLKgYwRIFRGnk78.Ne.RwKS0epsvNBQY7bXtm3I9KRM1CD6U2', NULL, 'lXCAjkwBZATLSn7QJZ962GPXZf3Sl8HnsdxKnGjdwPgEtf5bxfrUViHorvMwbgqegX7xez8GZgVyEccB', 2, 1, 0, 1, 0, '474176cb8fd0b11d79bf86c18dc0782c', NULL, '2026-01-04 22:57:55', '2026-01-04 22:57:55');

-- --------------------------------------------------------

--
-- Table structure for table `customer_groups`
--

CREATE TABLE `customer_groups` (
  `id` int(10) UNSIGNED NOT NULL,
  `code` varchar(255) COLLATE utf8mb4_unicode_ci NOT NULL,
  `name` varchar(255) COLLATE utf8mb4_unicode_ci NOT NULL,
  `is_user_defined` tinyint(1) NOT NULL DEFAULT '1',
  `created_at` timestamp NULL DEFAULT NULL,
  `updated_at` timestamp NULL DEFAULT NULL
) ENGINE=InnoDB DEFAULT CHARSET=utf8mb4 COLLATE=utf8mb4_unicode_ci;

--
-- Dumping data for table `customer_groups`
--

INSERT INTO `customer_groups` (`id`, `code`, `name`, `is_user_defined`, `created_at`, `updated_at`) VALUES
(1, 'guest', 'Guest', 0, NULL, NULL),
(2, 'general', 'General', 0, NULL, NULL),
(3, 'wholesale', 'Wholesale', 0, NULL, NULL);

-- --------------------------------------------------------

--
-- Table structure for table `customer_notes`
--

CREATE TABLE `customer_notes` (
  `id` bigint(20) UNSIGNED NOT NULL,
  `customer_id` int(10) UNSIGNED DEFAULT NULL,
  `note` text COLLATE utf8mb4_unicode_ci NOT NULL,
  `customer_notified` tinyint(1) NOT NULL DEFAULT '0',
  `created_at` timestamp NULL DEFAULT NULL,
  `updated_at` timestamp NULL DEFAULT NULL
) ENGINE=InnoDB DEFAULT CHARSET=utf8mb4 COLLATE=utf8mb4_unicode_ci;

-- --------------------------------------------------------

--
-- Table structure for table `customer_password_resets`
--

CREATE TABLE `customer_password_resets` (
  `email` varchar(255) COLLATE utf8mb4_unicode_ci NOT NULL,
  `token` varchar(255) COLLATE utf8mb4_unicode_ci NOT NULL,
  `created_at` timestamp NULL DEFAULT NULL
) ENGINE=InnoDB DEFAULT CHARSET=utf8mb4 COLLATE=utf8mb4_unicode_ci;

-- --------------------------------------------------------

--
-- Table structure for table `customer_social_accounts`
--

CREATE TABLE `customer_social_accounts` (
  `id` int(10) UNSIGNED NOT NULL,
  `customer_id` int(10) UNSIGNED NOT NULL,
  `provider_name` varchar(255) COLLATE utf8mb4_unicode_ci DEFAULT NULL,
  `provider_id` varchar(255) COLLATE utf8mb4_unicode_ci DEFAULT NULL,
  `created_at` timestamp NULL DEFAULT NULL,
  `updated_at` timestamp NULL DEFAULT NULL
) ENGINE=InnoDB DEFAULT CHARSET=utf8mb4 COLLATE=utf8mb4_unicode_ci;

-- --------------------------------------------------------

--
-- Table structure for table `datagrid_saved_filters`
--

CREATE TABLE `datagrid_saved_filters` (
  `id` bigint(20) UNSIGNED NOT NULL,
  `user_id` int(10) UNSIGNED NOT NULL,
  `name` varchar(255) COLLATE utf8mb4_unicode_ci NOT NULL,
  `src` varchar(255) COLLATE utf8mb4_unicode_ci NOT NULL,
  `applied` json NOT NULL,
  `created_at` timestamp NULL DEFAULT NULL,
  `updated_at` timestamp NULL DEFAULT NULL
) ENGINE=InnoDB DEFAULT CHARSET=utf8mb4 COLLATE=utf8mb4_unicode_ci;

-- --------------------------------------------------------

--
-- Table structure for table `delivery_partners`
--

CREATE TABLE `delivery_partners` (
  `id` bigint(20) UNSIGNED NOT NULL,
  `name` varchar(255) COLLATE utf8mb4_unicode_ci NOT NULL,
  `contact_number` varchar(255) COLLATE utf8mb4_unicode_ci NOT NULL,
  `email` varchar(255) COLLATE utf8mb4_unicode_ci NOT NULL,
  `status` enum('available','busy','offline') COLLATE utf8mb4_unicode_ci NOT NULL DEFAULT 'available',
  `created_at` timestamp NULL DEFAULT NULL,
  `updated_at` timestamp NULL DEFAULT NULL
) ENGINE=InnoDB DEFAULT CHARSET=utf8mb4 COLLATE=utf8mb4_unicode_ci;

-- --------------------------------------------------------

--
-- Table structure for table `downloadable_link_purchased`
--

CREATE TABLE `downloadable_link_purchased` (
  `id` int(10) UNSIGNED NOT NULL,
  `product_name` varchar(255) COLLATE utf8mb4_unicode_ci DEFAULT NULL,
  `name` varchar(255) COLLATE utf8mb4_unicode_ci DEFAULT NULL,
  `url` varchar(255) COLLATE utf8mb4_unicode_ci DEFAULT NULL,
  `file` varchar(255) COLLATE utf8mb4_unicode_ci DEFAULT NULL,
  `file_name` varchar(255) COLLATE utf8mb4_unicode_ci DEFAULT NULL,
  `type` varchar(255) COLLATE utf8mb4_unicode_ci NOT NULL,
  `download_bought` int(11) NOT NULL DEFAULT '0',
  `download_used` int(11) NOT NULL DEFAULT '0',
  `status` varchar(255) COLLATE utf8mb4_unicode_ci DEFAULT NULL,
  `customer_id` int(10) UNSIGNED NOT NULL,
  `order_id` int(10) UNSIGNED NOT NULL,
  `order_item_id` int(10) UNSIGNED NOT NULL,
  `download_canceled` int(11) NOT NULL DEFAULT '0',
  `created_at` timestamp NULL DEFAULT NULL,
  `updated_at` timestamp NULL DEFAULT NULL
) ENGINE=InnoDB DEFAULT CHARSET=utf8mb4 COLLATE=utf8mb4_unicode_ci;

-- --------------------------------------------------------

--
-- Table structure for table `failed_jobs`
--

CREATE TABLE `failed_jobs` (
  `id` bigint(20) UNSIGNED NOT NULL,
  `uuid` varchar(255) COLLATE utf8mb4_unicode_ci NOT NULL,
  `connection` text COLLATE utf8mb4_unicode_ci NOT NULL,
  `queue` text COLLATE utf8mb4_unicode_ci NOT NULL,
  `payload` longtext COLLATE utf8mb4_unicode_ci NOT NULL,
  `exception` longtext COLLATE utf8mb4_unicode_ci NOT NULL,
  `failed_at` timestamp NOT NULL DEFAULT CURRENT_TIMESTAMP
) ENGINE=InnoDB DEFAULT CHARSET=utf8mb4 COLLATE=utf8mb4_unicode_ci;

-- --------------------------------------------------------

--
-- Table structure for table `gdpr_data_request`
--

CREATE TABLE `gdpr_data_request` (
  `id` int(10) UNSIGNED NOT NULL,
  `customer_id` int(10) UNSIGNED NOT NULL,
  `email` varchar(255) COLLATE utf8mb4_unicode_ci NOT NULL,
  `status` varchar(255) COLLATE utf8mb4_unicode_ci NOT NULL,
  `type` varchar(255) COLLATE utf8mb4_unicode_ci NOT NULL,
  `message` varchar(500) COLLATE utf8mb4_unicode_ci NOT NULL,
  `revoked_at` timestamp NULL DEFAULT NULL,
  `created_at` timestamp NULL DEFAULT NULL,
  `updated_at` timestamp NULL DEFAULT NULL
) ENGINE=InnoDB DEFAULT CHARSET=utf8mb4 COLLATE=utf8mb4_unicode_ci;

-- --------------------------------------------------------

--
-- Table structure for table `imports`
--

CREATE TABLE `imports` (
  `id` int(10) UNSIGNED NOT NULL,
  `state` varchar(255) COLLATE utf8mb4_unicode_ci NOT NULL DEFAULT 'pending',
  `process_in_queue` tinyint(1) NOT NULL DEFAULT '1',
  `type` varchar(255) COLLATE utf8mb4_unicode_ci NOT NULL,
  `action` varchar(255) COLLATE utf8mb4_unicode_ci NOT NULL,
  `validation_strategy` varchar(255) COLLATE utf8mb4_unicode_ci NOT NULL,
  `allowed_errors` int(11) NOT NULL DEFAULT '0',
  `processed_rows_count` int(11) NOT NULL DEFAULT '0',
  `invalid_rows_count` int(11) NOT NULL DEFAULT '0',
  `errors_count` int(11) NOT NULL DEFAULT '0',
  `errors` json DEFAULT NULL,
  `field_separator` varchar(255) COLLATE utf8mb4_unicode_ci NOT NULL,
  `file_path` varchar(255) COLLATE utf8mb4_unicode_ci NOT NULL,
  `images_directory_path` varchar(255) COLLATE utf8mb4_unicode_ci DEFAULT NULL,
  `error_file_path` varchar(255) COLLATE utf8mb4_unicode_ci DEFAULT NULL,
  `summary` json DEFAULT NULL,
  `started_at` datetime DEFAULT NULL,
  `completed_at` datetime DEFAULT NULL,
  `created_at` timestamp NULL DEFAULT NULL,
  `updated_at` timestamp NULL DEFAULT NULL
) ENGINE=InnoDB DEFAULT CHARSET=utf8mb4 COLLATE=utf8mb4_unicode_ci;

-- --------------------------------------------------------

--
-- Table structure for table `import_batches`
--

CREATE TABLE `import_batches` (
  `id` int(10) UNSIGNED NOT NULL,
  `state` varchar(255) COLLATE utf8mb4_unicode_ci NOT NULL DEFAULT 'pending',
  `data` json NOT NULL,
  `summary` json DEFAULT NULL,
  `import_id` int(10) UNSIGNED NOT NULL
) ENGINE=InnoDB DEFAULT CHARSET=utf8mb4 COLLATE=utf8mb4_unicode_ci;

-- --------------------------------------------------------

--
-- Table structure for table `inventory_sources`
--

CREATE TABLE `inventory_sources` (
  `id` int(10) UNSIGNED NOT NULL,
  `code` varchar(255) COLLATE utf8mb4_unicode_ci NOT NULL,
  `name` varchar(255) COLLATE utf8mb4_unicode_ci NOT NULL,
  `description` text COLLATE utf8mb4_unicode_ci,
  `contact_name` varchar(255) COLLATE utf8mb4_unicode_ci NOT NULL,
  `contact_email` varchar(255) COLLATE utf8mb4_unicode_ci NOT NULL,
  `contact_number` varchar(255) COLLATE utf8mb4_unicode_ci NOT NULL,
  `contact_fax` varchar(255) COLLATE utf8mb4_unicode_ci DEFAULT NULL,
  `country` varchar(255) COLLATE utf8mb4_unicode_ci NOT NULL,
  `state` varchar(255) COLLATE utf8mb4_unicode_ci NOT NULL,
  `city` varchar(255) COLLATE utf8mb4_unicode_ci NOT NULL,
  `street` varchar(255) COLLATE utf8mb4_unicode_ci NOT NULL,
  `postcode` varchar(255) COLLATE utf8mb4_unicode_ci NOT NULL,
  `priority` int(11) NOT NULL DEFAULT '0',
  `latitude` decimal(10,5) DEFAULT NULL,
  `longitude` decimal(10,5) DEFAULT NULL,
  `status` tinyint(1) NOT NULL DEFAULT '1',
  `created_at` timestamp NULL DEFAULT NULL,
  `updated_at` timestamp NULL DEFAULT NULL
) ENGINE=InnoDB DEFAULT CHARSET=utf8mb4 COLLATE=utf8mb4_unicode_ci;

--
-- Dumping data for table `inventory_sources`
--

INSERT INTO `inventory_sources` (`id`, `code`, `name`, `description`, `contact_name`, `contact_email`, `contact_number`, `contact_fax`, `country`, `state`, `city`, `street`, `postcode`, `priority`, `latitude`, `longitude`, `status`, `created_at`, `updated_at`) VALUES
(1, 'default', 'Default', NULL, 'Default', 'warehouse@example.com', '1234567899', NULL, 'US', 'MI', 'Detroit', '12th Street', '48127', 0, NULL, NULL, 1, NULL, NULL);

-- --------------------------------------------------------

--
-- Table structure for table `invoices`
--

CREATE TABLE `invoices` (
  `id` int(10) UNSIGNED NOT NULL,
  `increment_id` varchar(255) COLLATE utf8mb4_unicode_ci DEFAULT NULL,
  `state` varchar(255) COLLATE utf8mb4_unicode_ci DEFAULT NULL,
  `email_sent` tinyint(1) NOT NULL DEFAULT '0',
  `total_qty` int(11) DEFAULT NULL,
  `base_currency_code` varchar(255) COLLATE utf8mb4_unicode_ci DEFAULT NULL,
  `channel_currency_code` varchar(255) COLLATE utf8mb4_unicode_ci DEFAULT NULL,
  `order_currency_code` varchar(255) COLLATE utf8mb4_unicode_ci DEFAULT NULL,
  `sub_total` decimal(12,4) DEFAULT '0.0000',
  `base_sub_total` decimal(12,4) DEFAULT '0.0000',
  `grand_total` decimal(12,4) DEFAULT '0.0000',
  `base_grand_total` decimal(12,4) DEFAULT '0.0000',
  `shipping_amount` decimal(12,4) DEFAULT '0.0000',
  `base_shipping_amount` decimal(12,4) DEFAULT '0.0000',
  `tax_amount` decimal(12,4) DEFAULT '0.0000',
  `base_tax_amount` decimal(12,4) DEFAULT '0.0000',
  `discount_amount` decimal(12,4) DEFAULT '0.0000',
  `base_discount_amount` decimal(12,4) DEFAULT '0.0000',
  `shipping_tax_amount` decimal(12,4) NOT NULL DEFAULT '0.0000',
  `base_shipping_tax_amount` decimal(12,4) NOT NULL DEFAULT '0.0000',
  `sub_total_incl_tax` decimal(12,4) NOT NULL DEFAULT '0.0000',
  `base_sub_total_incl_tax` decimal(12,4) NOT NULL DEFAULT '0.0000',
  `shipping_amount_incl_tax` decimal(12,4) NOT NULL DEFAULT '0.0000',
  `base_shipping_amount_incl_tax` decimal(12,4) NOT NULL DEFAULT '0.0000',
  `order_id` int(10) UNSIGNED DEFAULT NULL,
  `transaction_id` varchar(255) COLLATE utf8mb4_unicode_ci DEFAULT NULL,
  `reminders` int(11) NOT NULL DEFAULT '0',
  `next_reminder_at` timestamp NULL DEFAULT NULL,
  `created_at` timestamp NULL DEFAULT NULL,
  `updated_at` timestamp NULL DEFAULT NULL
) ENGINE=InnoDB DEFAULT CHARSET=utf8mb4 COLLATE=utf8mb4_unicode_ci;

--
-- Dumping data for table `invoices`
--

INSERT INTO `invoices` (`id`, `increment_id`, `state`, `email_sent`, `total_qty`, `base_currency_code`, `channel_currency_code`, `order_currency_code`, `sub_total`, `base_sub_total`, `grand_total`, `base_grand_total`, `shipping_amount`, `base_shipping_amount`, `tax_amount`, `base_tax_amount`, `discount_amount`, `base_discount_amount`, `shipping_tax_amount`, `base_shipping_tax_amount`, `sub_total_incl_tax`, `base_sub_total_incl_tax`, `shipping_amount_incl_tax`, `base_shipping_amount_incl_tax`, `order_id`, `transaction_id`, `reminders`, `next_reminder_at`, `created_at`, `updated_at`) VALUES
(1, '1', 'paid', 1, 1, 'USD', 'USD', 'USD', 1011.0000, 1011.0000, 1011.0000, 1011.0000, 0.0000, 0.0000, 0.0000, 0.0000, 0.0000, 0.0000, 0.0000, 0.0000, 1011.0000, 1011.0000, 0.0000, 0.0000, 1, NULL, 0, NULL, '2025-12-28 15:59:26', '2025-12-31 00:10:13'),
(2, '2', 'paid', 1, 1, 'USD', 'USD', 'USD', 1011.0000, 1011.0000, 1011.0000, 1011.0000, 0.0000, 0.0000, 0.0000, 0.0000, 0.0000, 0.0000, 0.0000, 0.0000, 1011.0000, 1011.0000, 0.0000, 0.0000, 2, NULL, 0, NULL, '2025-12-28 17:35:58', '2025-12-31 00:10:13'),
(3, '3', 'paid', 1, 1, 'USD', 'USD', 'USD', 1011.0000, 1011.0000, 1011.0000, 1011.0000, 0.0000, 0.0000, 0.0000, 0.0000, 0.0000, 0.0000, 0.0000, 0.0000, 1011.0000, 1011.0000, 0.0000, 0.0000, 3, NULL, 0, NULL, '2025-12-28 17:38:21', '2025-12-31 00:10:13'),
(4, '4', 'paid', 1, 1, 'USD', 'USD', 'USD', 1011.0000, 1011.0000, 1011.0000, 1011.0000, 0.0000, 0.0000, 0.0000, 0.0000, 0.0000, 0.0000, 0.0000, 0.0000, 1011.0000, 1011.0000, 0.0000, 0.0000, 8, NULL, 0, NULL, '2025-12-29 15:31:29', '2025-12-31 00:10:13'),
(5, '5', 'paid', 1, 1, 'USD', 'USD', 'USD', 1011.0000, 1011.0000, 1011.0000, 1011.0000, 0.0000, 0.0000, 0.0000, 0.0000, 0.0000, 0.0000, 0.0000, 0.0000, 1011.0000, 1011.0000, 0.0000, 0.0000, 12, NULL, 0, NULL, '2025-12-30 22:05:58', '2025-12-31 00:10:13'),
(6, '6', 'paid', 1, 1, 'USD', 'USD', 'USD', 1011.0000, 1011.0000, 1011.0000, 1011.0000, 0.0000, 0.0000, 0.0000, 0.0000, 0.0000, 0.0000, 0.0000, 0.0000, 1011.0000, 1011.0000, 0.0000, 0.0000, 13, NULL, 0, NULL, '2025-12-30 22:51:00', '2025-12-31 00:10:13'),
(7, '7', 'paid', 1, 1, 'USD', 'USD', 'USD', 1011.0000, 1011.0000, 1011.0000, 1011.0000, 0.0000, 0.0000, 0.0000, 0.0000, 0.0000, 0.0000, 0.0000, 0.0000, 1011.0000, 1011.0000, 0.0000, 0.0000, 14, NULL, 0, NULL, '2025-12-31 00:10:09', '2025-12-31 00:10:13');

-- --------------------------------------------------------

--
-- Table structure for table `invoice_items`
--

CREATE TABLE `invoice_items` (
  `id` int(10) UNSIGNED NOT NULL,
  `parent_id` int(10) UNSIGNED DEFAULT NULL,
  `name` varchar(255) COLLATE utf8mb4_unicode_ci DEFAULT NULL,
  `description` varchar(255) COLLATE utf8mb4_unicode_ci DEFAULT NULL,
  `sku` varchar(255) COLLATE utf8mb4_unicode_ci DEFAULT NULL,
  `qty` int(11) DEFAULT NULL,
  `price` decimal(12,4) NOT NULL DEFAULT '0.0000',
  `base_price` decimal(12,4) NOT NULL DEFAULT '0.0000',
  `total` decimal(12,4) NOT NULL DEFAULT '0.0000',
  `base_total` decimal(12,4) NOT NULL DEFAULT '0.0000',
  `tax_amount` decimal(12,4) DEFAULT '0.0000',
  `base_tax_amount` decimal(12,4) DEFAULT '0.0000',
  `discount_percent` decimal(12,4) DEFAULT '0.0000',
  `discount_amount` decimal(12,4) DEFAULT '0.0000',
  `base_discount_amount` decimal(12,4) DEFAULT '0.0000',
  `price_incl_tax` decimal(12,4) NOT NULL DEFAULT '0.0000',
  `base_price_incl_tax` decimal(12,4) NOT NULL DEFAULT '0.0000',
  `total_incl_tax` decimal(12,4) NOT NULL DEFAULT '0.0000',
  `base_total_incl_tax` decimal(12,4) NOT NULL DEFAULT '0.0000',
  `product_id` int(10) UNSIGNED DEFAULT NULL,
  `product_type` varchar(255) COLLATE utf8mb4_unicode_ci DEFAULT NULL,
  `order_item_id` int(10) UNSIGNED DEFAULT NULL,
  `invoice_id` int(10) UNSIGNED DEFAULT NULL,
  `additional` json DEFAULT NULL,
  `created_at` timestamp NULL DEFAULT NULL,
  `updated_at` timestamp NULL DEFAULT NULL
) ENGINE=InnoDB DEFAULT CHARSET=utf8mb4 COLLATE=utf8mb4_unicode_ci;

--
-- Dumping data for table `invoice_items`
--

INSERT INTO `invoice_items` (`id`, `parent_id`, `name`, `description`, `sku`, `qty`, `price`, `base_price`, `total`, `base_total`, `tax_amount`, `base_tax_amount`, `discount_percent`, `discount_amount`, `base_discount_amount`, `price_incl_tax`, `base_price_incl_tax`, `total_incl_tax`, `base_total_incl_tax`, `product_id`, `product_type`, `order_item_id`, `invoice_id`, `additional`, `created_at`, `updated_at`) VALUES
(1, NULL, '', NULL, '1011', 1, 1011.0000, 1011.0000, 1011.0000, 1011.0000, 0.0000, 0.0000, 0.0000, 0.0000, 0.0000, 1011.0000, 1011.0000, 1011.0000, 1011.0000, 2, 'Webkul\\Product\\Models\\Product', 1, 1, '{\"locale\": \"en\", \"cart_id\": 1, \"quantity\": 1, \"is_buy_now\": \"0\", \"product_id\": \"2\"}', '2025-12-28 15:59:26', '2025-12-28 15:59:26'),
(2, NULL, '', NULL, '1011', 1, 1011.0000, 1011.0000, 1011.0000, 1011.0000, 0.0000, 0.0000, 0.0000, 0.0000, 0.0000, 1011.0000, 1011.0000, 1011.0000, 1011.0000, 2, 'Webkul\\Product\\Models\\Product', 2, 2, '{\"locale\": \"en\", \"cart_id\": 2, \"quantity\": 1, \"is_buy_now\": \"0\", \"product_id\": \"2\"}', '2025-12-28 17:35:58', '2025-12-28 17:35:58'),
(3, NULL, '', NULL, '1011', 1, 1011.0000, 1011.0000, 1011.0000, 1011.0000, 0.0000, 0.0000, 0.0000, 0.0000, 0.0000, 1011.0000, 1011.0000, 1011.0000, 1011.0000, 2, 'Webkul\\Product\\Models\\Product', 3, 3, '{\"locale\": \"en\", \"cart_id\": 3, \"quantity\": 1, \"is_buy_now\": \"0\", \"product_id\": \"2\"}', '2025-12-28 17:38:21', '2025-12-28 17:38:21'),
(4, NULL, '', NULL, '1011', 1, 1011.0000, 1011.0000, 1011.0000, 1011.0000, 0.0000, 0.0000, 0.0000, 0.0000, 0.0000, 1011.0000, 1011.0000, 1011.0000, 1011.0000, 2, 'Webkul\\Product\\Models\\Product', 6, 4, '{\"locale\": \"en\", \"cart_id\": 5, \"quantity\": 1, \"is_buy_now\": \"0\", \"product_id\": \"2\"}', '2025-12-29 15:31:29', '2025-12-29 15:31:29'),
(5, NULL, '', NULL, '1011', 1, 1011.0000, 1011.0000, 1011.0000, 1011.0000, 0.0000, 0.0000, 0.0000, 0.0000, 0.0000, 1011.0000, 1011.0000, 1011.0000, 1011.0000, 2, 'Webkul\\Product\\Models\\Product', 10, 5, '{\"locale\": \"en\", \"cart_id\": 10, \"quantity\": 1, \"is_buy_now\": \"0\", \"product_id\": \"2\"}', '2025-12-30 22:05:58', '2025-12-30 22:05:58'),
(6, NULL, '', NULL, '1011', 1, 1011.0000, 1011.0000, 1011.0000, 1011.0000, 0.0000, 0.0000, 0.0000, 0.0000, 0.0000, 1011.0000, 1011.0000, 1011.0000, 1011.0000, 2, 'Webkul\\Product\\Models\\Product', 11, 6, '{\"locale\": \"en\", \"cart_id\": 11, \"quantity\": 1, \"is_buy_now\": \"0\", \"product_id\": \"2\"}', '2025-12-30 22:51:00', '2025-12-30 22:51:00'),
(7, NULL, '', NULL, '1011', 1, 1011.0000, 1011.0000, 1011.0000, 1011.0000, 0.0000, 0.0000, 0.0000, 0.0000, 0.0000, 1011.0000, 1011.0000, 1011.0000, 1011.0000, 2, 'Webkul\\Product\\Models\\Product', 12, 7, '{\"locale\": \"en\", \"cart_id\": 12, \"quantity\": 1, \"is_buy_now\": \"0\", \"product_id\": \"2\"}', '2025-12-31 00:10:09', '2025-12-31 00:10:09');

-- --------------------------------------------------------

--
-- Table structure for table `jobs`
--

CREATE TABLE `jobs` (
  `id` bigint(20) UNSIGNED NOT NULL,
  `queue` varchar(255) COLLATE utf8mb4_unicode_ci NOT NULL,
  `payload` longtext COLLATE utf8mb4_unicode_ci NOT NULL,
  `attempts` tinyint(3) UNSIGNED NOT NULL,
  `reserved_at` int(10) UNSIGNED DEFAULT NULL,
  `available_at` int(10) UNSIGNED NOT NULL,
  `created_at` int(10) UNSIGNED NOT NULL
) ENGINE=InnoDB DEFAULT CHARSET=utf8mb4 COLLATE=utf8mb4_unicode_ci;

-- --------------------------------------------------------

--
-- Table structure for table `job_batches`
--

CREATE TABLE `job_batches` (
  `id` varchar(255) COLLATE utf8mb4_unicode_ci NOT NULL,
  `name` varchar(255) COLLATE utf8mb4_unicode_ci NOT NULL,
  `total_jobs` int(11) NOT NULL,
  `pending_jobs` int(11) NOT NULL,
  `failed_jobs` int(11) NOT NULL,
  `failed_job_ids` text COLLATE utf8mb4_unicode_ci NOT NULL,
  `options` mediumtext COLLATE utf8mb4_unicode_ci,
  `cancelled_at` int(11) DEFAULT NULL,
  `created_at` int(11) NOT NULL,
  `finished_at` int(11) DEFAULT NULL
) ENGINE=InnoDB DEFAULT CHARSET=utf8mb4 COLLATE=utf8mb4_unicode_ci;

-- --------------------------------------------------------

--
-- Table structure for table `locales`
--

CREATE TABLE `locales` (
  `id` int(10) UNSIGNED NOT NULL,
  `code` varchar(255) COLLATE utf8mb4_unicode_ci NOT NULL,
  `name` varchar(255) COLLATE utf8mb4_unicode_ci NOT NULL,
  `direction` enum('ltr','rtl') COLLATE utf8mb4_unicode_ci NOT NULL DEFAULT 'ltr',
  `logo_path` varchar(255) COLLATE utf8mb4_unicode_ci DEFAULT NULL,
  `created_at` timestamp NULL DEFAULT NULL,
  `updated_at` timestamp NULL DEFAULT NULL
) ENGINE=InnoDB DEFAULT CHARSET=utf8mb4 COLLATE=utf8mb4_unicode_ci;

--
-- Dumping data for table `locales`
--

INSERT INTO `locales` (`id`, `code`, `name`, `direction`, `logo_path`, `created_at`, `updated_at`) VALUES
(1, 'en', 'English', 'ltr', 'locales/tAOHoQjKDYhQFh3zLAoAU71lcu8rCAkDoW5W4tBi.png', NULL, NULL);

-- --------------------------------------------------------

--
-- Table structure for table `marketing_campaigns`
--

CREATE TABLE `marketing_campaigns` (
  `id` int(10) UNSIGNED NOT NULL,
  `name` varchar(255) COLLATE utf8mb4_unicode_ci NOT NULL,
  `subject` varchar(255) COLLATE utf8mb4_unicode_ci NOT NULL,
  `status` tinyint(1) NOT NULL DEFAULT '0',
  `type` varchar(255) COLLATE utf8mb4_unicode_ci NOT NULL,
  `mail_to` varchar(255) COLLATE utf8mb4_unicode_ci NOT NULL,
  `spooling` varchar(255) COLLATE utf8mb4_unicode_ci DEFAULT NULL,
  `channel_id` int(10) UNSIGNED DEFAULT NULL,
  `customer_group_id` int(10) UNSIGNED DEFAULT NULL,
  `marketing_template_id` int(10) UNSIGNED DEFAULT NULL,
  `marketing_event_id` int(10) UNSIGNED DEFAULT NULL,
  `created_at` timestamp NULL DEFAULT NULL,
  `updated_at` timestamp NULL DEFAULT NULL
) ENGINE=InnoDB DEFAULT CHARSET=utf8mb4 COLLATE=utf8mb4_unicode_ci;

-- --------------------------------------------------------

--
-- Table structure for table `marketing_events`
--

CREATE TABLE `marketing_events` (
  `id` int(10) UNSIGNED NOT NULL,
  `name` varchar(255) COLLATE utf8mb4_unicode_ci NOT NULL,
  `description` text COLLATE utf8mb4_unicode_ci,
  `date` date DEFAULT NULL,
  `created_at` timestamp NULL DEFAULT NULL,
  `updated_at` timestamp NULL DEFAULT NULL
) ENGINE=InnoDB DEFAULT CHARSET=utf8mb4 COLLATE=utf8mb4_unicode_ci;

--
-- Dumping data for table `marketing_events`
--

INSERT INTO `marketing_events` (`id`, `name`, `description`, `date`, `created_at`, `updated_at`) VALUES
(1, 'Birthday', 'Birthday', NULL, NULL, NULL);

-- --------------------------------------------------------

--
-- Table structure for table `marketing_templates`
--

CREATE TABLE `marketing_templates` (
  `id` int(10) UNSIGNED NOT NULL,
  `name` varchar(255) COLLATE utf8mb4_unicode_ci NOT NULL,
  `status` varchar(255) COLLATE utf8mb4_unicode_ci NOT NULL,
  `content` text COLLATE utf8mb4_unicode_ci NOT NULL,
  `created_at` timestamp NULL DEFAULT NULL,
  `updated_at` timestamp NULL DEFAULT NULL
) ENGINE=InnoDB DEFAULT CHARSET=utf8mb4 COLLATE=utf8mb4_unicode_ci;

-- --------------------------------------------------------

--
-- Table structure for table `migrations`
--

CREATE TABLE `migrations` (
  `id` int(10) UNSIGNED NOT NULL,
  `migration` varchar(255) COLLATE utf8mb4_unicode_ci NOT NULL,
  `batch` int(11) NOT NULL
) ENGINE=InnoDB DEFAULT CHARSET=utf8mb4 COLLATE=utf8mb4_unicode_ci;

--
-- Dumping data for table `migrations`
--

INSERT INTO `migrations` (`id`, `migration`, `batch`) VALUES
(1, '2014_10_12_000000_create_users_table', 1),
(2, '2014_10_12_100000_create_admin_password_resets_table', 1),
(3, '2014_10_12_100000_create_password_resets_table', 1),
(4, '2018_06_12_111907_create_admins_table', 1),
(5, '2018_06_13_055341_create_roles_table', 1),
(6, '2018_07_05_130148_create_attributes_table', 1),
(7, '2018_07_05_132854_create_attribute_translations_table', 1),
(8, '2018_07_05_135150_create_attribute_families_table', 1),
(9, '2018_07_05_135152_create_attribute_groups_table', 1),
(10, '2018_07_05_140832_create_attribute_options_table', 1),
(11, '2018_07_05_140856_create_attribute_option_translations_table', 1),
(12, '2018_07_05_142820_create_categories_table', 1),
(13, '2018_07_10_055143_create_locales_table', 1),
(14, '2018_07_20_054426_create_countries_table', 1),
(15, '2018_07_20_054502_create_currencies_table', 1),
(16, '2018_07_20_054542_create_currency_exchange_rates_table', 1),
(17, '2018_07_20_064849_create_channels_table', 1),
(18, '2018_07_21_142836_create_category_translations_table', 1),
(19, '2018_07_23_110040_create_inventory_sources_table', 1),
(20, '2018_07_24_082635_create_customer_groups_table', 1),
(21, '2018_07_24_082930_create_customers_table', 1),
(22, '2018_07_27_065727_create_products_table', 1),
(23, '2018_07_27_070011_create_product_attribute_values_table', 1),
(24, '2018_07_27_092623_create_product_reviews_table', 1),
(25, '2018_07_27_113941_create_product_images_table', 1),
(26, '2018_07_27_113956_create_product_inventories_table', 1),
(27, '2018_08_30_064755_create_tax_categories_table', 1),
(28, '2018_08_30_065042_create_tax_rates_table', 1),
(29, '2018_08_30_065840_create_tax_mappings_table', 1),
(30, '2018_09_05_150444_create_cart_table', 1),
(31, '2018_09_05_150915_create_cart_items_table', 1),
(32, '2018_09_11_064045_customer_password_resets', 1),
(33, '2018_09_19_093453_create_cart_payment', 1),
(34, '2018_09_19_093508_create_cart_shipping_rates_table', 1),
(35, '2018_09_20_060658_create_core_config_table', 1),
(36, '2018_09_27_113154_create_orders_table', 1),
(37, '2018_09_27_113207_create_order_items_table', 1),
(38, '2018_09_27_115022_create_shipments_table', 1),
(39, '2018_09_27_115029_create_shipment_items_table', 1),
(40, '2018_09_27_115135_create_invoices_table', 1),
(41, '2018_09_27_115144_create_invoice_items_table', 1),
(42, '2018_10_01_095504_create_order_payment_table', 1),
(43, '2018_10_03_025230_create_wishlist_table', 1),
(44, '2018_10_12_101803_create_country_translations_table', 1),
(45, '2018_10_12_101913_create_country_states_table', 1),
(46, '2018_10_12_101923_create_country_state_translations_table', 1),
(47, '2018_11_16_173504_create_subscribers_list_table', 1),
(48, '2018_11_21_144411_create_cart_item_inventories_table', 1),
(49, '2018_12_06_185202_create_product_flat_table', 1),
(50, '2018_12_24_123812_create_channel_inventory_sources_table', 1),
(51, '2018_12_26_165327_create_product_ordered_inventories_table', 1),
(52, '2019_05_13_024321_create_cart_rules_table', 1),
(53, '2019_05_13_024322_create_cart_rule_channels_table', 1),
(54, '2019_05_13_024323_create_cart_rule_customer_groups_table', 1),
(55, '2019_05_13_024324_create_cart_rule_translations_table', 1),
(56, '2019_05_13_024325_create_cart_rule_customers_table', 1),
(57, '2019_05_13_024326_create_cart_rule_coupons_table', 1),
(58, '2019_05_13_024327_create_cart_rule_coupon_usage_table', 1),
(59, '2019_06_17_180258_create_product_downloadable_samples_table', 1),
(60, '2019_06_17_180314_create_product_downloadable_sample_translations_table', 1),
(61, '2019_06_17_180325_create_product_downloadable_links_table', 1),
(62, '2019_06_17_180346_create_product_downloadable_link_translations_table', 1),
(63, '2019_06_21_202249_create_downloadable_link_purchased_table', 1),
(64, '2019_07_02_180307_create_booking_products_table', 1),
(65, '2019_07_05_154415_create_booking_product_default_slots_table', 1),
(66, '2019_07_05_154429_create_booking_product_appointment_slots_table', 1),
(67, '2019_07_05_154440_create_booking_product_event_tickets_table', 1),
(68, '2019_07_05_154451_create_booking_product_rental_slots_table', 1),
(69, '2019_07_05_154502_create_booking_product_table_slots_table', 1),
(70, '2019_07_30_153530_create_cms_pages_table', 1),
(71, '2019_07_31_143339_create_category_filterable_attributes_table', 1),
(72, '2019_08_02_105320_create_product_grouped_products_table', 1),
(73, '2019_08_20_170510_create_product_bundle_options_table', 1),
(74, '2019_08_20_170520_create_product_bundle_option_translations_table', 1),
(75, '2019_08_20_170528_create_product_bundle_option_products_table', 1),
(76, '2019_09_11_184511_create_refunds_table', 1),
(77, '2019_09_11_184519_create_refund_items_table', 1),
(78, '2019_12_03_184613_create_catalog_rules_table', 1),
(79, '2019_12_03_184651_create_catalog_rule_channels_table', 1),
(80, '2019_12_03_184732_create_catalog_rule_customer_groups_table', 1),
(81, '2019_12_06_101110_create_catalog_rule_products_table', 1),
(82, '2019_12_06_110507_create_catalog_rule_product_prices_table', 1),
(83, '2019_12_14_000001_create_personal_access_tokens_table', 1),
(84, '2020_01_14_191854_create_cms_page_translations_table', 1),
(85, '2020_01_15_130209_create_cms_page_channels_table', 1),
(86, '2020_02_18_165639_create_bookings_table', 1),
(87, '2020_02_21_121201_create_booking_product_event_ticket_translations_table', 1),
(88, '2020_04_16_185147_add_table_addresses', 1),
(89, '2020_05_06_171638_create_order_comments_table', 1),
(90, '2020_05_21_171500_create_product_customer_group_prices_table', 1),
(91, '2020_06_25_162154_create_customer_social_accounts_table', 1),
(92, '2020_08_07_174804_create_gdpr_data_request_table', 1),
(93, '2020_11_19_112228_create_product_videos_table', 1),
(94, '2020_11_26_141455_create_marketing_templates_table', 1),
(95, '2020_11_26_150534_create_marketing_events_table', 1),
(96, '2020_11_26_150644_create_marketing_campaigns_table', 1),
(97, '2020_12_21_000200_create_channel_translations_table', 1),
(98, '2020_12_27_121950_create_jobs_table', 1),
(99, '2021_03_11_212124_create_order_transactions_table', 1),
(100, '2021_04_07_132010_create_product_review_images_table', 1),
(101, '2021_12_15_104544_notifications', 1),
(102, '2022_03_15_160510_create_failed_jobs_table', 1),
(103, '2022_04_01_094622_create_sitemaps_table', 1),
(104, '2022_10_03_144232_create_product_price_indices_table', 1),
(105, '2022_10_04_144444_create_job_batches_table', 1),
(106, '2022_10_08_134150_create_product_inventory_indices_table', 1),
(107, '2023_05_26_213105_create_wishlist_items_table', 1),
(108, '2023_05_26_213120_create_compare_items_table', 1),
(109, '2023_06_27_163529_rename_product_review_images_to_product_review_attachments', 1),
(110, '2023_07_06_140013_add_logo_path_column_to_locales', 1),
(111, '2023_07_10_184256_create_theme_customizations_table', 1),
(112, '2023_07_12_181722_remove_home_page_and_footer_content_column_from_channel_translations_table', 1),
(113, '2023_07_20_185324_add_column_column_in_attribute_groups_table', 1),
(114, '2023_07_25_145943_add_regex_column_in_attributes_table', 1),
(115, '2023_07_25_165945_drop_notes_column_from_customers_table', 1),
(116, '2023_07_25_171058_create_customer_notes_table', 1),
(117, '2023_07_31_125232_rename_image_and_category_banner_columns_from_categories_table', 1),
(118, '2023_09_15_170053_create_theme_customization_translations_table', 1),
(119, '2023_09_20_102031_add_default_value_column_in_attributes_table', 1),
(120, '2023_09_20_102635_add_inventories_group_in_attribute_groups_table', 1),
(121, '2023_09_26_155709_add_columns_to_currencies', 1),
(122, '2023_10_05_163612_create_visits_table', 1),
(123, '2023_10_12_090446_add_tax_category_id_column_in_order_items_table', 1),
(124, '2023_11_08_054614_add_code_column_in_attribute_groups_table', 1),
(125, '2023_11_08_140116_create_search_terms_table', 1),
(126, '2023_11_09_162805_create_url_rewrites_table', 1),
(127, '2023_11_17_150401_create_search_synonyms_table', 1),
(128, '2023_12_11_054614_add_channel_id_column_in_product_price_indices_table', 1),
(129, '2024_01_11_154640_create_imports_table', 1),
(130, '2024_01_11_154741_create_import_batches_table', 1),
(131, '2024_01_19_170350_add_unique_id_column_in_product_attribute_values_table', 1),
(132, '2024_01_19_170350_add_unique_id_column_in_product_customer_group_prices_table', 1),
(133, '2024_01_22_170814_add_unique_index_in_mapping_tables', 1),
(134, '2024_02_26_153000_add_columns_to_addresses_table', 1),
(135, '2024_03_07_193421_rename_address1_column_in_addresses_table', 1),
(136, '2024_04_16_144400_add_cart_id_column_in_cart_shipping_rates_table', 1),
(137, '2024_04_19_102939_add_incl_tax_columns_in_orders_table', 1),
(138, '2024_04_19_135405_add_incl_tax_columns_in_cart_items_table', 1),
(139, '2024_04_19_144641_add_incl_tax_columns_in_order_items_table', 1),
(140, '2024_04_23_133154_add_incl_tax_columns_in_cart_table', 1),
(141, '2024_04_23_150945_add_incl_tax_columns_in_cart_shipping_rates_table', 1),
(142, '2024_04_24_102939_add_incl_tax_columns_in_invoices_table', 1),
(143, '2024_04_24_102939_add_incl_tax_columns_in_refunds_table', 1),
(144, '2024_04_24_144641_add_incl_tax_columns_in_invoice_items_table', 1),
(145, '2024_04_24_144641_add_incl_tax_columns_in_refund_items_table', 1),
(146, '2024_04_24_144641_add_incl_tax_columns_in_shipment_items_table', 1),
(147, '2024_05_10_152848_create_saved_filters_table', 1),
(148, '2024_06_03_174128_create_product_channels_table', 1),
(149, '2024_06_04_130527_add_channel_id_column_in_customers_table', 1),
(150, '2024_06_04_134403_add_channel_id_column_in_visits_table', 1),
(151, '2024_06_13_184426_add_theme_column_into_theme_customizations_table', 1),
(152, '2024_07_17_172645_add_additional_column_to_sitemaps_table', 1),
(153, '2024_10_11_135010_create_product_customizable_options_table', 1),
(154, '2024_10_11_135110_create_product_customizable_option_translations_table', 1),
(155, '2024_10_11_135228_create_product_customizable_option_prices_table', 1),
(156, '2024_12_21_115000_add_missing_columns_to_users_table', 1),
(157, '2024_12_21_115001_add_missing_columns_to_products_table', 1),
(158, '2024_12_21_115003_add_missing_columns_to_orders_table', 1),
(159, '2024_12_21_115007_create_payment_methods_table', 1),
(160, '2024_12_21_115008_create_delivery_partners_table', 1),
(161, '2025_05_07_121250_update_total_weight_columns_in_shipments_and_weight_shipment_items_tables', 1),
(162, '2025_09_05_000100_add_indexes_to_channels_tables', 1),
(163, '2025_09_05_000200_add_indexes_to_product_relation_tables', 1),
(164, '2025_09_05_000300_add_indexes_to_product_media_and_attributes', 1),
(165, '2025_09_05_000400_add_indexes_to_attributes_and_product_types', 1),
(166, '2025_09_05_000500_add_indexes_to_product_grouped_products_and_product_bundle_option_products', 1),
(167, '2025_09_05_000500_add_indexes_to_url_rewrites_and_visits', 1),
(168, '2023_03_21_172616_create_blogs_table', 2),
(169, '2023_03_21_175157_create_blog_categories_table', 2),
(170, '2023_03_21_175231_create_blog_tags_table', 2),
(171, '2023_03_21_175251_create_blog_comments_table', 2),
(172, '2020_08_10_105725_add_total_reward_points_to_customers_table', 3),
(173, '2020_08_13_130029_create_attribute_rewards_table', 3),
(174, '2020_08_13_130055_create_cart_rewards_table', 3),
(175, '2020_08_13_130115_create_category_rewards_table', 3),
(176, '2020_08_13_130148_create_category_specific_time_rewards_table', 3),
(177, '2020_08_13_130222_create_product_specific_time_rewards_table', 3),
(178, '2020_08_13_130242_create_product_rewards_table', 3),
(179, '2020_08_13_130302_create_reward_configs_table', 3),
(180, '2020_08_13_130319_create_reward_points_table', 3),
(181, '2020_09_23_064935_create_redemption_settings_table', 3),
(182, '2020_09_24_043517_add_points_to_carts_table', 3),
(183, '2024_12_29_000001_create_pathao_orders_table', 4),
(184, '2024_12_29_000002_create_pathao_tracking_history_table', 4),
(185, '2024_12_29_000003_add_pathao_fields_to_orders_table', 4),
(186, '2026_01_04_095800_remove_description_column_from_products_table', 5);

-- --------------------------------------------------------

--
-- Table structure for table `notifications`
--

CREATE TABLE `notifications` (
  `id` int(10) UNSIGNED NOT NULL,
  `type` varchar(255) COLLATE utf8mb4_unicode_ci NOT NULL,
  `read` tinyint(1) NOT NULL DEFAULT '0',
  `order_id` int(10) UNSIGNED NOT NULL,
  `created_at` timestamp NULL DEFAULT NULL,
  `updated_at` timestamp NULL DEFAULT NULL
) ENGINE=InnoDB DEFAULT CHARSET=utf8mb4 COLLATE=utf8mb4_unicode_ci;

--
-- Dumping data for table `notifications`
--

INSERT INTO `notifications` (`id`, `type`, `read`, `order_id`, `created_at`, `updated_at`) VALUES
(1, 'order', 0, 1, '2025-12-28 12:42:50', '2025-12-28 12:42:50'),
(2, 'order', 0, 2, '2025-12-28 14:59:46', '2025-12-28 14:59:46'),
(3, 'order', 0, 3, '2025-12-28 15:22:22', '2025-12-28 15:22:22'),
(4, 'order', 0, 4, '2025-12-28 17:32:42', '2025-12-28 17:32:42'),
(5, 'order', 1, 5, '2025-12-28 17:50:28', '2025-12-29 10:52:45'),
(6, 'order', 0, 8, '2025-12-29 15:26:00', '2025-12-29 15:26:00'),
(7, 'order', 0, 9, '2025-12-30 19:24:53', '2025-12-30 19:24:53'),
(8, 'order', 0, 10, '2025-12-30 19:25:35', '2025-12-30 19:25:35'),
(9, 'order', 0, 11, '2025-12-30 21:58:46', '2025-12-30 21:58:46'),
(10, 'order', 0, 12, '2025-12-30 22:02:26', '2025-12-30 22:02:26'),
(11, 'order', 0, 13, '2025-12-30 22:50:21', '2025-12-30 22:50:21'),
(12, 'order', 0, 14, '2025-12-31 00:09:36', '2025-12-31 00:09:36'),
(13, 'order', 0, 15, '2025-12-31 10:30:10', '2025-12-31 10:30:10'),
(14, 'order', 0, 16, '2025-12-31 15:48:33', '2025-12-31 15:48:33'),
(15, 'order', 0, 17, '2026-01-04 16:25:42', '2026-01-04 16:25:42');

-- --------------------------------------------------------

--
-- Table structure for table `orders`
--

CREATE TABLE `orders` (
  `id` int(10) UNSIGNED NOT NULL,
  `total_amount` decimal(10,2) NOT NULL,
  `increment_id` varchar(255) COLLATE utf8mb4_unicode_ci NOT NULL,
  `status` varchar(255) COLLATE utf8mb4_unicode_ci DEFAULT NULL,
  `channel_name` varchar(255) COLLATE utf8mb4_unicode_ci DEFAULT NULL,
  `is_guest` tinyint(1) DEFAULT NULL,
  `customer_email` varchar(255) COLLATE utf8mb4_unicode_ci DEFAULT NULL,
  `customer_first_name` varchar(255) COLLATE utf8mb4_unicode_ci DEFAULT NULL,
  `customer_last_name` varchar(255) COLLATE utf8mb4_unicode_ci DEFAULT NULL,
  `shipping_method` varchar(255) COLLATE utf8mb4_unicode_ci DEFAULT NULL,
  `shipping_title` varchar(255) COLLATE utf8mb4_unicode_ci DEFAULT NULL,
  `shipping_description` varchar(255) COLLATE utf8mb4_unicode_ci DEFAULT NULL,
  `coupon_code` varchar(255) COLLATE utf8mb4_unicode_ci DEFAULT NULL,
  `is_gift` tinyint(1) NOT NULL DEFAULT '0',
  `total_item_count` int(11) DEFAULT NULL,
  `total_qty_ordered` int(11) DEFAULT NULL,
  `base_currency_code` varchar(255) COLLATE utf8mb4_unicode_ci DEFAULT NULL,
  `channel_currency_code` varchar(255) COLLATE utf8mb4_unicode_ci DEFAULT NULL,
  `order_currency_code` varchar(255) COLLATE utf8mb4_unicode_ci DEFAULT NULL,
  `grand_total` decimal(12,4) DEFAULT '0.0000',
  `base_grand_total` decimal(12,4) DEFAULT '0.0000',
  `grand_total_invoiced` decimal(12,4) DEFAULT '0.0000',
  `base_grand_total_invoiced` decimal(12,4) DEFAULT '0.0000',
  `grand_total_refunded` decimal(12,4) DEFAULT '0.0000',
  `base_grand_total_refunded` decimal(12,4) DEFAULT '0.0000',
  `sub_total` decimal(12,4) DEFAULT '0.0000',
  `base_sub_total` decimal(12,4) DEFAULT '0.0000',
  `sub_total_invoiced` decimal(12,4) DEFAULT '0.0000',
  `base_sub_total_invoiced` decimal(12,4) DEFAULT '0.0000',
  `sub_total_refunded` decimal(12,4) DEFAULT '0.0000',
  `base_sub_total_refunded` decimal(12,4) DEFAULT '0.0000',
  `discount_percent` decimal(12,4) DEFAULT '0.0000',
  `discount_amount` decimal(12,4) DEFAULT '0.0000',
  `base_discount_amount` decimal(12,4) DEFAULT '0.0000',
  `discount_invoiced` decimal(12,4) DEFAULT '0.0000',
  `base_discount_invoiced` decimal(12,4) DEFAULT '0.0000',
  `discount_refunded` decimal(12,4) DEFAULT '0.0000',
  `base_discount_refunded` decimal(12,4) DEFAULT '0.0000',
  `tax_amount` decimal(12,4) DEFAULT '0.0000',
  `base_tax_amount` decimal(12,4) DEFAULT '0.0000',
  `tax_amount_invoiced` decimal(12,4) DEFAULT '0.0000',
  `base_tax_amount_invoiced` decimal(12,4) DEFAULT '0.0000',
  `tax_amount_refunded` decimal(12,4) DEFAULT '0.0000',
  `base_tax_amount_refunded` decimal(12,4) DEFAULT '0.0000',
  `shipping_amount` decimal(12,4) DEFAULT '0.0000',
  `base_shipping_amount` decimal(12,4) DEFAULT '0.0000',
  `shipping_invoiced` decimal(12,4) DEFAULT '0.0000',
  `base_shipping_invoiced` decimal(12,4) DEFAULT '0.0000',
  `shipping_refunded` decimal(12,4) DEFAULT '0.0000',
  `base_shipping_refunded` decimal(12,4) DEFAULT '0.0000',
  `shipping_discount_amount` decimal(12,4) DEFAULT '0.0000',
  `base_shipping_discount_amount` decimal(12,4) DEFAULT '0.0000',
  `shipping_tax_amount` decimal(12,4) NOT NULL DEFAULT '0.0000',
  `base_shipping_tax_amount` decimal(12,4) NOT NULL DEFAULT '0.0000',
  `shipping_tax_refunded` decimal(12,4) NOT NULL DEFAULT '0.0000',
  `base_shipping_tax_refunded` decimal(12,4) NOT NULL DEFAULT '0.0000',
  `sub_total_incl_tax` decimal(12,4) NOT NULL DEFAULT '0.0000',
  `base_sub_total_incl_tax` decimal(12,4) NOT NULL DEFAULT '0.0000',
  `shipping_amount_incl_tax` decimal(12,4) NOT NULL DEFAULT '0.0000',
  `base_shipping_amount_incl_tax` decimal(12,4) NOT NULL DEFAULT '0.0000',
  `customer_id` int(10) UNSIGNED DEFAULT NULL,
  `customer_type` varchar(255) COLLATE utf8mb4_unicode_ci DEFAULT NULL,
  `channel_id` int(10) UNSIGNED DEFAULT NULL,
  `channel_type` varchar(255) COLLATE utf8mb4_unicode_ci DEFAULT NULL,
  `cart_id` int(11) DEFAULT NULL,
  `pathao_consignment_id` varchar(255) COLLATE utf8mb4_unicode_ci DEFAULT NULL,
  `pathao_tracking_enabled` tinyint(1) NOT NULL DEFAULT '0',
  `applied_cart_rule_ids` varchar(255) COLLATE utf8mb4_unicode_ci DEFAULT NULL,
  `created_at` timestamp NULL DEFAULT NULL,
  `updated_at` timestamp NULL DEFAULT NULL,
  `deleted_at` timestamp NULL DEFAULT NULL,
  `points` int(11) DEFAULT NULL
) ENGINE=InnoDB DEFAULT CHARSET=utf8mb4 COLLATE=utf8mb4_unicode_ci;

--
-- Dumping data for table `orders`
--

INSERT INTO `orders` (`id`, `total_amount`, `increment_id`, `status`, `channel_name`, `is_guest`, `customer_email`, `customer_first_name`, `customer_last_name`, `shipping_method`, `shipping_title`, `shipping_description`, `coupon_code`, `is_gift`, `total_item_count`, `total_qty_ordered`, `base_currency_code`, `channel_currency_code`, `order_currency_code`, `grand_total`, `base_grand_total`, `grand_total_invoiced`, `base_grand_total_invoiced`, `grand_total_refunded`, `base_grand_total_refunded`, `sub_total`, `base_sub_total`, `sub_total_invoiced`, `base_sub_total_invoiced`, `sub_total_refunded`, `base_sub_total_refunded`, `discount_percent`, `discount_amount`, `base_discount_amount`, `discount_invoiced`, `base_discount_invoiced`, `discount_refunded`, `base_discount_refunded`, `tax_amount`, `base_tax_amount`, `tax_amount_invoiced`, `base_tax_amount_invoiced`, `tax_amount_refunded`, `base_tax_amount_refunded`, `shipping_amount`, `base_shipping_amount`, `shipping_invoiced`, `base_shipping_invoiced`, `shipping_refunded`, `base_shipping_refunded`, `shipping_discount_amount`, `base_shipping_discount_amount`, `shipping_tax_amount`, `base_shipping_tax_amount`, `shipping_tax_refunded`, `base_shipping_tax_refunded`, `sub_total_incl_tax`, `base_sub_total_incl_tax`, `shipping_amount_incl_tax`, `base_shipping_amount_incl_tax`, `customer_id`, `customer_type`, `channel_id`, `channel_type`, `cart_id`, `pathao_consignment_id`, `pathao_tracking_enabled`, `applied_cart_rule_ids`, `created_at`, `updated_at`, `deleted_at`, `points`) VALUES
(1, 0.00, '1', 'completed', 'Default', 0, 'ashrafulunisoft@gmail.com', 'Md.Ashaful', 'Momen', 'free_free', 'Free Shipping - Free Shipping', 'Free Shipping', NULL, 0, 1, 1, 'USD', 'USD', 'USD', 1011.0000, 1011.0000, 1011.0000, 1011.0000, 0.0000, 0.0000, 1011.0000, 1011.0000, 1011.0000, 1011.0000, 0.0000, 0.0000, 0.0000, 0.0000, 0.0000, 0.0000, 0.0000, 0.0000, 0.0000, 0.0000, 0.0000, 0.0000, 0.0000, 0.0000, 0.0000, 0.0000, 0.0000, 0.0000, 0.0000, 0.0000, 0.0000, 0.0000, 0.0000, 0.0000, 0.0000, 0.0000, 0.0000, 1011.0000, 1011.0000, 0.0000, 0.0000, 1, 'Webkul\\Customer\\Models\\Customer', 1, 'Webkul\\Core\\Models\\Channel', 1, 'TEST-CONSIGNMENT-001', 0, NULL, '2025-12-28 12:42:45', '2025-12-30 20:53:44', NULL, NULL),
(2, 0.00, '2', 'completed', 'Default', 0, 'ashrafulunisoft@gmail.com', 'Md.Ashaful', 'Momen', 'free_free', 'Free Shipping - Free Shipping', 'Free Shipping', NULL, 0, 1, 1, 'USD', 'USD', 'USD', 1011.0000, 1011.0000, 1011.0000, 1011.0000, 0.0000, 0.0000, 1011.0000, 1011.0000, 1011.0000, 1011.0000, 0.0000, 0.0000, 0.0000, 0.0000, 0.0000, 0.0000, 0.0000, 0.0000, 0.0000, 0.0000, 0.0000, 0.0000, 0.0000, 0.0000, 0.0000, 0.0000, 0.0000, 0.0000, 0.0000, 0.0000, 0.0000, 0.0000, 0.0000, 0.0000, 0.0000, 0.0000, 0.0000, 1011.0000, 1011.0000, 0.0000, 0.0000, 1, 'Webkul\\Customer\\Models\\Customer', 1, 'Webkul\\Core\\Models\\Channel', 2, NULL, 0, NULL, '2025-12-28 14:59:41', '2025-12-28 17:37:05', NULL, NULL),
(3, 0.00, '3', 'processing', 'Default', 0, 'ashrafulunisoft@gmail.com', 'Md.Ashaful', 'Momen', 'free_free', 'Free Shipping - Free Shipping', 'Free Shipping', NULL, 0, 1, 1, 'USD', 'USD', 'USD', 1011.0000, 1011.0000, 1011.0000, 1011.0000, 0.0000, 0.0000, 1011.0000, 1011.0000, 1011.0000, 1011.0000, 0.0000, 0.0000, 0.0000, 0.0000, 0.0000, 0.0000, 0.0000, 0.0000, 0.0000, 0.0000, 0.0000, 0.0000, 0.0000, 0.0000, 0.0000, 0.0000, 0.0000, 0.0000, 0.0000, 0.0000, 0.0000, 0.0000, 0.0000, 0.0000, 0.0000, 0.0000, 0.0000, 1011.0000, 1011.0000, 0.0000, 0.0000, 1, 'Webkul\\Customer\\Models\\Customer', 1, 'Webkul\\Core\\Models\\Channel', 3, NULL, 0, NULL, '2025-12-28 15:22:18', '2025-12-28 17:38:21', NULL, NULL),
(4, 0.00, '4', 'canceled', 'Default', 0, 'ashrafulunisoft@gmail.com', 'Md.Ashaful', 'Momen', 'free_free', 'Free Shipping - Free Shipping', 'Free Shipping', NULL, 0, 1, 1, 'USD', 'USD', 'USD', 1011.0000, 1011.0000, 0.0000, 0.0000, 0.0000, 0.0000, 1011.0000, 1011.0000, 0.0000, 0.0000, 0.0000, 0.0000, 0.0000, 0.0000, 0.0000, 0.0000, 0.0000, 0.0000, 0.0000, 0.0000, 0.0000, 0.0000, 0.0000, 0.0000, 0.0000, 0.0000, 0.0000, 0.0000, 0.0000, 0.0000, 0.0000, 0.0000, 0.0000, 0.0000, 0.0000, 0.0000, 0.0000, 1011.0000, 1011.0000, 0.0000, 0.0000, 1, 'Webkul\\Customer\\Models\\Customer', 1, 'Webkul\\Core\\Models\\Channel', 4, NULL, 0, NULL, '2025-12-28 17:32:38', '2025-12-28 17:39:24', NULL, NULL),
(5, 0.00, '5', 'processing', 'Default', 0, 'ashrafulinstasure@gmail.com', 'Ashraful', 'Shuvo', 'free_free', 'Free Shipping - Free Shipping', 'Free Shipping', NULL, 0, 1, 1, 'USD', 'USD', 'USD', 1011.0000, 1011.0000, 0.0000, 0.0000, 0.0000, 0.0000, 1011.0000, 1011.0000, 0.0000, 0.0000, 0.0000, 0.0000, 0.0000, 0.0000, 0.0000, 0.0000, 0.0000, 0.0000, 0.0000, 0.0000, 0.0000, 0.0000, 0.0000, 0.0000, 0.0000, 0.0000, 0.0000, 0.0000, 0.0000, 0.0000, 0.0000, 0.0000, 0.0000, 0.0000, 0.0000, 0.0000, 0.0000, 1011.0000, 1011.0000, 0.0000, 0.0000, 2, 'Webkul\\Customer\\Models\\Customer', 1, 'Webkul\\Core\\Models\\Channel', 5, NULL, 0, NULL, '2025-12-28 17:50:24', '2025-12-29 18:33:24', NULL, NULL),
(6, 0.00, '6', 'pending', 'Default', 0, NULL, NULL, NULL, 'free_free', 'Free Shipping', NULL, NULL, 0, 1, 1, 'USD', 'USD', 'USD', 2861.0000, 2861.0000, 2861.0000, 2861.0000, 2861.0000, 0.0000, 2861.0000, 2861.0000, 2861.0000, 2861.0000, 2861.0000, 2861.0000, 0.0000, 0.0000, 0.0000, 0.0000, 0.0000, 0.0000, 0.0000, 0.0000, 0.0000, 0.0000, 0.0000, 0.0000, 0.0000, 0.0000, 0.0000, 0.0000, 0.0000, 0.0000, 0.0000, 0.0000, 0.0000, 0.0000, 0.0000, 0.0000, 0.0000, 0.0000, 0.0000, 0.0000, 0.0000, NULL, 'Webkul\\Customer\\Models\\Customer', 1, 'Webkul\\Core\\Models\\Channel', 0, NULL, 0, NULL, '2025-12-29 13:28:44', '2025-12-29 13:28:44', NULL, NULL),
(8, 0.00, '7', 'completed', 'Default', 0, 'ashrafulinstasure@gmail.com', 'Ashraful', 'Shuvo', 'free_free', 'Free Shipping - Free Shipping', 'Free Shipping', NULL, 0, 1, 1, 'USD', 'USD', 'USD', 1011.0000, 1011.0000, 1011.0000, 1011.0000, 0.0000, 0.0000, 1011.0000, 1011.0000, 1011.0000, 1011.0000, 0.0000, 0.0000, 0.0000, 0.0000, 0.0000, 0.0000, 0.0000, 0.0000, 0.0000, 0.0000, 0.0000, 0.0000, 0.0000, 0.0000, 0.0000, 0.0000, 0.0000, 0.0000, 0.0000, 0.0000, 0.0000, 0.0000, 0.0000, 0.0000, 0.0000, 0.0000, 0.0000, 1011.0000, 1011.0000, 0.0000, 0.0000, 2, 'Webkul\\Customer\\Models\\Customer', 1, 'Webkul\\Core\\Models\\Channel', 7, NULL, 0, NULL, '2025-12-29 15:25:56', '2025-12-29 18:02:50', NULL, NULL),
(9, 0.00, '9', 'processing', 'Default', 1, 'ashrafulunisoft@gmail.com', 'Shaine', 'Dickerson', 'free_free', 'Free Shipping - Free Shipping', 'Free Shipping', NULL, 0, 1, 1, 'USD', 'USD', 'USD', 1011.0000, 1011.0000, 0.0000, 0.0000, 0.0000, 0.0000, 1011.0000, 1011.0000, 0.0000, 0.0000, 0.0000, 0.0000, 0.0000, 0.0000, 0.0000, 0.0000, 0.0000, 0.0000, 0.0000, 0.0000, 0.0000, 0.0000, 0.0000, 0.0000, 0.0000, 0.0000, 0.0000, 0.0000, 0.0000, 0.0000, 0.0000, 0.0000, 0.0000, 0.0000, 0.0000, 0.0000, 0.0000, 1011.0000, 1011.0000, 0.0000, 0.0000, NULL, NULL, 1, 'Webkul\\Core\\Models\\Channel', 8, NULL, 0, NULL, '2025-12-30 19:24:49', '2025-12-30 21:01:43', NULL, NULL),
(10, 0.00, '10', 'completed', 'Default', 0, 'ashrafulunisoft@gmail.com', 'Md.Ashaful', 'Momen', 'free_free', 'Free Shipping - Free Shipping', 'Free Shipping', NULL, 0, 1, 1, 'USD', 'USD', 'USD', 1011.0000, 1011.0000, 0.0000, 0.0000, 0.0000, 0.0000, 1011.0000, 1011.0000, 0.0000, 0.0000, 0.0000, 0.0000, 0.0000, 0.0000, 0.0000, 0.0000, 0.0000, 0.0000, 0.0000, 0.0000, 0.0000, 0.0000, 0.0000, 0.0000, 0.0000, 0.0000, 0.0000, 0.0000, 0.0000, 0.0000, 0.0000, 0.0000, 0.0000, 0.0000, 0.0000, 0.0000, 0.0000, 1011.0000, 1011.0000, 0.0000, 0.0000, 1, 'Webkul\\Customer\\Models\\Customer', 1, 'Webkul\\Core\\Models\\Channel', 6, NULL, 0, NULL, '2025-12-30 19:25:31', '2025-12-30 19:28:03', NULL, NULL),
(11, 0.00, '11', 'processing', 'Default', 0, 'ashrafulunisoft@gmail.com', 'Md.Ashaful', 'Momen', 'free_free', 'Free Shipping - Free Shipping', 'Free Shipping', NULL, 0, 1, 1, 'USD', 'USD', 'USD', 1011.0000, 1011.0000, 0.0000, 0.0000, 0.0000, 0.0000, 1011.0000, 1011.0000, 0.0000, 0.0000, 0.0000, 0.0000, 0.0000, 0.0000, 0.0000, 0.0000, 0.0000, 0.0000, 0.0000, 0.0000, 0.0000, 0.0000, 0.0000, 0.0000, 0.0000, 0.0000, 0.0000, 0.0000, 0.0000, 0.0000, 0.0000, 0.0000, 0.0000, 0.0000, 0.0000, 0.0000, 0.0000, 1011.0000, 1011.0000, 0.0000, 0.0000, 1, 'Webkul\\Customer\\Models\\Customer', 1, 'Webkul\\Core\\Models\\Channel', 9, NULL, 0, NULL, '2025-12-30 21:58:42', '2025-12-30 21:59:19', NULL, NULL),
(12, 0.00, '12', 'completed', 'Default', 0, 'ashrafulunisoft@gmail.com', 'Md.Ashaful', 'Momen', 'free_free', 'Free Shipping - Free Shipping', 'Free Shipping', NULL, 0, 1, 1, 'USD', 'USD', 'USD', 1011.0000, 1011.0000, 1011.0000, 1011.0000, 0.0000, 0.0000, 1011.0000, 1011.0000, 1011.0000, 1011.0000, 0.0000, 0.0000, 0.0000, 0.0000, 0.0000, 0.0000, 0.0000, 0.0000, 0.0000, 0.0000, 0.0000, 0.0000, 0.0000, 0.0000, 0.0000, 0.0000, 0.0000, 0.0000, 0.0000, 0.0000, 0.0000, 0.0000, 0.0000, 0.0000, 0.0000, 0.0000, 0.0000, 1011.0000, 1011.0000, 0.0000, 0.0000, 1, 'Webkul\\Customer\\Models\\Customer', 1, 'Webkul\\Core\\Models\\Channel', 10, 'DT301225JESMXF', 1, NULL, '2025-12-30 22:02:22', '2025-12-30 22:24:37', NULL, NULL),
(13, 0.00, '13', 'completed', 'Default', 0, 'ashrafulunisoft@gmail.com', 'Md.Ashaful', 'Momen', 'free_free', 'Free Shipping - Free Shipping', 'Free Shipping', NULL, 0, 1, 1, 'USD', 'USD', 'USD', 1011.0000, 1011.0000, 1011.0000, 1011.0000, 0.0000, 0.0000, 1011.0000, 1011.0000, 1011.0000, 1011.0000, 0.0000, 0.0000, 0.0000, 0.0000, 0.0000, 0.0000, 0.0000, 0.0000, 0.0000, 0.0000, 0.0000, 0.0000, 0.0000, 0.0000, 0.0000, 0.0000, 0.0000, 0.0000, 0.0000, 0.0000, 0.0000, 0.0000, 0.0000, 0.0000, 0.0000, 0.0000, 0.0000, 1011.0000, 1011.0000, 0.0000, 0.0000, 1, 'Webkul\\Customer\\Models\\Customer', 1, 'Webkul\\Core\\Models\\Channel', 11, 'DT3012252ZLHEM', 1, NULL, '2025-12-30 22:50:18', '2025-12-30 22:51:27', NULL, NULL),
(14, 0.00, '14', 'completed', 'Default', 0, 'ashrafulunisoft@gmail.com', 'Md.Ashaful', 'Momen', 'free_free', 'Free Shipping - Free Shipping', 'Free Shipping', NULL, 0, 1, 1, 'USD', 'USD', 'USD', 1011.0000, 1011.0000, 1011.0000, 1011.0000, 0.0000, 0.0000, 1011.0000, 1011.0000, 1011.0000, 1011.0000, 0.0000, 0.0000, 0.0000, 0.0000, 0.0000, 0.0000, 0.0000, 0.0000, 0.0000, 0.0000, 0.0000, 0.0000, 0.0000, 0.0000, 0.0000, 0.0000, 0.0000, 0.0000, 0.0000, 0.0000, 0.0000, 0.0000, 0.0000, 0.0000, 0.0000, 0.0000, 0.0000, 1011.0000, 1011.0000, 0.0000, 0.0000, 1, 'Webkul\\Customer\\Models\\Customer', 1, 'Webkul\\Core\\Models\\Channel', 12, 'DT301225EU9M8E', 1, NULL, '2025-12-31 00:09:32', '2025-12-31 00:10:49', NULL, NULL),
(15, 0.00, '15', 'completed', 'Default', 0, 'ashrafulinstasure@gmail.com', 'Ashraful', 'Shuvo', 'free_free', 'Free Shipping - Free Shipping', 'Free Shipping', NULL, 0, 1, 1, 'USD', 'USD', 'USD', 1011.0000, 1011.0000, 0.0000, 0.0000, 0.0000, 0.0000, 1011.0000, 1011.0000, 0.0000, 0.0000, 0.0000, 0.0000, 0.0000, 0.0000, 0.0000, 0.0000, 0.0000, 0.0000, 0.0000, 0.0000, 0.0000, 0.0000, 0.0000, 0.0000, 0.0000, 0.0000, 0.0000, 0.0000, 0.0000, 0.0000, 0.0000, 0.0000, 0.0000, 0.0000, 0.0000, 0.0000, 0.0000, 1011.0000, 1011.0000, 0.0000, 0.0000, 2, 'Webkul\\Customer\\Models\\Customer', 1, 'Webkul\\Core\\Models\\Channel', 14, 'DT3112257ZTQZS', 1, NULL, '2025-12-31 10:30:06', '2025-12-31 11:11:26', NULL, NULL),
(16, 0.00, '16', 'processing', 'Default', 0, 'ashrafulinstasure@gmail.com', 'Ashraful', 'Shuvo', 'free_free', 'Free Shipping - Free Shipping', 'Free Shipping', NULL, 0, 1, 1, 'USD', 'USD', 'USD', 1011.0000, 1011.0000, 0.0000, 0.0000, 0.0000, 0.0000, 1011.0000, 1011.0000, 0.0000, 0.0000, 0.0000, 0.0000, 0.0000, 0.0000, 0.0000, 0.0000, 0.0000, 0.0000, 0.0000, 0.0000, 0.0000, 0.0000, 0.0000, 0.0000, 0.0000, 0.0000, 0.0000, 0.0000, 0.0000, 0.0000, 0.0000, 0.0000, 0.0000, 0.0000, 0.0000, 0.0000, 0.0000, 1011.0000, 1011.0000, 0.0000, 0.0000, 2, 'Webkul\\Customer\\Models\\Customer', 1, 'Webkul\\Core\\Models\\Channel', 16, 'DT311225JEPFQS', 1, NULL, '2025-12-31 15:48:29', '2025-12-31 15:49:13', NULL, NULL),
(17, 0.00, '17', 'pending', 'Default', 0, 'ashrafulinstasure@gmail.com', 'Ashraful', 'Shuvo', 'free_free', 'Free Shipping - Free Shipping', 'Free Shipping', NULL, 0, 1, 1, 'USD', 'USD', 'USD', 1011.0000, 1011.0000, 0.0000, 0.0000, 0.0000, 0.0000, 1011.0000, 1011.0000, 0.0000, 0.0000, 0.0000, 0.0000, 0.0000, 0.0000, 0.0000, 0.0000, 0.0000, 0.0000, 0.0000, 0.0000, 0.0000, 0.0000, 0.0000, 0.0000, 0.0000, 0.0000, 0.0000, 0.0000, 0.0000, 0.0000, 0.0000, 0.0000, 0.0000, 0.0000, 0.0000, 0.0000, 0.0000, 1011.0000, 1011.0000, 0.0000, 0.0000, 2, 'Webkul\\Customer\\Models\\Customer', 1, 'Webkul\\Core\\Models\\Channel', 17, NULL, 0, NULL, '2026-01-04 16:25:38', '2026-01-04 16:25:38', NULL, NULL);

-- --------------------------------------------------------

--
-- Table structure for table `order_comments`
--

CREATE TABLE `order_comments` (
  `id` int(10) UNSIGNED NOT NULL,
  `order_id` int(10) UNSIGNED DEFAULT NULL,
  `comment` text COLLATE utf8mb4_unicode_ci NOT NULL,
  `customer_notified` tinyint(1) NOT NULL DEFAULT '0',
  `created_at` timestamp NULL DEFAULT NULL,
  `updated_at` timestamp NULL DEFAULT NULL
) ENGINE=InnoDB DEFAULT CHARSET=utf8mb4 COLLATE=utf8mb4_unicode_ci;

--
-- Dumping data for table `order_comments`
--

INSERT INTO `order_comments` (`id`, `order_id`, `comment`, `customer_notified`, `created_at`, `updated_at`) VALUES
(1, 1, 'check your invoice .', 0, '2025-12-28 16:11:31', '2025-12-28 16:11:31'),
(2, 2, 'check the logo', 1, '2025-12-28 17:37:46', '2025-12-28 17:37:46'),
(3, 8, 'Thanks for the order', 1, '2025-12-29 15:30:58', '2025-12-29 15:30:58');

-- --------------------------------------------------------

--
-- Table structure for table `order_items`
--

CREATE TABLE `order_items` (
  `id` int(10) UNSIGNED NOT NULL,
  `sku` varchar(255) COLLATE utf8mb4_unicode_ci DEFAULT NULL,
  `type` varchar(255) COLLATE utf8mb4_unicode_ci DEFAULT NULL,
  `name` varchar(255) COLLATE utf8mb4_unicode_ci DEFAULT NULL,
  `coupon_code` varchar(255) COLLATE utf8mb4_unicode_ci DEFAULT NULL,
  `weight` decimal(12,4) DEFAULT '0.0000',
  `total_weight` decimal(12,4) DEFAULT '0.0000',
  `qty_ordered` int(11) DEFAULT '0',
  `qty_shipped` int(11) DEFAULT '0',
  `qty_invoiced` int(11) DEFAULT '0',
  `qty_canceled` int(11) DEFAULT '0',
  `qty_refunded` int(11) DEFAULT '0',
  `price` decimal(12,4) NOT NULL DEFAULT '0.0000',
  `base_price` decimal(12,4) NOT NULL DEFAULT '0.0000',
  `total` decimal(12,4) NOT NULL DEFAULT '0.0000',
  `base_total` decimal(12,4) NOT NULL DEFAULT '0.0000',
  `total_invoiced` decimal(12,4) NOT NULL DEFAULT '0.0000',
  `base_total_invoiced` decimal(12,4) NOT NULL DEFAULT '0.0000',
  `amount_refunded` decimal(12,4) NOT NULL DEFAULT '0.0000',
  `base_amount_refunded` decimal(12,4) NOT NULL DEFAULT '0.0000',
  `discount_percent` decimal(12,4) DEFAULT '0.0000',
  `discount_amount` decimal(12,4) DEFAULT '0.0000',
  `base_discount_amount` decimal(12,4) DEFAULT '0.0000',
  `discount_invoiced` decimal(12,4) DEFAULT '0.0000',
  `base_discount_invoiced` decimal(12,4) DEFAULT '0.0000',
  `discount_refunded` decimal(12,4) DEFAULT '0.0000',
  `base_discount_refunded` decimal(12,4) DEFAULT '0.0000',
  `tax_percent` decimal(12,4) DEFAULT '0.0000',
  `tax_amount` decimal(12,4) DEFAULT '0.0000',
  `base_tax_amount` decimal(12,4) DEFAULT '0.0000',
  `tax_amount_invoiced` decimal(12,4) DEFAULT '0.0000',
  `base_tax_amount_invoiced` decimal(12,4) DEFAULT '0.0000',
  `tax_amount_refunded` decimal(12,4) DEFAULT '0.0000',
  `base_tax_amount_refunded` decimal(12,4) DEFAULT '0.0000',
  `price_incl_tax` decimal(12,4) NOT NULL DEFAULT '0.0000',
  `base_price_incl_tax` decimal(12,4) NOT NULL DEFAULT '0.0000',
  `total_incl_tax` decimal(12,4) NOT NULL DEFAULT '0.0000',
  `base_total_incl_tax` decimal(12,4) NOT NULL DEFAULT '0.0000',
  `product_id` int(10) UNSIGNED DEFAULT NULL,
  `product_type` varchar(255) COLLATE utf8mb4_unicode_ci DEFAULT NULL,
  `order_id` int(10) UNSIGNED DEFAULT NULL,
  `tax_category_id` int(10) UNSIGNED DEFAULT NULL,
  `parent_id` int(10) UNSIGNED DEFAULT NULL,
  `additional` json DEFAULT NULL,
  `created_at` timestamp NULL DEFAULT NULL,
  `updated_at` timestamp NULL DEFAULT NULL,
  `points` int(11) DEFAULT NULL
) ENGINE=InnoDB DEFAULT CHARSET=utf8mb4 COLLATE=utf8mb4_unicode_ci;

--
-- Dumping data for table `order_items`
--

INSERT INTO `order_items` (`id`, `sku`, `type`, `name`, `coupon_code`, `weight`, `total_weight`, `qty_ordered`, `qty_shipped`, `qty_invoiced`, `qty_canceled`, `qty_refunded`, `price`, `base_price`, `total`, `base_total`, `total_invoiced`, `base_total_invoiced`, `amount_refunded`, `base_amount_refunded`, `discount_percent`, `discount_amount`, `base_discount_amount`, `discount_invoiced`, `base_discount_invoiced`, `discount_refunded`, `base_discount_refunded`, `tax_percent`, `tax_amount`, `base_tax_amount`, `tax_amount_invoiced`, `base_tax_amount_invoiced`, `tax_amount_refunded`, `base_tax_amount_refunded`, `price_incl_tax`, `base_price_incl_tax`, `total_incl_tax`, `base_total_incl_tax`, `product_id`, `product_type`, `order_id`, `tax_category_id`, `parent_id`, `additional`, `created_at`, `updated_at`, `points`) VALUES
(1, '1011', 'simple', '', NULL, 1.0000, 1.0000, 1, 1, 1, 0, 0, 1011.0000, 1011.0000, 1011.0000, 1011.0000, 1011.0000, 1011.0000, 0.0000, 0.0000, 0.0000, 0.0000, 0.0000, 0.0000, 0.0000, 0.0000, 0.0000, 0.0000, 0.0000, 0.0000, 0.0000, 0.0000, 0.0000, 0.0000, 1011.0000, 1011.0000, 1011.0000, 1011.0000, 2, 'Webkul\\Product\\Models\\Product', 1, NULL, NULL, '{\"locale\": \"en\", \"cart_id\": 1, \"quantity\": 1, \"is_buy_now\": \"0\", \"product_id\": \"2\"}', '2025-12-28 12:42:45', '2025-12-28 15:59:26', NULL),
(2, '1011', 'simple', '', NULL, 1.0000, 1.0000, 1, 1, 1, 0, 0, 1011.0000, 1011.0000, 1011.0000, 1011.0000, 1011.0000, 1011.0000, 0.0000, 0.0000, 0.0000, 0.0000, 0.0000, 0.0000, 0.0000, 0.0000, 0.0000, 0.0000, 0.0000, 0.0000, 0.0000, 0.0000, 0.0000, 0.0000, 1011.0000, 1011.0000, 1011.0000, 1011.0000, 2, 'Webkul\\Product\\Models\\Product', 2, NULL, NULL, '{\"locale\": \"en\", \"cart_id\": 2, \"quantity\": 1, \"is_buy_now\": \"0\", \"product_id\": \"2\"}', '2025-12-28 14:59:42', '2025-12-28 17:37:05', NULL),
(3, '1011', 'simple', '', NULL, 1.0000, 1.0000, 1, 0, 1, 0, 0, 1011.0000, 1011.0000, 1011.0000, 1011.0000, 1011.0000, 1011.0000, 0.0000, 0.0000, 0.0000, 0.0000, 0.0000, 0.0000, 0.0000, 0.0000, 0.0000, 0.0000, 0.0000, 0.0000, 0.0000, 0.0000, 0.0000, 0.0000, 1011.0000, 1011.0000, 1011.0000, 1011.0000, 2, 'Webkul\\Product\\Models\\Product', 3, NULL, NULL, '{\"locale\": \"en\", \"cart_id\": 3, \"quantity\": 1, \"is_buy_now\": \"0\", \"product_id\": \"2\"}', '2025-12-28 15:22:18', '2025-12-28 17:38:21', NULL),
(4, '1011', 'simple', '', NULL, 1.0000, 1.0000, 1, 0, 0, 1, 0, 1011.0000, 1011.0000, 1011.0000, 1011.0000, 0.0000, 0.0000, 0.0000, 0.0000, 0.0000, 0.0000, 0.0000, 0.0000, 0.0000, 0.0000, 0.0000, 0.0000, 0.0000, 0.0000, 0.0000, 0.0000, 0.0000, 0.0000, 1011.0000, 1011.0000, 1011.0000, 1011.0000, 2, 'Webkul\\Product\\Models\\Product', 4, NULL, NULL, '{\"locale\": \"en\", \"cart_id\": 4, \"quantity\": 1, \"is_buy_now\": \"0\", \"product_id\": \"2\"}', '2025-12-28 17:32:38', '2025-12-28 17:39:24', NULL),
(5, '1011', 'simple', '', NULL, 1.0000, 1.0000, 1, 1, 0, 0, 0, 1011.0000, 1011.0000, 1011.0000, 1011.0000, 0.0000, 0.0000, 0.0000, 0.0000, 0.0000, 0.0000, 0.0000, 0.0000, 0.0000, 0.0000, 0.0000, 0.0000, 0.0000, 0.0000, 0.0000, 0.0000, 0.0000, 0.0000, 1011.0000, 1011.0000, 1011.0000, 1011.0000, 2, 'Webkul\\Product\\Models\\Product', 5, NULL, NULL, '{\"locale\": \"en\", \"cart_id\": 5, \"quantity\": 1, \"is_buy_now\": \"0\", \"product_id\": \"2\"}', '2025-12-28 17:50:24', '2025-12-29 18:33:24', NULL),
(6, '1011', 'simple', '', NULL, 1.0000, 1.0000, 1, 1, 1, 0, 0, 1011.0000, 1011.0000, 1011.0000, 1011.0000, 1011.0000, 1011.0000, 0.0000, 0.0000, 0.0000, 0.0000, 0.0000, 0.0000, 0.0000, 0.0000, 0.0000, 0.0000, 0.0000, 0.0000, 0.0000, 0.0000, 0.0000, 0.0000, 1011.0000, 1011.0000, 1011.0000, 1011.0000, 2, 'Webkul\\Product\\Models\\Product', 8, NULL, NULL, '{\"locale\": \"en\", \"cart_id\": 5, \"quantity\": 1, \"is_buy_now\": \"0\", \"product_id\": \"2\"}', '2025-12-29 15:25:56', '2025-12-29 18:02:50', NULL),
(7, '1011', 'simple', '', NULL, 1.0000, 1.0000, 1, 1, 0, 0, 0, 1011.0000, 1011.0000, 1011.0000, 1011.0000, 0.0000, 0.0000, 0.0000, 0.0000, 0.0000, 0.0000, 0.0000, 0.0000, 0.0000, 0.0000, 0.0000, 0.0000, 0.0000, 0.0000, 0.0000, 0.0000, 0.0000, 0.0000, 1011.0000, 1011.0000, 1011.0000, 1011.0000, 2, 'Webkul\\Product\\Models\\Product', 9, NULL, NULL, '{\"locale\": \"en\", \"cart_id\": 8, \"quantity\": 1, \"is_buy_now\": \"0\", \"product_id\": \"2\"}', '2025-12-30 19:24:49', '2025-12-30 21:01:43', NULL),
(8, '1011', 'simple', '', NULL, 1.0000, 1.0000, 1, 1, 0, 0, 0, 1011.0000, 1011.0000, 1011.0000, 1011.0000, 0.0000, 0.0000, 0.0000, 0.0000, 0.0000, 0.0000, 0.0000, 0.0000, 0.0000, 0.0000, 0.0000, 0.0000, 0.0000, 0.0000, 0.0000, 0.0000, 0.0000, 0.0000, 1011.0000, 1011.0000, 1011.0000, 1011.0000, 2, 'Webkul\\Product\\Models\\Product', 10, NULL, NULL, '{\"locale\": \"en\", \"cart_id\": 6, \"quantity\": 1, \"is_buy_now\": \"0\", \"product_id\": \"2\"}', '2025-12-30 19:25:31', '2025-12-30 19:26:50', NULL),
(9, '1011', 'simple', '', NULL, 1.0000, 1.0000, 1, 1, 0, 0, 0, 1011.0000, 1011.0000, 1011.0000, 1011.0000, 0.0000, 0.0000, 0.0000, 0.0000, 0.0000, 0.0000, 0.0000, 0.0000, 0.0000, 0.0000, 0.0000, 0.0000, 0.0000, 0.0000, 0.0000, 0.0000, 0.0000, 0.0000, 1011.0000, 1011.0000, 1011.0000, 1011.0000, 2, 'Webkul\\Product\\Models\\Product', 11, NULL, NULL, '{\"locale\": \"en\", \"cart_id\": 9, \"quantity\": 1, \"is_buy_now\": \"0\", \"product_id\": \"2\"}', '2025-12-30 21:58:42', '2025-12-30 21:59:19', NULL),
(10, '1011', 'simple', '', NULL, 1.0000, 1.0000, 1, 1, 1, 0, 0, 1011.0000, 1011.0000, 1011.0000, 1011.0000, 1011.0000, 1011.0000, 0.0000, 0.0000, 0.0000, 0.0000, 0.0000, 0.0000, 0.0000, 0.0000, 0.0000, 0.0000, 0.0000, 0.0000, 0.0000, 0.0000, 0.0000, 0.0000, 1011.0000, 1011.0000, 1011.0000, 1011.0000, 2, 'Webkul\\Product\\Models\\Product', 12, NULL, NULL, '{\"locale\": \"en\", \"cart_id\": 10, \"quantity\": 1, \"is_buy_now\": \"0\", \"product_id\": \"2\"}', '2025-12-30 22:02:22', '2025-12-30 22:05:58', NULL),
(11, '1011', 'simple', '', NULL, 1.0000, 1.0000, 1, 1, 1, 0, 0, 1011.0000, 1011.0000, 1011.0000, 1011.0000, 1011.0000, 1011.0000, 0.0000, 0.0000, 0.0000, 0.0000, 0.0000, 0.0000, 0.0000, 0.0000, 0.0000, 0.0000, 0.0000, 0.0000, 0.0000, 0.0000, 0.0000, 0.0000, 1011.0000, 1011.0000, 1011.0000, 1011.0000, 2, 'Webkul\\Product\\Models\\Product', 13, NULL, NULL, '{\"locale\": \"en\", \"cart_id\": 11, \"quantity\": 1, \"is_buy_now\": \"0\", \"product_id\": \"2\"}', '2025-12-30 22:50:18', '2025-12-30 22:51:23', NULL),
(12, '1011', 'simple', '', NULL, 1.0000, 1.0000, 1, 1, 1, 0, 0, 1011.0000, 1011.0000, 1011.0000, 1011.0000, 1011.0000, 1011.0000, 0.0000, 0.0000, 0.0000, 0.0000, 0.0000, 0.0000, 0.0000, 0.0000, 0.0000, 0.0000, 0.0000, 0.0000, 0.0000, 0.0000, 0.0000, 0.0000, 1011.0000, 1011.0000, 1011.0000, 1011.0000, 2, 'Webkul\\Product\\Models\\Product', 14, NULL, NULL, '{\"locale\": \"en\", \"cart_id\": 12, \"quantity\": 1, \"is_buy_now\": \"0\", \"product_id\": \"2\"}', '2025-12-31 00:09:32', '2025-12-31 00:10:44', NULL),
(13, '1011', 'simple', '', NULL, 1.0000, 1.0000, 1, 1, 0, 0, 0, 1011.0000, 1011.0000, 1011.0000, 1011.0000, 0.0000, 0.0000, 0.0000, 0.0000, 0.0000, 0.0000, 0.0000, 0.0000, 0.0000, 0.0000, 0.0000, 0.0000, 0.0000, 0.0000, 0.0000, 0.0000, 0.0000, 0.0000, 1011.0000, 1011.0000, 1011.0000, 1011.0000, 2, 'Webkul\\Product\\Models\\Product', 15, NULL, NULL, '{\"locale\": \"en\", \"cart_id\": 14, \"quantity\": 1, \"is_buy_now\": \"0\", \"product_id\": \"2\"}', '2025-12-31 10:30:06', '2025-12-31 11:11:20', NULL),
(14, '1011', 'simple', '', NULL, 1.0000, 1.0000, 1, 1, 0, 0, 0, 1011.0000, 1011.0000, 1011.0000, 1011.0000, 0.0000, 0.0000, 0.0000, 0.0000, 0.0000, 0.0000, 0.0000, 0.0000, 0.0000, 0.0000, 0.0000, 0.0000, 0.0000, 0.0000, 0.0000, 0.0000, 0.0000, 0.0000, 1011.0000, 1011.0000, 1011.0000, 1011.0000, 2, 'Webkul\\Product\\Models\\Product', 16, NULL, NULL, '{\"locale\": \"en\", \"cart_id\": 16, \"quantity\": 1, \"is_buy_now\": \"0\", \"product_id\": \"2\"}', '2025-12-31 15:48:29', '2025-12-31 15:49:03', NULL),
(15, '1011', 'simple', '', NULL, 1.0000, 1.0000, 1, 0, 0, 0, 0, 1011.0000, 1011.0000, 1011.0000, 1011.0000, 0.0000, 0.0000, 0.0000, 0.0000, 0.0000, 0.0000, 0.0000, 0.0000, 0.0000, 0.0000, 0.0000, 0.0000, 0.0000, 0.0000, 0.0000, 0.0000, 0.0000, 0.0000, 1011.0000, 1011.0000, 1011.0000, 1011.0000, 2, 'Webkul\\Product\\Models\\Product', 17, NULL, NULL, '{\"locale\": \"en\", \"cart_id\": 17, \"quantity\": 1, \"is_buy_now\": \"0\", \"product_id\": \"2\"}', '2026-01-04 16:25:38', '2026-01-04 16:25:38', NULL);

-- --------------------------------------------------------

--
-- Table structure for table `order_payment`
--

CREATE TABLE `order_payment` (
  `id` int(10) UNSIGNED NOT NULL,
  `order_id` int(10) UNSIGNED DEFAULT NULL,
  `method` varchar(255) COLLATE utf8mb4_unicode_ci NOT NULL,
  `method_title` varchar(255) COLLATE utf8mb4_unicode_ci DEFAULT NULL,
  `additional` json DEFAULT NULL,
  `created_at` timestamp NULL DEFAULT NULL,
  `updated_at` timestamp NULL DEFAULT NULL
) ENGINE=InnoDB DEFAULT CHARSET=utf8mb4 COLLATE=utf8mb4_unicode_ci;

--
-- Dumping data for table `order_payment`
--

INSERT INTO `order_payment` (`id`, `order_id`, `method`, `method_title`, `additional`, `created_at`, `updated_at`) VALUES
(1, 1, 'cashondelivery', 'Cash On Delivery', NULL, '2025-12-28 12:42:45', '2025-12-28 12:42:45'),
(2, 2, 'cashondelivery', 'Cash On Delivery', NULL, '2025-12-28 14:59:41', '2025-12-28 14:59:41'),
(3, 3, 'cashondelivery', 'Cash On Delivery', NULL, '2025-12-28 15:22:18', '2025-12-28 15:22:18'),
(4, 4, 'cashondelivery', 'Cash On Delivery', NULL, '2025-12-28 17:32:38', '2025-12-28 17:32:38'),
(5, 5, 'cashondelivery', 'Cash On Delivery', NULL, '2025-12-28 17:50:24', '2025-12-28 17:50:24'),
(6, 8, 'cashondelivery', 'Cash On Delivery', NULL, '2025-12-29 15:25:56', '2025-12-29 15:25:56'),
(7, 9, 'cashondelivery', 'Cash On Delivery', NULL, '2025-12-30 19:24:49', '2025-12-30 19:24:49'),
(8, 10, 'cashondelivery', 'Cash On Delivery', NULL, '2025-12-30 19:25:31', '2025-12-30 19:25:31'),
(9, 11, 'cashondelivery', 'Cash On Delivery', NULL, '2025-12-30 21:58:42', '2025-12-30 21:58:42'),
(10, 12, 'cashondelivery', 'Cash On Delivery', NULL, '2025-12-30 22:02:22', '2025-12-30 22:02:22'),
(11, 13, 'cashondelivery', 'Cash On Delivery', NULL, '2025-12-30 22:50:18', '2025-12-30 22:50:18'),
(12, 14, 'cashondelivery', 'Cash On Delivery', NULL, '2025-12-31 00:09:32', '2025-12-31 00:09:32'),
(13, 15, 'cashondelivery', 'Cash On Delivery', NULL, '2025-12-31 10:30:06', '2025-12-31 10:30:06'),
(14, 16, 'cashondelivery', 'Cash On Delivery', NULL, '2025-12-31 15:48:29', '2025-12-31 15:48:29'),
(15, 17, 'cashondelivery', 'Cash On Delivery', NULL, '2026-01-04 16:25:38', '2026-01-04 16:25:38');

-- --------------------------------------------------------

--
-- Table structure for table `order_transactions`
--

CREATE TABLE `order_transactions` (
  `id` int(10) UNSIGNED NOT NULL,
  `transaction_id` varchar(255) COLLATE utf8mb4_unicode_ci NOT NULL,
  `status` varchar(255) COLLATE utf8mb4_unicode_ci DEFAULT NULL,
  `type` varchar(255) COLLATE utf8mb4_unicode_ci DEFAULT NULL,
  `amount` decimal(12,4) DEFAULT '0.0000',
  `payment_method` varchar(255) COLLATE utf8mb4_unicode_ci DEFAULT NULL,
  `data` json DEFAULT NULL,
  `invoice_id` int(10) UNSIGNED NOT NULL,
  `order_id` int(10) UNSIGNED NOT NULL,
  `created_at` timestamp NULL DEFAULT NULL,
  `updated_at` timestamp NULL DEFAULT NULL
) ENGINE=InnoDB DEFAULT CHARSET=utf8mb4 COLLATE=utf8mb4_unicode_ci;

--
-- Dumping data for table `order_transactions`
--

INSERT INTO `order_transactions` (`id`, `transaction_id`, `status`, `type`, `amount`, `payment_method`, `data`, `invoice_id`, `order_id`, `created_at`, `updated_at`) VALUES
(1, 'b91a4a7f0516ced45964eeedff5a1355', 'paid', 'cashondelivery', 1011.0000, 'cashondelivery', NULL, 1, 1, '2025-12-28 15:59:26', '2025-12-28 15:59:26'),
(2, '59bb5b9f5a3df0fab9d33455588fa9f2', 'paid', 'cashondelivery', 1011.0000, 'cashondelivery', NULL, 2, 2, '2025-12-28 17:35:58', '2025-12-28 17:35:58'),
(3, '14ae855c8797772673eefe4f385e16de', 'paid', 'cashondelivery', 1011.0000, 'cashondelivery', NULL, 3, 3, '2025-12-28 17:38:21', '2025-12-28 17:38:21'),
(4, '20902f80a4b0f8a77a5ada881ec5a1cd', 'paid', 'cashondelivery', 1011.0000, 'cashondelivery', NULL, 4, 8, '2025-12-29 15:31:29', '2025-12-29 15:31:29'),
(5, 'dfc61ce1882d733a2dd4b513996b0c4d', 'paid', 'cashondelivery', 1011.0000, 'cashondelivery', NULL, 5, 12, '2025-12-30 22:05:58', '2025-12-30 22:05:58'),
(6, 'b6c4d028f9c1ec2a79435d459c4974f3', 'paid', 'cashondelivery', 1011.0000, 'cashondelivery', NULL, 6, 13, '2025-12-30 22:51:00', '2025-12-30 22:51:00'),
(7, '1f88e1c67c9b41bb9c1071144c600b9b', 'paid', 'cashondelivery', 1011.0000, 'cashondelivery', NULL, 7, 14, '2025-12-31 00:10:09', '2025-12-31 00:10:09');

-- --------------------------------------------------------

--
-- Table structure for table `password_resets`
--

CREATE TABLE `password_resets` (
  `email` varchar(255) COLLATE utf8mb4_unicode_ci NOT NULL,
  `token` varchar(255) COLLATE utf8mb4_unicode_ci NOT NULL,
  `created_at` timestamp NULL DEFAULT NULL
) ENGINE=InnoDB DEFAULT CHARSET=utf8mb4 COLLATE=utf8mb4_unicode_ci;

-- --------------------------------------------------------

--
-- Table structure for table `pathao_orders`
--

CREATE TABLE `pathao_orders` (
  `id` bigint(20) UNSIGNED NOT NULL,
  `order_id` int(10) UNSIGNED DEFAULT NULL,
  `consignment_id` varchar(255) COLLATE utf8mb4_unicode_ci DEFAULT NULL,
  `merchant_order_id` varchar(255) COLLATE utf8mb4_unicode_ci DEFAULT NULL,
  `store_id` varchar(255) COLLATE utf8mb4_unicode_ci DEFAULT NULL,
  `order_status` varchar(255) COLLATE utf8mb4_unicode_ci NOT NULL DEFAULT 'Pending',
  `order_status_slug` varchar(255) COLLATE utf8mb4_unicode_ci DEFAULT NULL,
  `delivery_fee` decimal(10,2) NOT NULL DEFAULT '0.00',
  `recipient_name` varchar(255) COLLATE utf8mb4_unicode_ci DEFAULT NULL,
  `recipient_phone` varchar(255) COLLATE utf8mb4_unicode_ci DEFAULT NULL,
  `recipient_address` text COLLATE utf8mb4_unicode_ci,
  `latitude` decimal(10,8) DEFAULT NULL,
  `longitude` decimal(11,8) DEFAULT NULL,
  `tracking_data` json DEFAULT NULL,
  `created_at` timestamp NULL DEFAULT NULL,
  `updated_at` timestamp NULL DEFAULT NULL
) ENGINE=InnoDB DEFAULT CHARSET=utf8mb4 COLLATE=utf8mb4_unicode_ci;

--
-- Dumping data for table `pathao_orders`
--

INSERT INTO `pathao_orders` (`id`, `order_id`, `consignment_id`, `merchant_order_id`, `store_id`, `order_status`, `order_status_slug`, `delivery_fee`, `recipient_name`, `recipient_phone`, `recipient_address`, `latitude`, `longitude`, `tracking_data`, `created_at`, `updated_at`) VALUES
(1, 1, 'TEST-CONSIGNMENT-001', '1', '1', 'Pending', 'pending', 100.00, 'Test Customer', '01859385787', 'Test Address', NULL, NULL, '{\"test\": \"data\"}', '2025-12-29 18:28:44', '2025-12-29 18:28:44'),
(2, 12, 'DT301225JESMXF', '12', '149442', 'Pending', 'pending', 60.00, 'Barbara Rhodes', '01859385787', 'Lorem totam autem er, Mirpur, Dhaka, Laboris et neque cul, BD', NULL, NULL, '{\"code\": 200, \"data\": {\"delivery_fee\": 60, \"order_status\": \"Pending\", \"consignment_id\": \"DT301225JESMXF\", \"merchant_order_id\": \"12\"}, \"type\": \"success\", \"message\": \"Order Created Successfully\"}', '2025-12-30 22:24:37', '2025-12-30 22:24:37'),
(3, 13, 'DT3012252ZLHEM', '13', '149442', 'Pending', 'pending', 60.00, 'Barbara Rhodes', '01859385787', 'Lorem totam autem er, Mirpur, Dhaka, Laboris et neque cul, BD', NULL, NULL, '{\"code\": 200, \"data\": {\"delivery_fee\": 60, \"order_status\": \"Pending\", \"consignment_id\": \"DT3012252ZLHEM\", \"merchant_order_id\": \"13\"}, \"type\": \"success\", \"message\": \"Order Created Successfully\"}', '2025-12-30 22:51:27', '2025-12-30 22:51:27'),
(4, 14, 'DT301225EU9M8E', '14', '149442', 'Pending', 'pending', 60.00, 'Barbara Rhodes', '01859385787', 'Lorem totam autem er, Mirpur, Dhaka, Laboris et neque cul, BD', NULL, NULL, '{\"code\": 200, \"data\": {\"delivery_fee\": 60, \"order_status\": \"Pending\", \"consignment_id\": \"DT301225EU9M8E\", \"merchant_order_id\": \"14\"}, \"type\": \"success\", \"message\": \"Order Created Successfully\"}', '2025-12-31 00:10:49', '2025-12-31 00:10:49'),
(5, 15, 'DT3112257ZTQZS', '15', '149442', 'Pending', 'pending', 60.00, 'Chastity Langley', '01859385787', 'Dicta repudiandae di, Dignissimos a hic de, Unde quaerat nostrum, Animi est ea dolor, SO', NULL, NULL, '{\"code\": 200, \"data\": {\"delivery_fee\": 60, \"order_status\": \"Pending\", \"consignment_id\": \"DT3112257ZTQZS\", \"merchant_order_id\": \"15\"}, \"type\": \"success\", \"message\": \"Order Created Successfully\"}', '2025-12-31 11:11:26', '2025-12-31 11:11:26'),
(6, 16, 'DT311225JEPFQS', '16', '149442', 'Pending', 'pending', 60.00, 'Ashraful Momen', '01859385787', 'Uttara road 10 sector 10 house 20, Uttara, Dhaka, 1236, BD', NULL, NULL, '{\"code\": 200, \"data\": {\"delivery_fee\": 60, \"order_status\": \"Pending\", \"consignment_id\": \"DT311225JEPFQS\", \"merchant_order_id\": \"16\"}, \"type\": \"success\", \"message\": \"Order Created Successfully\"}', '2025-12-31 15:49:13', '2025-12-31 15:49:13');

-- --------------------------------------------------------

--
-- Table structure for table `pathao_tracking_history`
--

CREATE TABLE `pathao_tracking_history` (
  `id` bigint(20) UNSIGNED NOT NULL,
  `pathao_order_id` bigint(20) UNSIGNED NOT NULL,
  `status` varchar(255) COLLATE utf8mb4_unicode_ci DEFAULT NULL,
  `status_slug` varchar(255) COLLATE utf8mb4_unicode_ci DEFAULT NULL,
  `latitude` decimal(10,8) DEFAULT NULL,
  `longitude` decimal(11,8) DEFAULT NULL,
  `location_name` varchar(255) COLLATE utf8mb4_unicode_ci DEFAULT NULL,
  `remarks` text COLLATE utf8mb4_unicode_ci,
  `timestamp` timestamp NULL DEFAULT NULL,
  `created_at` timestamp NULL DEFAULT NULL,
  `updated_at` timestamp NULL DEFAULT NULL
) ENGINE=InnoDB DEFAULT CHARSET=utf8mb4 COLLATE=utf8mb4_unicode_ci;

--
-- Dumping data for table `pathao_tracking_history`
--

INSERT INTO `pathao_tracking_history` (`id`, `pathao_order_id`, `status`, `status_slug`, `latitude`, `longitude`, `location_name`, `remarks`, `timestamp`, `created_at`, `updated_at`) VALUES
(1, 1, 'Pending', 'pending', 23.81030000, 90.41250000, 'Dhaka', 'Order placed', '2025-12-29 18:28:44', '2025-12-29 18:28:44', '2025-12-29 18:28:44');

-- --------------------------------------------------------

--
-- Table structure for table `payment_methods`
--

CREATE TABLE `payment_methods` (
  `id` bigint(20) UNSIGNED NOT NULL,
  `name` varchar(255) COLLATE utf8mb4_unicode_ci NOT NULL,
  `type` varchar(255) COLLATE utf8mb4_unicode_ci NOT NULL,
  `is_active` tinyint(1) NOT NULL DEFAULT '1',
  `created_at` timestamp NULL DEFAULT NULL,
  `updated_at` timestamp NULL DEFAULT NULL
) ENGINE=InnoDB DEFAULT CHARSET=utf8mb4 COLLATE=utf8mb4_unicode_ci;

-- --------------------------------------------------------

--
-- Table structure for table `personal_access_tokens`
--

CREATE TABLE `personal_access_tokens` (
  `id` bigint(20) UNSIGNED NOT NULL,
  `tokenable_type` varchar(255) COLLATE utf8mb4_unicode_ci NOT NULL,
  `tokenable_id` bigint(20) UNSIGNED NOT NULL,
  `name` varchar(255) COLLATE utf8mb4_unicode_ci NOT NULL,
  `token` varchar(64) COLLATE utf8mb4_unicode_ci NOT NULL,
  `abilities` text COLLATE utf8mb4_unicode_ci,
  `last_used_at` timestamp NULL DEFAULT NULL,
  `expires_at` timestamp NULL DEFAULT NULL,
  `created_at` timestamp NULL DEFAULT NULL,
  `updated_at` timestamp NULL DEFAULT NULL
) ENGINE=InnoDB DEFAULT CHARSET=utf8mb4 COLLATE=utf8mb4_unicode_ci;

--
-- Dumping data for table `personal_access_tokens`
--

INSERT INTO `personal_access_tokens` (`id`, `tokenable_type`, `tokenable_id`, `name`, `token`, `abilities`, `last_used_at`, `expires_at`, `created_at`, `updated_at`) VALUES
(1, 'Webkul\\Customer\\Models\\Customer', 1, 'test-token', '10ac3113ea420eba40dd1fda7126cbcba69a4d7aa2c9fc4cd645bdaf407b70bb', '[\"*\"]', NULL, NULL, '2025-12-30 20:53:28', '2025-12-30 20:53:28');

-- --------------------------------------------------------

--
-- Table structure for table `products`
--

CREATE TABLE `products` (
  `id` int(10) UNSIGNED NOT NULL,
  `sku` varchar(255) COLLATE utf8mb4_unicode_ci NOT NULL,
  `name` varchar(255) COLLATE utf8mb4_unicode_ci NOT NULL,
  `name_bn` varchar(255) COLLATE utf8mb4_unicode_ci DEFAULT NULL,
  `description_bn` text COLLATE utf8mb4_unicode_ci,
  `base_price` decimal(10,2) NOT NULL,
  `compare_price` decimal(10,2) DEFAULT NULL,
  `cost_price` decimal(10,2) DEFAULT NULL,
  `stock_quantity` int(11) NOT NULL DEFAULT '0',
  `is_active` tinyint(1) NOT NULL DEFAULT '1',
  `type` varchar(255) COLLATE utf8mb4_unicode_ci NOT NULL,
  `parent_id` int(10) UNSIGNED DEFAULT NULL,
  `attribute_family_id` int(10) UNSIGNED DEFAULT NULL,
  `additional` json DEFAULT NULL,
  `created_at` timestamp NULL DEFAULT NULL,
  `updated_at` timestamp NULL DEFAULT NULL,
  `deleted_at` timestamp NULL DEFAULT NULL
) ENGINE=InnoDB DEFAULT CHARSET=utf8mb4 COLLATE=utf8mb4_unicode_ci;

--
-- Dumping data for table `products`
--

INSERT INTO `products` (`id`, `sku`, `name`, `name_bn`, `description_bn`, `base_price`, `compare_price`, `cost_price`, `stock_quantity`, `is_active`, `type`, `parent_id`, `attribute_family_id`, `additional`, `created_at`, `updated_at`, `deleted_at`) VALUES
(2, '1011', '', NULL, NULL, 0.00, NULL, NULL, 0, 1, 'simple', NULL, 1, NULL, '2025-12-28 12:40:02', '2025-12-28 12:40:02', NULL),
(3, '105f7f86-51eb-3dfe-95e7-25d53a599b0f', '', NULL, NULL, 0.00, NULL, NULL, 0, 1, '', NULL, 1, NULL, '2025-12-29 13:28:43', '2025-12-29 13:28:43', NULL),
(4, '8bc8e25c-d8a1-321d-841a-8e448b265763', '', NULL, NULL, 0.00, NULL, NULL, 0, 1, '', NULL, 1, NULL, '2025-12-29 13:28:43', '2025-12-29 13:28:43', NULL),
(5, '078ea85f-a7c1-332f-8c6e-5a275425266d', '', NULL, NULL, 0.00, NULL, NULL, 0, 1, '', NULL, 1, NULL, '2025-12-29 13:28:43', '2025-12-29 13:28:43', NULL),
(6, 'f747fad5-5519-3f22-823e-c3244134c7ef', '', NULL, NULL, 0.00, NULL, NULL, 0, 1, '', NULL, 1, NULL, '2025-12-29 13:28:43', '2025-12-29 13:28:43', NULL),
(7, 'f394761c-36ac-3267-a48f-52a5d6a561ab', '', NULL, NULL, 0.00, NULL, NULL, 0, 1, '', NULL, 1, NULL, '2025-12-29 13:28:43', '2025-12-29 13:28:43', NULL),
(8, '41b38f35-c39d-31ad-be0e-3cc0fd471949', '', NULL, NULL, 0.00, NULL, NULL, 0, 1, '', NULL, 1, NULL, '2025-12-29 13:28:43', '2025-12-29 13:28:43', NULL),
(9, '1fa18e47-c381-3653-989e-f60f82fc56bd', '', NULL, NULL, 0.00, NULL, NULL, 0, 1, '', NULL, 1, NULL, '2025-12-29 13:28:43', '2025-12-29 13:28:43', NULL),
(10, 'dcc0463e-4f77-3a50-9a2c-091a2aa36ef7', '', NULL, NULL, 0.00, NULL, NULL, 0, 1, '', NULL, 1, NULL, '2025-12-29 13:28:43', '2025-12-29 13:28:43', NULL),
(11, 'a393a791-7771-359b-89fe-ad668239ef02', '', NULL, NULL, 0.00, NULL, NULL, 0, 1, '', NULL, 1, NULL, '2025-12-29 13:28:43', '2025-12-29 13:28:43', NULL),
(12, 'd8d460e8-85b5-3bcc-a5ac-ef72f84ddb74', '', NULL, NULL, 0.00, NULL, NULL, 0, 1, '', NULL, 1, NULL, '2025-12-29 13:28:43', '2025-12-29 13:28:43', NULL),
(13, '1012', '', NULL, NULL, 0.00, NULL, NULL, 0, 1, 'simple', NULL, 1, NULL, '2026-01-04 10:35:41', '2026-01-04 10:35:41', NULL);

-- --------------------------------------------------------

--
-- Table structure for table `product_attribute_values`
--

CREATE TABLE `product_attribute_values` (
  `id` int(10) UNSIGNED NOT NULL,
  `locale` varchar(255) COLLATE utf8mb4_unicode_ci DEFAULT NULL,
  `channel` varchar(255) COLLATE utf8mb4_unicode_ci DEFAULT NULL,
  `text_value` text COLLATE utf8mb4_unicode_ci,
  `boolean_value` tinyint(1) DEFAULT NULL,
  `integer_value` int(11) DEFAULT NULL,
  `float_value` decimal(12,4) DEFAULT NULL,
  `datetime_value` datetime DEFAULT NULL,
  `date_value` date DEFAULT NULL,
  `json_value` json DEFAULT NULL,
  `product_id` int(10) UNSIGNED NOT NULL,
  `attribute_id` int(10) UNSIGNED NOT NULL,
  `unique_id` varchar(255) COLLATE utf8mb4_unicode_ci DEFAULT NULL
) ENGINE=InnoDB DEFAULT CHARSET=utf8mb4 COLLATE=utf8mb4_unicode_ci;

--
-- Dumping data for table `product_attribute_values`
--

INSERT INTO `product_attribute_values` (`id`, `locale`, `channel`, `text_value`, `boolean_value`, `integer_value`, `float_value`, `datetime_value`, `date_value`, `json_value`, `product_id`, `attribute_id`, `unique_id`) VALUES
(1, 'en', NULL, '<p>Delicious Sweets Description short</p>', NULL, NULL, NULL, NULL, NULL, NULL, 2, 9, 'en|2|9'),
(2, 'en', NULL, '<p>Delicious Sweets long.</p>', NULL, NULL, NULL, NULL, NULL, NULL, 2, 10, 'en|2|10'),
(3, NULL, NULL, '1011', NULL, NULL, NULL, NULL, NULL, NULL, 2, 1, '2|1'),
(4, 'en', NULL, 'Sweets', NULL, NULL, NULL, NULL, NULL, NULL, 2, 2, 'en|2|2'),
(5, 'en', NULL, 'sweets', NULL, NULL, NULL, NULL, NULL, NULL, 2, 3, 'en|2|3'),
(6, NULL, NULL, '1011', NULL, NULL, NULL, NULL, NULL, NULL, 2, 27, '2|27'),
(7, NULL, 'default', NULL, 1, NULL, NULL, NULL, NULL, NULL, 2, 28, 'default|2|28'),
(8, 'en', NULL, 'sweets', NULL, NULL, NULL, NULL, NULL, NULL, 2, 16, 'en|2|16'),
(9, 'en', NULL, 'sweets', NULL, NULL, NULL, NULL, NULL, NULL, 2, 17, 'en|2|17'),
(10, 'en', NULL, 'sweets', NULL, NULL, NULL, NULL, NULL, NULL, 2, 18, 'en|2|18'),
(11, NULL, NULL, NULL, NULL, NULL, 1011.0000, NULL, NULL, NULL, 2, 11, '2|11'),
(12, NULL, NULL, NULL, NULL, NULL, 1000.0000, NULL, NULL, NULL, 2, 12, '2|12'),
(13, NULL, NULL, NULL, NULL, NULL, NULL, NULL, NULL, NULL, 2, 13, '2|13'),
(14, NULL, 'default', NULL, NULL, NULL, NULL, NULL, NULL, NULL, 2, 14, 'default|2|14'),
(15, NULL, 'default', NULL, NULL, NULL, NULL, NULL, NULL, NULL, 2, 15, 'default|2|15'),
(16, NULL, NULL, NULL, 1, NULL, NULL, NULL, NULL, NULL, 2, 5, '2|5'),
(17, NULL, NULL, NULL, 1, NULL, NULL, NULL, NULL, NULL, 2, 6, '2|6'),
(18, NULL, NULL, NULL, 1, NULL, NULL, NULL, NULL, NULL, 2, 7, '2|7'),
(19, NULL, 'default', NULL, 1, NULL, NULL, NULL, NULL, NULL, 2, 8, 'default|2|8'),
(20, NULL, NULL, NULL, 1, NULL, NULL, NULL, NULL, NULL, 2, 26, '2|26'),
(21, NULL, NULL, '', NULL, NULL, NULL, NULL, NULL, NULL, 2, 19, '2|19'),
(22, NULL, NULL, '', NULL, NULL, NULL, NULL, NULL, NULL, 2, 20, '2|20'),
(23, NULL, NULL, '', NULL, NULL, NULL, NULL, NULL, NULL, 2, 21, '2|21'),
(24, NULL, NULL, '1', NULL, NULL, NULL, NULL, NULL, NULL, 2, 22, '2|22'),
(25, 'en', 'default', NULL, NULL, NULL, NULL, NULL, '2025-12-31', NULL, 2, 29, 'default|en|2|29'),
(26, 'en', NULL, '<p>short description</p>', NULL, NULL, NULL, NULL, NULL, NULL, 13, 9, 'en|13|9'),
(27, 'en', NULL, '<p>Long description</p>', NULL, NULL, NULL, NULL, NULL, NULL, 13, 10, 'en|13|10'),
(28, NULL, NULL, '1012', NULL, NULL, NULL, NULL, NULL, NULL, 13, 1, '13|1'),
(29, 'en', NULL, 'Sweets2', NULL, NULL, NULL, NULL, NULL, NULL, 13, 2, 'en|13|2'),
(30, 'en', NULL, 'sweets2', NULL, NULL, NULL, NULL, NULL, NULL, 13, 3, 'en|13|3'),
(31, NULL, NULL, '1012', NULL, NULL, NULL, NULL, NULL, NULL, 13, 27, '13|27'),
(32, NULL, 'default', NULL, 1, NULL, NULL, NULL, NULL, NULL, 13, 28, 'default|13|28'),
(33, 'en', NULL, 'meta title', NULL, NULL, NULL, NULL, NULL, NULL, 13, 16, 'en|13|16'),
(34, 'en', NULL, 'meta keyword', NULL, NULL, NULL, NULL, NULL, NULL, 13, 17, 'en|13|17'),
(35, 'en', NULL, 'meta description', NULL, NULL, NULL, NULL, NULL, NULL, 13, 18, 'en|13|18'),
(36, NULL, NULL, NULL, NULL, NULL, 110.0000, NULL, NULL, NULL, 13, 11, '13|11'),
(37, NULL, NULL, NULL, NULL, NULL, 100.0000, NULL, NULL, NULL, 13, 12, '13|12'),
(38, NULL, NULL, NULL, NULL, NULL, NULL, NULL, NULL, NULL, 13, 13, '13|13'),
(39, NULL, 'default', NULL, NULL, NULL, NULL, NULL, NULL, NULL, 13, 14, 'default|13|14'),
(40, NULL, 'default', NULL, NULL, NULL, NULL, NULL, NULL, NULL, 13, 15, 'default|13|15'),
(41, NULL, NULL, NULL, 1, NULL, NULL, NULL, NULL, NULL, 13, 5, '13|5'),
(42, NULL, NULL, NULL, 1, NULL, NULL, NULL, NULL, NULL, 13, 6, '13|6'),
(43, NULL, NULL, NULL, 1, NULL, NULL, NULL, NULL, NULL, 13, 7, '13|7'),
(44, NULL, 'default', NULL, 1, NULL, NULL, NULL, NULL, NULL, 13, 8, 'default|13|8'),
(45, NULL, NULL, NULL, 1, NULL, NULL, NULL, NULL, NULL, 13, 26, '13|26'),
(46, NULL, NULL, '', NULL, NULL, NULL, NULL, NULL, NULL, 13, 19, '13|19'),
(47, NULL, NULL, '', NULL, NULL, NULL, NULL, NULL, NULL, 13, 20, '13|20'),
(48, NULL, NULL, '', NULL, NULL, NULL, NULL, NULL, NULL, 13, 21, '13|21'),
(49, NULL, NULL, '1', NULL, NULL, NULL, NULL, NULL, NULL, 13, 22, '13|22');

-- --------------------------------------------------------

--
-- Table structure for table `product_bundle_options`
--

CREATE TABLE `product_bundle_options` (
  `id` int(10) UNSIGNED NOT NULL,
  `product_id` int(10) UNSIGNED NOT NULL,
  `type` varchar(255) COLLATE utf8mb4_unicode_ci NOT NULL,
  `is_required` tinyint(1) NOT NULL DEFAULT '1',
  `sort_order` int(11) NOT NULL DEFAULT '0'
) ENGINE=InnoDB DEFAULT CHARSET=utf8mb4 COLLATE=utf8mb4_unicode_ci;

-- --------------------------------------------------------

--
-- Table structure for table `product_bundle_option_products`
--

CREATE TABLE `product_bundle_option_products` (
  `id` int(10) UNSIGNED NOT NULL,
  `product_id` int(10) UNSIGNED NOT NULL,
  `product_bundle_option_id` int(10) UNSIGNED NOT NULL,
  `qty` int(11) NOT NULL DEFAULT '0',
  `is_user_defined` tinyint(1) NOT NULL DEFAULT '1',
  `is_default` tinyint(1) NOT NULL DEFAULT '0',
  `sort_order` int(11) NOT NULL DEFAULT '0'
) ENGINE=InnoDB DEFAULT CHARSET=utf8mb4 COLLATE=utf8mb4_unicode_ci;

-- --------------------------------------------------------

--
-- Table structure for table `product_bundle_option_translations`
--

CREATE TABLE `product_bundle_option_translations` (
  `id` int(10) UNSIGNED NOT NULL,
  `locale` varchar(255) COLLATE utf8mb4_unicode_ci NOT NULL,
  `label` varchar(255) COLLATE utf8mb4_unicode_ci DEFAULT NULL,
  `product_bundle_option_id` int(10) UNSIGNED NOT NULL
) ENGINE=InnoDB DEFAULT CHARSET=utf8mb4 COLLATE=utf8mb4_unicode_ci;

-- --------------------------------------------------------

--
-- Table structure for table `product_categories`
--

CREATE TABLE `product_categories` (
  `product_id` int(10) UNSIGNED NOT NULL,
  `category_id` int(10) UNSIGNED NOT NULL
) ENGINE=InnoDB DEFAULT CHARSET=utf8mb4 COLLATE=utf8mb4_unicode_ci;

--
-- Dumping data for table `product_categories`
--

INSERT INTO `product_categories` (`product_id`, `category_id`) VALUES
(13, 1);

-- --------------------------------------------------------

--
-- Table structure for table `product_channels`
--

CREATE TABLE `product_channels` (
  `product_id` int(10) UNSIGNED NOT NULL,
  `channel_id` int(10) UNSIGNED NOT NULL
) ENGINE=InnoDB DEFAULT CHARSET=utf8mb4 COLLATE=utf8mb4_unicode_ci;

--
-- Dumping data for table `product_channels`
--

INSERT INTO `product_channels` (`product_id`, `channel_id`) VALUES
(2, 1),
(13, 1);

-- --------------------------------------------------------

--
-- Table structure for table `product_cross_sells`
--

CREATE TABLE `product_cross_sells` (
  `parent_id` int(10) UNSIGNED NOT NULL,
  `child_id` int(10) UNSIGNED NOT NULL
) ENGINE=InnoDB DEFAULT CHARSET=utf8mb4 COLLATE=utf8mb4_unicode_ci;

-- --------------------------------------------------------

--
-- Table structure for table `product_customer_group_prices`
--

CREATE TABLE `product_customer_group_prices` (
  `id` bigint(20) UNSIGNED NOT NULL,
  `qty` int(11) NOT NULL DEFAULT '0',
  `value_type` varchar(255) COLLATE utf8mb4_unicode_ci NOT NULL,
  `value` decimal(12,4) NOT NULL DEFAULT '0.0000',
  `product_id` int(10) UNSIGNED NOT NULL,
  `customer_group_id` int(10) UNSIGNED DEFAULT NULL,
  `created_at` timestamp NULL DEFAULT NULL,
  `updated_at` timestamp NULL DEFAULT NULL,
  `unique_id` varchar(255) COLLATE utf8mb4_unicode_ci DEFAULT NULL
) ENGINE=InnoDB DEFAULT CHARSET=utf8mb4 COLLATE=utf8mb4_unicode_ci;

-- --------------------------------------------------------

--
-- Table structure for table `product_customizable_options`
--

CREATE TABLE `product_customizable_options` (
  `id` int(10) UNSIGNED NOT NULL,
  `product_id` int(10) UNSIGNED NOT NULL,
  `type` varchar(255) COLLATE utf8mb4_unicode_ci NOT NULL,
  `is_required` tinyint(1) NOT NULL DEFAULT '1',
  `max_characters` text COLLATE utf8mb4_unicode_ci,
  `supported_file_extensions` text COLLATE utf8mb4_unicode_ci,
  `sort_order` int(11) NOT NULL DEFAULT '0'
) ENGINE=InnoDB DEFAULT CHARSET=utf8mb4 COLLATE=utf8mb4_unicode_ci;

-- --------------------------------------------------------

--
-- Table structure for table `product_customizable_option_prices`
--

CREATE TABLE `product_customizable_option_prices` (
  `id` int(10) UNSIGNED NOT NULL,
  `label` text COLLATE utf8mb4_unicode_ci,
  `price` decimal(12,4) NOT NULL DEFAULT '0.0000',
  `product_customizable_option_id` int(10) UNSIGNED NOT NULL,
  `sort_order` int(11) NOT NULL DEFAULT '0'
) ENGINE=InnoDB DEFAULT CHARSET=utf8mb4 COLLATE=utf8mb4_unicode_ci;

-- --------------------------------------------------------

--
-- Table structure for table `product_customizable_option_translations`
--

CREATE TABLE `product_customizable_option_translations` (
  `id` int(10) UNSIGNED NOT NULL,
  `locale` varchar(255) COLLATE utf8mb4_unicode_ci NOT NULL,
  `label` text COLLATE utf8mb4_unicode_ci,
  `product_customizable_option_id` int(10) UNSIGNED NOT NULL
) ENGINE=InnoDB DEFAULT CHARSET=utf8mb4 COLLATE=utf8mb4_unicode_ci;

-- --------------------------------------------------------

--
-- Table structure for table `product_downloadable_links`
--

CREATE TABLE `product_downloadable_links` (
  `id` int(10) UNSIGNED NOT NULL,
  `product_id` int(10) UNSIGNED NOT NULL,
  `url` varchar(255) COLLATE utf8mb4_unicode_ci DEFAULT NULL,
  `file` varchar(255) COLLATE utf8mb4_unicode_ci DEFAULT NULL,
  `file_name` varchar(255) COLLATE utf8mb4_unicode_ci DEFAULT NULL,
  `type` varchar(255) COLLATE utf8mb4_unicode_ci NOT NULL,
  `price` decimal(12,4) NOT NULL DEFAULT '0.0000',
  `sample_url` varchar(255) COLLATE utf8mb4_unicode_ci DEFAULT NULL,
  `sample_file` varchar(255) COLLATE utf8mb4_unicode_ci DEFAULT NULL,
  `sample_file_name` varchar(255) COLLATE utf8mb4_unicode_ci DEFAULT NULL,
  `sample_type` varchar(255) COLLATE utf8mb4_unicode_ci DEFAULT NULL,
  `downloads` int(11) NOT NULL DEFAULT '0',
  `sort_order` int(11) DEFAULT NULL,
  `created_at` timestamp NULL DEFAULT NULL,
  `updated_at` timestamp NULL DEFAULT NULL
) ENGINE=InnoDB DEFAULT CHARSET=utf8mb4 COLLATE=utf8mb4_unicode_ci;

-- --------------------------------------------------------

--
-- Table structure for table `product_downloadable_link_translations`
--

CREATE TABLE `product_downloadable_link_translations` (
  `id` int(10) UNSIGNED NOT NULL,
  `product_downloadable_link_id` int(10) UNSIGNED NOT NULL,
  `locale` varchar(255) COLLATE utf8mb4_unicode_ci NOT NULL,
  `title` text COLLATE utf8mb4_unicode_ci
) ENGINE=InnoDB DEFAULT CHARSET=utf8mb4 COLLATE=utf8mb4_unicode_ci;

-- --------------------------------------------------------

--
-- Table structure for table `product_downloadable_samples`
--

CREATE TABLE `product_downloadable_samples` (
  `id` int(10) UNSIGNED NOT NULL,
  `product_id` int(10) UNSIGNED NOT NULL,
  `url` varchar(255) COLLATE utf8mb4_unicode_ci DEFAULT NULL,
  `file` varchar(255) COLLATE utf8mb4_unicode_ci DEFAULT NULL,
  `file_name` varchar(255) COLLATE utf8mb4_unicode_ci DEFAULT NULL,
  `type` varchar(255) COLLATE utf8mb4_unicode_ci NOT NULL,
  `sort_order` int(11) DEFAULT NULL,
  `created_at` timestamp NULL DEFAULT NULL,
  `updated_at` timestamp NULL DEFAULT NULL
) ENGINE=InnoDB DEFAULT CHARSET=utf8mb4 COLLATE=utf8mb4_unicode_ci;

-- --------------------------------------------------------

--
-- Table structure for table `product_downloadable_sample_translations`
--

CREATE TABLE `product_downloadable_sample_translations` (
  `id` int(10) UNSIGNED NOT NULL,
  `product_downloadable_sample_id` int(10) UNSIGNED NOT NULL,
  `locale` varchar(255) COLLATE utf8mb4_unicode_ci NOT NULL,
  `title` text COLLATE utf8mb4_unicode_ci
) ENGINE=InnoDB DEFAULT CHARSET=utf8mb4 COLLATE=utf8mb4_unicode_ci;

-- --------------------------------------------------------

--
-- Table structure for table `product_flat`
--

CREATE TABLE `product_flat` (
  `id` int(10) UNSIGNED NOT NULL,
  `sku` varchar(255) COLLATE utf8mb4_unicode_ci NOT NULL,
  `type` varchar(255) COLLATE utf8mb4_unicode_ci DEFAULT NULL,
  `product_number` varchar(255) COLLATE utf8mb4_unicode_ci DEFAULT NULL,
  `name` varchar(255) COLLATE utf8mb4_unicode_ci DEFAULT NULL,
  `short_description` text COLLATE utf8mb4_unicode_ci,
  `description` text COLLATE utf8mb4_unicode_ci,
  `url_key` varchar(255) COLLATE utf8mb4_unicode_ci DEFAULT NULL,
  `new` tinyint(1) DEFAULT NULL,
  `featured` tinyint(1) DEFAULT NULL,
  `status` tinyint(1) DEFAULT NULL,
  `meta_title` text COLLATE utf8mb4_unicode_ci,
  `meta_keywords` text COLLATE utf8mb4_unicode_ci,
  `meta_description` text COLLATE utf8mb4_unicode_ci,
  `price` decimal(12,4) DEFAULT NULL,
  `special_price` decimal(12,4) DEFAULT NULL,
  `special_price_from` date DEFAULT NULL,
  `special_price_to` date DEFAULT NULL,
  `weight` decimal(12,4) DEFAULT NULL,
  `created_at` datetime DEFAULT NULL,
  `locale` varchar(255) COLLATE utf8mb4_unicode_ci DEFAULT NULL,
  `channel` varchar(255) COLLATE utf8mb4_unicode_ci DEFAULT NULL,
  `attribute_family_id` int(10) UNSIGNED DEFAULT NULL,
  `product_id` int(10) UNSIGNED NOT NULL,
  `updated_at` datetime DEFAULT NULL,
  `parent_id` int(10) UNSIGNED DEFAULT NULL,
  `visible_individually` tinyint(1) DEFAULT NULL
) ENGINE=InnoDB DEFAULT CHARSET=utf8mb4 COLLATE=utf8mb4_unicode_ci;

--
-- Dumping data for table `product_flat`
--

INSERT INTO `product_flat` (`id`, `sku`, `type`, `product_number`, `name`, `short_description`, `description`, `url_key`, `new`, `featured`, `status`, `meta_title`, `meta_keywords`, `meta_description`, `price`, `special_price`, `special_price_from`, `special_price_to`, `weight`, `created_at`, `locale`, `channel`, `attribute_family_id`, `product_id`, `updated_at`, `parent_id`, `visible_individually`) VALUES
(2, '1011', 'simple', '1011', 'Sweets', '<p>Delicious Sweets Description short</p>', '<p>Delicious Sweets long.</p>', 'sweets', 1, 1, 1, 'sweets', 'sweets', 'sweets', 1011.0000, NULL, NULL, NULL, 1.0000, '2025-12-28 12:40:02', 'en', 'default', 1, 2, '2025-12-31 17:15:02', NULL, 1),
(3, '1012', 'simple', '1012', 'Sweets2', '<p>short description</p>', '<p>Long description</p>', 'sweets2', 1, 1, 1, 'meta title', 'meta keyword', 'meta description', 110.0000, NULL, NULL, NULL, 1.0000, '2026-01-04 10:35:41', 'en', 'default', 1, 13, '2026-01-04 15:04:28', NULL, 1);

-- --------------------------------------------------------

--
-- Table structure for table `product_grouped_products`
--

CREATE TABLE `product_grouped_products` (
  `id` int(10) UNSIGNED NOT NULL,
  `product_id` int(10) UNSIGNED NOT NULL,
  `associated_product_id` int(10) UNSIGNED NOT NULL,
  `qty` int(11) NOT NULL DEFAULT '0',
  `sort_order` int(11) NOT NULL DEFAULT '0'
) ENGINE=InnoDB DEFAULT CHARSET=utf8mb4 COLLATE=utf8mb4_unicode_ci;

-- --------------------------------------------------------

--
-- Table structure for table `product_images`
--

CREATE TABLE `product_images` (
  `id` int(10) UNSIGNED NOT NULL,
  `type` varchar(255) COLLATE utf8mb4_unicode_ci DEFAULT NULL,
  `path` varchar(255) COLLATE utf8mb4_unicode_ci NOT NULL,
  `product_id` int(10) UNSIGNED NOT NULL,
  `position` int(10) UNSIGNED NOT NULL DEFAULT '0'
) ENGINE=InnoDB DEFAULT CHARSET=utf8mb4 COLLATE=utf8mb4_unicode_ci;

--
-- Dumping data for table `product_images`
--

INSERT INTO `product_images` (`id`, `type`, `path`, `product_id`, `position`) VALUES
(1, 'images', 'product/2/z6oXPQzZXp7jXNYh0ID0kI695poT4zobnof1YxcB.webp', 2, 1),
(2, 'images', 'product/13/RilGNncCOjni60NvWqpjKKTncmeyzXigQ2PvJ8ap.webp', 13, 1);

-- --------------------------------------------------------

--
-- Table structure for table `product_inventories`
--

CREATE TABLE `product_inventories` (
  `id` int(10) UNSIGNED NOT NULL,
  `qty` int(11) NOT NULL DEFAULT '0',
  `product_id` int(10) UNSIGNED NOT NULL,
  `vendor_id` int(11) NOT NULL DEFAULT '0',
  `inventory_source_id` int(10) UNSIGNED NOT NULL
) ENGINE=InnoDB DEFAULT CHARSET=utf8mb4 COLLATE=utf8mb4_unicode_ci;

--
-- Dumping data for table `product_inventories`
--

INSERT INTO `product_inventories` (`id`, `qty`, `product_id`, `vendor_id`, `inventory_source_id`) VALUES
(1, 18, 2, 0, 1),
(2, 20, 13, 0, 1);

-- --------------------------------------------------------

--
-- Table structure for table `product_inventory_indices`
--

CREATE TABLE `product_inventory_indices` (
  `id` int(10) UNSIGNED NOT NULL,
  `qty` int(11) NOT NULL DEFAULT '0',
  `product_id` int(10) UNSIGNED NOT NULL,
  `channel_id` int(10) UNSIGNED NOT NULL,
  `created_at` timestamp NULL DEFAULT NULL,
  `updated_at` timestamp NULL DEFAULT NULL
) ENGINE=InnoDB DEFAULT CHARSET=utf8mb4 COLLATE=utf8mb4_unicode_ci;

--
-- Dumping data for table `product_inventory_indices`
--

INSERT INTO `product_inventory_indices` (`id`, `qty`, `product_id`, `channel_id`, `created_at`, `updated_at`) VALUES
(1, 16, 2, 1, NULL, '2026-01-04 16:25:42'),
(2, 20, 13, 1, NULL, NULL);

-- --------------------------------------------------------

--
-- Table structure for table `product_ordered_inventories`
--

CREATE TABLE `product_ordered_inventories` (
  `id` int(10) UNSIGNED NOT NULL,
  `qty` int(11) NOT NULL DEFAULT '0',
  `product_id` int(10) UNSIGNED NOT NULL,
  `channel_id` int(10) UNSIGNED NOT NULL
) ENGINE=InnoDB DEFAULT CHARSET=utf8mb4 COLLATE=utf8mb4_unicode_ci;

--
-- Dumping data for table `product_ordered_inventories`
--

INSERT INTO `product_ordered_inventories` (`id`, `qty`, `product_id`, `channel_id`) VALUES
(1, 2, 2, 1);

-- --------------------------------------------------------

--
-- Table structure for table `product_price_indices`
--

CREATE TABLE `product_price_indices` (
  `id` int(10) UNSIGNED NOT NULL,
  `product_id` int(10) UNSIGNED NOT NULL,
  `customer_group_id` int(10) UNSIGNED DEFAULT NULL,
  `channel_id` int(10) UNSIGNED NOT NULL DEFAULT '1',
  `min_price` decimal(12,4) NOT NULL DEFAULT '0.0000',
  `regular_min_price` decimal(12,4) NOT NULL DEFAULT '0.0000',
  `max_price` decimal(12,4) NOT NULL DEFAULT '0.0000',
  `regular_max_price` decimal(12,4) NOT NULL DEFAULT '0.0000',
  `created_at` timestamp NULL DEFAULT NULL,
  `updated_at` timestamp NULL DEFAULT NULL
) ENGINE=InnoDB DEFAULT CHARSET=utf8mb4 COLLATE=utf8mb4_unicode_ci;

--
-- Dumping data for table `product_price_indices`
--

INSERT INTO `product_price_indices` (`id`, `product_id`, `customer_group_id`, `channel_id`, `min_price`, `regular_min_price`, `max_price`, `regular_max_price`, `created_at`, `updated_at`) VALUES
(1, 2, 1, 1, 1011.0000, 1011.0000, 1011.0000, 1011.0000, NULL, NULL),
(2, 2, 2, 1, 1011.0000, 1011.0000, 1011.0000, 1011.0000, NULL, NULL),
(3, 2, 3, 1, 1011.0000, 1011.0000, 1011.0000, 1011.0000, NULL, NULL),
(4, 13, 1, 1, 110.0000, 110.0000, 110.0000, 110.0000, NULL, NULL),
(5, 13, 2, 1, 110.0000, 110.0000, 110.0000, 110.0000, NULL, NULL),
(6, 13, 3, 1, 110.0000, 110.0000, 110.0000, 110.0000, NULL, NULL);

-- --------------------------------------------------------

--
-- Table structure for table `product_relations`
--

CREATE TABLE `product_relations` (
  `parent_id` int(10) UNSIGNED NOT NULL,
  `child_id` int(10) UNSIGNED NOT NULL
) ENGINE=InnoDB DEFAULT CHARSET=utf8mb4 COLLATE=utf8mb4_unicode_ci;

-- --------------------------------------------------------

--
-- Table structure for table `product_reviews`
--

CREATE TABLE `product_reviews` (
  `id` int(10) UNSIGNED NOT NULL,
  `name` varchar(255) COLLATE utf8mb4_unicode_ci NOT NULL DEFAULT '',
  `title` varchar(255) COLLATE utf8mb4_unicode_ci NOT NULL,
  `rating` int(11) NOT NULL,
  `comment` text COLLATE utf8mb4_unicode_ci,
  `status` varchar(255) COLLATE utf8mb4_unicode_ci NOT NULL,
  `product_id` int(10) UNSIGNED NOT NULL,
  `customer_id` int(11) DEFAULT NULL,
  `created_at` timestamp NULL DEFAULT NULL,
  `updated_at` timestamp NULL DEFAULT NULL
) ENGINE=InnoDB DEFAULT CHARSET=utf8mb4 COLLATE=utf8mb4_unicode_ci;

--
-- Dumping data for table `product_reviews`
--

INSERT INTO `product_reviews` (`id`, `name`, `title`, `rating`, `comment`, `status`, `product_id`, `customer_id`, `created_at`, `updated_at`) VALUES
(1, 'Ashraful Shuvo', 'very Nice Foods', 4, 'Yammy and so yammy nothing to say about this', 'approved', 2, 2, '2025-12-29 10:52:33', '2025-12-29 10:53:03');

-- --------------------------------------------------------

--
-- Table structure for table `product_review_attachments`
--

CREATE TABLE `product_review_attachments` (
  `id` int(10) UNSIGNED NOT NULL,
  `review_id` int(10) UNSIGNED NOT NULL,
  `type` varchar(255) COLLATE utf8mb4_unicode_ci NOT NULL DEFAULT 'image',
  `mime_type` varchar(255) COLLATE utf8mb4_unicode_ci DEFAULT NULL,
  `path` varchar(255) COLLATE utf8mb4_unicode_ci NOT NULL
) ENGINE=InnoDB DEFAULT CHARSET=utf8mb4 COLLATE=utf8mb4_unicode_ci;

-- --------------------------------------------------------

--
-- Table structure for table `product_rewards`
--

CREATE TABLE `product_rewards` (
  `id` int(10) UNSIGNED NOT NULL,
  `reward_points` int(11) NOT NULL DEFAULT '0',
  `product_id` int(10) UNSIGNED DEFAULT NULL,
  `start_time` varchar(255) COLLATE utf8mb4_unicode_ci NOT NULL,
  `end_time` varchar(255) COLLATE utf8mb4_unicode_ci NOT NULL,
  `status` tinyint(4) NOT NULL DEFAULT '1',
  `created_at` timestamp NULL DEFAULT NULL,
  `updated_at` timestamp NULL DEFAULT NULL
) ENGINE=InnoDB DEFAULT CHARSET=utf8mb4 COLLATE=utf8mb4_unicode_ci;

-- --------------------------------------------------------

--
-- Table structure for table `product_specific_time_rewards`
--

CREATE TABLE `product_specific_time_rewards` (
  `id` int(10) UNSIGNED NOT NULL,
  `reward_points` int(11) NOT NULL DEFAULT '0',
  `product_id` int(10) UNSIGNED DEFAULT NULL,
  `start_time` datetime NOT NULL,
  `end_time` datetime NOT NULL,
  `status` tinyint(4) NOT NULL DEFAULT '1',
  `created_at` timestamp NULL DEFAULT NULL,
  `updated_at` timestamp NULL DEFAULT NULL
) ENGINE=InnoDB DEFAULT CHARSET=utf8mb4 COLLATE=utf8mb4_unicode_ci;

-- --------------------------------------------------------

--
-- Table structure for table `product_super_attributes`
--

CREATE TABLE `product_super_attributes` (
  `product_id` int(10) UNSIGNED NOT NULL,
  `attribute_id` int(10) UNSIGNED NOT NULL
) ENGINE=InnoDB DEFAULT CHARSET=utf8mb4 COLLATE=utf8mb4_unicode_ci;

-- --------------------------------------------------------

--
-- Table structure for table `product_up_sells`
--

CREATE TABLE `product_up_sells` (
  `parent_id` int(10) UNSIGNED NOT NULL,
  `child_id` int(10) UNSIGNED NOT NULL
) ENGINE=InnoDB DEFAULT CHARSET=utf8mb4 COLLATE=utf8mb4_unicode_ci;

-- --------------------------------------------------------

--
-- Table structure for table `product_videos`
--

CREATE TABLE `product_videos` (
  `id` int(10) UNSIGNED NOT NULL,
  `product_id` int(10) UNSIGNED NOT NULL,
  `type` varchar(255) COLLATE utf8mb4_unicode_ci DEFAULT NULL,
  `path` varchar(255) COLLATE utf8mb4_unicode_ci NOT NULL,
  `position` int(10) UNSIGNED NOT NULL DEFAULT '0'
) ENGINE=InnoDB DEFAULT CHARSET=utf8mb4 COLLATE=utf8mb4_unicode_ci;

-- --------------------------------------------------------

--
-- Table structure for table `redemption_settings`
--

CREATE TABLE `redemption_settings` (
  `id` int(10) UNSIGNED NOT NULL,
  `redemp_over_subtotal` tinyint(4) NOT NULL DEFAULT '1',
  `apply_points_checkout` tinyint(4) NOT NULL DEFAULT '1',
  `points` int(11) DEFAULT NULL,
  `conversion_rate` float DEFAULT NULL,
  `created_at` timestamp NULL DEFAULT NULL,
  `updated_at` timestamp NULL DEFAULT NULL
) ENGINE=InnoDB DEFAULT CHARSET=utf8mb4 COLLATE=utf8mb4_unicode_ci;

-- --------------------------------------------------------

--
-- Table structure for table `refunds`
--

CREATE TABLE `refunds` (
  `id` int(10) UNSIGNED NOT NULL,
  `increment_id` varchar(255) COLLATE utf8mb4_unicode_ci DEFAULT NULL,
  `state` varchar(255) COLLATE utf8mb4_unicode_ci DEFAULT NULL,
  `email_sent` tinyint(1) NOT NULL DEFAULT '0',
  `total_qty` int(11) DEFAULT NULL,
  `base_currency_code` varchar(255) COLLATE utf8mb4_unicode_ci DEFAULT NULL,
  `channel_currency_code` varchar(255) COLLATE utf8mb4_unicode_ci DEFAULT NULL,
  `order_currency_code` varchar(255) COLLATE utf8mb4_unicode_ci DEFAULT NULL,
  `adjustment_refund` decimal(12,4) DEFAULT '0.0000',
  `base_adjustment_refund` decimal(12,4) DEFAULT '0.0000',
  `adjustment_fee` decimal(12,4) DEFAULT '0.0000',
  `base_adjustment_fee` decimal(12,4) DEFAULT '0.0000',
  `sub_total` decimal(12,4) DEFAULT '0.0000',
  `base_sub_total` decimal(12,4) DEFAULT '0.0000',
  `grand_total` decimal(12,4) DEFAULT '0.0000',
  `base_grand_total` decimal(12,4) DEFAULT '0.0000',
  `shipping_amount` decimal(12,4) DEFAULT '0.0000',
  `base_shipping_amount` decimal(12,4) DEFAULT '0.0000',
  `tax_amount` decimal(12,4) DEFAULT '0.0000',
  `base_tax_amount` decimal(12,4) DEFAULT '0.0000',
  `discount_percent` decimal(12,4) DEFAULT '0.0000',
  `discount_amount` decimal(12,4) DEFAULT '0.0000',
  `base_discount_amount` decimal(12,4) DEFAULT '0.0000',
  `shipping_tax_amount` decimal(12,4) NOT NULL DEFAULT '0.0000',
  `base_shipping_tax_amount` decimal(12,4) NOT NULL DEFAULT '0.0000',
  `sub_total_incl_tax` decimal(12,4) NOT NULL DEFAULT '0.0000',
  `base_sub_total_incl_tax` decimal(12,4) NOT NULL DEFAULT '0.0000',
  `shipping_amount_incl_tax` decimal(12,4) NOT NULL DEFAULT '0.0000',
  `base_shipping_amount_incl_tax` decimal(12,4) NOT NULL DEFAULT '0.0000',
  `order_id` int(10) UNSIGNED DEFAULT NULL,
  `created_at` timestamp NULL DEFAULT NULL,
  `updated_at` timestamp NULL DEFAULT NULL
) ENGINE=InnoDB DEFAULT CHARSET=utf8mb4 COLLATE=utf8mb4_unicode_ci;

-- --------------------------------------------------------

--
-- Table structure for table `refund_items`
--

CREATE TABLE `refund_items` (
  `id` int(10) UNSIGNED NOT NULL,
  `parent_id` int(10) UNSIGNED DEFAULT NULL,
  `name` varchar(255) COLLATE utf8mb4_unicode_ci DEFAULT NULL,
  `description` varchar(255) COLLATE utf8mb4_unicode_ci DEFAULT NULL,
  `sku` varchar(255) COLLATE utf8mb4_unicode_ci DEFAULT NULL,
  `qty` int(11) DEFAULT NULL,
  `price` decimal(12,4) NOT NULL DEFAULT '0.0000',
  `base_price` decimal(12,4) NOT NULL DEFAULT '0.0000',
  `total` decimal(12,4) NOT NULL DEFAULT '0.0000',
  `base_total` decimal(12,4) NOT NULL DEFAULT '0.0000',
  `tax_amount` decimal(12,4) DEFAULT '0.0000',
  `base_tax_amount` decimal(12,4) DEFAULT '0.0000',
  `discount_percent` decimal(12,4) DEFAULT '0.0000',
  `discount_amount` decimal(12,4) DEFAULT '0.0000',
  `base_discount_amount` decimal(12,4) DEFAULT '0.0000',
  `price_incl_tax` decimal(12,4) NOT NULL DEFAULT '0.0000',
  `base_price_incl_tax` decimal(12,4) NOT NULL DEFAULT '0.0000',
  `total_incl_tax` decimal(12,4) NOT NULL DEFAULT '0.0000',
  `base_total_incl_tax` decimal(12,4) NOT NULL DEFAULT '0.0000',
  `product_id` int(10) UNSIGNED DEFAULT NULL,
  `product_type` varchar(255) COLLATE utf8mb4_unicode_ci DEFAULT NULL,
  `order_item_id` int(10) UNSIGNED DEFAULT NULL,
  `refund_id` int(10) UNSIGNED DEFAULT NULL,
  `additional` json DEFAULT NULL,
  `created_at` timestamp NULL DEFAULT NULL,
  `updated_at` timestamp NULL DEFAULT NULL
) ENGINE=InnoDB DEFAULT CHARSET=utf8mb4 COLLATE=utf8mb4_unicode_ci;

-- --------------------------------------------------------

--
-- Table structure for table `reward_configs`
--

CREATE TABLE `reward_configs` (
  `id` int(10) UNSIGNED NOT NULL,
  `code` varchar(255) COLLATE utf8mb4_unicode_ci DEFAULT NULL,
  `value` varchar(255) COLLATE utf8mb4_unicode_ci DEFAULT NULL,
  `created_at` timestamp NULL DEFAULT NULL,
  `updated_at` timestamp NULL DEFAULT NULL
) ENGINE=InnoDB DEFAULT CHARSET=utf8mb4 COLLATE=utf8mb4_unicode_ci;

-- --------------------------------------------------------

--
-- Table structure for table `reward_points`
--

CREATE TABLE `reward_points` (
  `id` int(10) UNSIGNED NOT NULL,
  `reward_points` int(11) NOT NULL DEFAULT '0',
  `status` enum('processing','approved','closed','pending','fraud','expire','used','canceled') COLLATE utf8mb4_unicode_ci NOT NULL DEFAULT 'pending',
  `note` text COLLATE utf8mb4_unicode_ci,
  `exp_date` date DEFAULT NULL,
  `product_purchased` tinyint(4) NOT NULL DEFAULT '0',
  `product_reviewed` tinyint(4) NOT NULL DEFAULT '0',
  `customer_registed` tinyint(4) NOT NULL DEFAULT '0',
  `product_category` tinyint(4) NOT NULL DEFAULT '0',
  `product_attribute` tinyint(4) NOT NULL DEFAULT '0',
  `order_cart` tinyint(4) NOT NULL DEFAULT '0',
  `customer_dob` tinyint(4) NOT NULL DEFAULT '0',
  `created_at` timestamp NULL DEFAULT NULL,
  `updated_at` timestamp NULL DEFAULT NULL,
  `order_id` int(10) UNSIGNED DEFAULT NULL,
  `product_id` int(10) UNSIGNED DEFAULT NULL,
  `category_id` int(10) UNSIGNED DEFAULT NULL,
  `attribute_id` int(10) UNSIGNED DEFAULT NULL,
  `customer_id` int(10) UNSIGNED DEFAULT NULL
) ENGINE=InnoDB DEFAULT CHARSET=utf8mb4 COLLATE=utf8mb4_unicode_ci;

-- --------------------------------------------------------

--
-- Table structure for table `roles`
--

CREATE TABLE `roles` (
  `id` int(10) UNSIGNED NOT NULL,
  `name` varchar(255) COLLATE utf8mb4_unicode_ci NOT NULL,
  `description` varchar(255) COLLATE utf8mb4_unicode_ci DEFAULT NULL,
  `permission_type` varchar(255) COLLATE utf8mb4_unicode_ci NOT NULL,
  `permissions` json DEFAULT NULL,
  `created_at` timestamp NULL DEFAULT NULL,
  `updated_at` timestamp NULL DEFAULT NULL
) ENGINE=InnoDB DEFAULT CHARSET=utf8mb4 COLLATE=utf8mb4_unicode_ci;

--
-- Dumping data for table `roles`
--

INSERT INTO `roles` (`id`, `name`, `description`, `permission_type`, `permissions`, `created_at`, `updated_at`) VALUES
(1, 'Administrator', 'This role users will have all the access', 'all', NULL, NULL, NULL);

-- --------------------------------------------------------

--
-- Table structure for table `search_synonyms`
--

CREATE TABLE `search_synonyms` (
  `id` int(10) UNSIGNED NOT NULL,
  `name` varchar(255) COLLATE utf8mb4_unicode_ci NOT NULL,
  `terms` text COLLATE utf8mb4_unicode_ci NOT NULL,
  `created_at` timestamp NULL DEFAULT NULL,
  `updated_at` timestamp NULL DEFAULT NULL
) ENGINE=InnoDB DEFAULT CHARSET=utf8mb4 COLLATE=utf8mb4_unicode_ci;

-- --------------------------------------------------------

--
-- Table structure for table `search_terms`
--

CREATE TABLE `search_terms` (
  `id` int(10) UNSIGNED NOT NULL,
  `term` varchar(255) COLLATE utf8mb4_unicode_ci NOT NULL,
  `results` int(11) NOT NULL DEFAULT '0',
  `uses` int(11) NOT NULL DEFAULT '0',
  `redirect_url` varchar(255) COLLATE utf8mb4_unicode_ci DEFAULT NULL,
  `display_in_suggested_terms` tinyint(1) NOT NULL DEFAULT '0',
  `locale` varchar(255) COLLATE utf8mb4_unicode_ci NOT NULL,
  `channel_id` int(10) UNSIGNED NOT NULL,
  `created_at` timestamp NULL DEFAULT NULL,
  `updated_at` timestamp NULL DEFAULT NULL
) ENGINE=InnoDB DEFAULT CHARSET=utf8mb4 COLLATE=utf8mb4_unicode_ci;

--
-- Dumping data for table `search_terms`
--

INSERT INTO `search_terms` (`id`, `term`, `results`, `uses`, `redirect_url`, `display_in_suggested_terms`, `locale`, `channel_id`, `created_at`, `updated_at`) VALUES
(1, 'sweet', 1, 1, NULL, 0, 'en', 1, '2025-12-29 11:34:04', '2025-12-29 11:34:04'),
(2, 'category', 0, 1, NULL, 0, 'en', 1, '2025-12-29 11:34:24', '2025-12-29 11:34:24'),
(3, 'Test', 0, 1, NULL, 0, 'en', 1, '2025-12-29 11:34:30', '2025-12-29 11:34:30');

-- --------------------------------------------------------

--
-- Table structure for table `shipments`
--

CREATE TABLE `shipments` (
  `id` int(10) UNSIGNED NOT NULL,
  `status` varchar(255) COLLATE utf8mb4_unicode_ci DEFAULT NULL,
  `total_qty` int(11) DEFAULT NULL,
  `total_weight` decimal(12,4) DEFAULT NULL,
  `carrier_code` varchar(255) COLLATE utf8mb4_unicode_ci DEFAULT NULL,
  `carrier_title` varchar(255) COLLATE utf8mb4_unicode_ci DEFAULT NULL,
  `track_number` text COLLATE utf8mb4_unicode_ci,
  `email_sent` tinyint(1) NOT NULL DEFAULT '0',
  `customer_id` int(10) UNSIGNED DEFAULT NULL,
  `customer_type` varchar(255) COLLATE utf8mb4_unicode_ci DEFAULT NULL,
  `order_id` int(10) UNSIGNED NOT NULL,
  `order_address_id` int(10) UNSIGNED DEFAULT NULL,
  `inventory_source_id` int(10) UNSIGNED DEFAULT NULL,
  `inventory_source_name` varchar(255) COLLATE utf8mb4_unicode_ci DEFAULT NULL,
  `created_at` timestamp NULL DEFAULT NULL,
  `updated_at` timestamp NULL DEFAULT NULL
) ENGINE=InnoDB DEFAULT CHARSET=utf8mb4 COLLATE=utf8mb4_unicode_ci;

--
-- Dumping data for table `shipments`
--

INSERT INTO `shipments` (`id`, `status`, `total_qty`, `total_weight`, `carrier_code`, `carrier_title`, `track_number`, `email_sent`, `customer_id`, `customer_type`, `order_id`, `order_address_id`, `inventory_source_id`, `inventory_source_name`, `created_at`, `updated_at`) VALUES
(1, NULL, 1, 1.0000, 'pathao', 'pathao', NULL, 1, 1, 'Webkul\\Customer\\Models\\Customer', 1, 4, 1, 'Default', '2025-12-28 15:23:25', '2025-12-31 15:49:14'),
(2, NULL, 1, 1.0000, NULL, 'pathoa', '23232`', 1, 1, 'Webkul\\Customer\\Models\\Customer', 2, 8, 1, 'Default', '2025-12-28 17:37:05', '2025-12-31 15:49:14'),
(3, NULL, 1, 1.0000, NULL, 'pathao', '1101', 1, 2, 'Webkul\\Customer\\Models\\Customer', 8, 24, 1, 'Default', '2025-12-29 18:02:50', '2025-12-31 15:49:14'),
(4, NULL, 1, 1.0000, 'pathao', 'Pathao', '1101', 1, 2, 'Webkul\\Customer\\Models\\Customer', 5, 20, 1, 'Default', '2025-12-29 18:33:24', '2025-12-31 15:49:14'),
(5, NULL, 1, 1.0000, 'pathao', 'Pathao', '1101', 1, 1, 'Webkul\\Customer\\Models\\Customer', 10, 32, 1, 'Default', '2025-12-30 19:26:50', '2025-12-31 15:49:14'),
(6, NULL, 1, 1.0000, 'pathao', 'pathao', '1101', 1, NULL, NULL, 9, 28, 1, 'Default', '2025-12-30 21:01:43', '2025-12-31 15:49:14'),
(7, NULL, 1, 1.0000, 'pathao', 'pathao', '1102', 1, 1, 'Webkul\\Customer\\Models\\Customer', 11, 36, 1, 'Default', '2025-12-30 21:59:19', '2025-12-31 15:49:14'),
(8, NULL, 1, 1.0000, 'pathao', '', 'DT301225JESMXF', 1, 1, 'Webkul\\Customer\\Models\\Customer', 12, 40, 1, 'Default', '2025-12-30 22:04:08', '2025-12-31 15:49:14'),
(9, NULL, 1, 1.0000, 'pathao', '', 'DT3012252ZLHEM', 1, 1, 'Webkul\\Customer\\Models\\Customer', 13, 44, 1, 'Default', '2025-12-30 22:51:23', '2025-12-31 15:49:14'),
(10, NULL, 1, 1.0000, 'pathao', '', 'DT301225EU9M8E', 1, 1, 'Webkul\\Customer\\Models\\Customer', 14, 48, 1, 'Default', '2025-12-31 00:10:44', '2025-12-31 15:49:14'),
(11, NULL, 1, 1.0000, 'pathao', 'Pathao', 'DT3112257ZTQZS', 1, 2, 'Webkul\\Customer\\Models\\Customer', 15, 53, 1, 'Default', '2025-12-31 11:11:20', '2025-12-31 15:49:14'),
(12, NULL, 1, 1.0000, 'pathao', 'Pathao', 'DT311225JEPFQS', 1, 2, 'Webkul\\Customer\\Models\\Customer', 16, 59, 1, 'Default', '2025-12-31 15:49:03', '2025-12-31 15:49:14');

-- --------------------------------------------------------

--
-- Table structure for table `shipment_items`
--

CREATE TABLE `shipment_items` (
  `id` int(10) UNSIGNED NOT NULL,
  `name` varchar(255) COLLATE utf8mb4_unicode_ci DEFAULT NULL,
  `description` varchar(255) COLLATE utf8mb4_unicode_ci DEFAULT NULL,
  `sku` varchar(255) COLLATE utf8mb4_unicode_ci DEFAULT NULL,
  `qty` int(11) DEFAULT NULL,
  `weight` decimal(12,4) DEFAULT NULL,
  `price` decimal(12,4) DEFAULT '0.0000',
  `base_price` decimal(12,4) DEFAULT '0.0000',
  `total` decimal(12,4) DEFAULT '0.0000',
  `base_total` decimal(12,4) DEFAULT '0.0000',
  `price_incl_tax` decimal(12,4) NOT NULL DEFAULT '0.0000',
  `base_price_incl_tax` decimal(12,4) NOT NULL DEFAULT '0.0000',
  `product_id` int(10) UNSIGNED DEFAULT NULL,
  `product_type` varchar(255) COLLATE utf8mb4_unicode_ci DEFAULT NULL,
  `order_item_id` int(10) UNSIGNED DEFAULT NULL,
  `shipment_id` int(10) UNSIGNED NOT NULL,
  `additional` json DEFAULT NULL,
  `created_at` timestamp NULL DEFAULT NULL,
  `updated_at` timestamp NULL DEFAULT NULL
) ENGINE=InnoDB DEFAULT CHARSET=utf8mb4 COLLATE=utf8mb4_unicode_ci;

--
-- Dumping data for table `shipment_items`
--

INSERT INTO `shipment_items` (`id`, `name`, `description`, `sku`, `qty`, `weight`, `price`, `base_price`, `total`, `base_total`, `price_incl_tax`, `base_price_incl_tax`, `product_id`, `product_type`, `order_item_id`, `shipment_id`, `additional`, `created_at`, `updated_at`) VALUES
(1, '', NULL, '1011', 1, 1.0000, 1011.0000, 1011.0000, 1011.0000, 1011.0000, 1011.0000, 1011.0000, 2, 'Webkul\\Product\\Models\\Product', 1, 1, '{\"locale\": \"en\", \"cart_id\": 1, \"quantity\": 1, \"is_buy_now\": \"0\", \"product_id\": \"2\"}', '2025-12-28 15:23:25', '2025-12-28 15:23:25'),
(2, '', NULL, '1011', 1, 1.0000, 1011.0000, 1011.0000, 1011.0000, 1011.0000, 1011.0000, 1011.0000, 2, 'Webkul\\Product\\Models\\Product', 2, 2, '{\"locale\": \"en\", \"cart_id\": 2, \"quantity\": 1, \"is_buy_now\": \"0\", \"product_id\": \"2\"}', '2025-12-28 17:37:05', '2025-12-28 17:37:05'),
(3, '', NULL, '1011', 1, 1.0000, 1011.0000, 1011.0000, 1011.0000, 1011.0000, 1011.0000, 1011.0000, 2, 'Webkul\\Product\\Models\\Product', 6, 3, '{\"locale\": \"en\", \"cart_id\": 5, \"quantity\": 1, \"is_buy_now\": \"0\", \"product_id\": \"2\"}', '2025-12-29 18:02:50', '2025-12-29 18:02:50'),
(4, '', NULL, '1011', 1, 1.0000, 1011.0000, 1011.0000, 1011.0000, 1011.0000, 1011.0000, 1011.0000, 2, 'Webkul\\Product\\Models\\Product', 5, 4, '{\"locale\": \"en\", \"cart_id\": 5, \"quantity\": 1, \"is_buy_now\": \"0\", \"product_id\": \"2\"}', '2025-12-29 18:33:24', '2025-12-29 18:33:24'),
(5, '', NULL, '1011', 1, 1.0000, 1011.0000, 1011.0000, 1011.0000, 1011.0000, 1011.0000, 1011.0000, 2, 'Webkul\\Product\\Models\\Product', 8, 5, '{\"locale\": \"en\", \"cart_id\": 6, \"quantity\": 1, \"is_buy_now\": \"0\", \"product_id\": \"2\"}', '2025-12-30 19:26:50', '2025-12-30 19:26:50'),
(6, '', NULL, '1011', 1, 1.0000, 1011.0000, 1011.0000, 1011.0000, 1011.0000, 1011.0000, 1011.0000, 2, 'Webkul\\Product\\Models\\Product', 7, 6, '{\"locale\": \"en\", \"cart_id\": 8, \"quantity\": 1, \"is_buy_now\": \"0\", \"product_id\": \"2\"}', '2025-12-30 21:01:43', '2025-12-30 21:01:43'),
(7, '', NULL, '1011', 1, 1.0000, 1011.0000, 1011.0000, 1011.0000, 1011.0000, 1011.0000, 1011.0000, 2, 'Webkul\\Product\\Models\\Product', 9, 7, '{\"locale\": \"en\", \"cart_id\": 9, \"quantity\": 1, \"is_buy_now\": \"0\", \"product_id\": \"2\"}', '2025-12-30 21:59:19', '2025-12-30 21:59:19'),
(8, '', NULL, '1011', 1, 1.0000, 1011.0000, 1011.0000, 1011.0000, 1011.0000, 1011.0000, 1011.0000, 2, 'Webkul\\Product\\Models\\Product', 10, 8, '{\"locale\": \"en\", \"cart_id\": 10, \"quantity\": 1, \"is_buy_now\": \"0\", \"product_id\": \"2\"}', '2025-12-30 22:04:08', '2025-12-30 22:04:08'),
(9, '', NULL, '1011', 1, 1.0000, 1011.0000, 1011.0000, 1011.0000, 1011.0000, 1011.0000, 1011.0000, 2, 'Webkul\\Product\\Models\\Product', 11, 9, '{\"locale\": \"en\", \"cart_id\": 11, \"quantity\": 1, \"is_buy_now\": \"0\", \"product_id\": \"2\"}', '2025-12-30 22:51:23', '2025-12-30 22:51:23'),
(10, '', NULL, '1011', 1, 1.0000, 1011.0000, 1011.0000, 1011.0000, 1011.0000, 1011.0000, 1011.0000, 2, 'Webkul\\Product\\Models\\Product', 12, 10, '{\"locale\": \"en\", \"cart_id\": 12, \"quantity\": 1, \"is_buy_now\": \"0\", \"product_id\": \"2\"}', '2025-12-31 00:10:44', '2025-12-31 00:10:44'),
(11, '', NULL, '1011', 1, 1.0000, 1011.0000, 1011.0000, 1011.0000, 1011.0000, 1011.0000, 1011.0000, 2, 'Webkul\\Product\\Models\\Product', 13, 11, '{\"locale\": \"en\", \"cart_id\": 14, \"quantity\": 1, \"is_buy_now\": \"0\", \"product_id\": \"2\"}', '2025-12-31 11:11:20', '2025-12-31 11:11:20'),
(12, '', NULL, '1011', 1, 1.0000, 1011.0000, 1011.0000, 1011.0000, 1011.0000, 1011.0000, 1011.0000, 2, 'Webkul\\Product\\Models\\Product', 14, 12, '{\"locale\": \"en\", \"cart_id\": 16, \"quantity\": 1, \"is_buy_now\": \"0\", \"product_id\": \"2\"}', '2025-12-31 15:49:03', '2025-12-31 15:49:03');

-- --------------------------------------------------------

--
-- Table structure for table `sitemaps`
--

CREATE TABLE `sitemaps` (
  `id` int(10) UNSIGNED NOT NULL,
  `file_name` varchar(255) COLLATE utf8mb4_unicode_ci NOT NULL,
  `path` varchar(255) COLLATE utf8mb4_unicode_ci NOT NULL,
  `additional` json DEFAULT NULL,
  `generated_at` datetime DEFAULT NULL,
  `created_at` timestamp NULL DEFAULT NULL,
  `updated_at` timestamp NULL DEFAULT NULL
) ENGINE=InnoDB DEFAULT CHARSET=utf8mb4 COLLATE=utf8mb4_unicode_ci;

-- --------------------------------------------------------

--
-- Table structure for table `subscribers_list`
--

CREATE TABLE `subscribers_list` (
  `id` int(10) UNSIGNED NOT NULL,
  `email` varchar(255) COLLATE utf8mb4_unicode_ci NOT NULL,
  `is_subscribed` tinyint(1) NOT NULL DEFAULT '0',
  `token` varchar(255) COLLATE utf8mb4_unicode_ci DEFAULT NULL,
  `customer_id` int(10) UNSIGNED DEFAULT NULL,
  `channel_id` int(10) UNSIGNED NOT NULL,
  `created_at` timestamp NULL DEFAULT NULL,
  `updated_at` timestamp NULL DEFAULT NULL
) ENGINE=InnoDB DEFAULT CHARSET=utf8mb4 COLLATE=utf8mb4_unicode_ci;

-- --------------------------------------------------------

--
-- Table structure for table `tax_categories`
--

CREATE TABLE `tax_categories` (
  `id` int(10) UNSIGNED NOT NULL,
  `code` varchar(255) COLLATE utf8mb4_unicode_ci NOT NULL,
  `name` varchar(255) COLLATE utf8mb4_unicode_ci NOT NULL,
  `description` longtext COLLATE utf8mb4_unicode_ci NOT NULL,
  `created_at` timestamp NULL DEFAULT NULL,
  `updated_at` timestamp NULL DEFAULT NULL
) ENGINE=InnoDB DEFAULT CHARSET=utf8mb4 COLLATE=utf8mb4_unicode_ci;

-- --------------------------------------------------------

--
-- Table structure for table `tax_categories_tax_rates`
--

CREATE TABLE `tax_categories_tax_rates` (
  `id` int(10) UNSIGNED NOT NULL,
  `tax_category_id` int(10) UNSIGNED NOT NULL,
  `tax_rate_id` int(10) UNSIGNED NOT NULL,
  `created_at` timestamp NULL DEFAULT NULL,
  `updated_at` timestamp NULL DEFAULT NULL
) ENGINE=InnoDB DEFAULT CHARSET=utf8mb4 COLLATE=utf8mb4_unicode_ci;

-- --------------------------------------------------------

--
-- Table structure for table `tax_rates`
--

CREATE TABLE `tax_rates` (
  `id` int(10) UNSIGNED NOT NULL,
  `identifier` varchar(255) COLLATE utf8mb4_unicode_ci NOT NULL,
  `is_zip` tinyint(1) NOT NULL DEFAULT '0',
  `zip_code` varchar(255) COLLATE utf8mb4_unicode_ci DEFAULT NULL,
  `zip_from` varchar(255) COLLATE utf8mb4_unicode_ci DEFAULT NULL,
  `zip_to` varchar(255) COLLATE utf8mb4_unicode_ci DEFAULT NULL,
  `state` varchar(255) COLLATE utf8mb4_unicode_ci NOT NULL,
  `country` varchar(255) COLLATE utf8mb4_unicode_ci NOT NULL,
  `tax_rate` decimal(12,4) NOT NULL,
  `created_at` timestamp NULL DEFAULT NULL,
  `updated_at` timestamp NULL DEFAULT NULL
) ENGINE=InnoDB DEFAULT CHARSET=utf8mb4 COLLATE=utf8mb4_unicode_ci;

-- --------------------------------------------------------

--
-- Table structure for table `theme_customizations`
--

CREATE TABLE `theme_customizations` (
  `id` int(10) UNSIGNED NOT NULL,
  `theme_code` varchar(255) COLLATE utf8mb4_unicode_ci DEFAULT 'default',
  `type` varchar(255) COLLATE utf8mb4_unicode_ci NOT NULL,
  `name` varchar(255) COLLATE utf8mb4_unicode_ci NOT NULL,
  `sort_order` int(11) NOT NULL,
  `status` tinyint(1) NOT NULL DEFAULT '0',
  `channel_id` int(10) UNSIGNED NOT NULL,
  `created_at` timestamp NULL DEFAULT NULL,
  `updated_at` timestamp NULL DEFAULT NULL
) ENGINE=InnoDB DEFAULT CHARSET=utf8mb4 COLLATE=utf8mb4_unicode_ci;

--
-- Dumping data for table `theme_customizations`
--

INSERT INTO `theme_customizations` (`id`, `theme_code`, `type`, `name`, `sort_order`, `status`, `channel_id`, `created_at`, `updated_at`) VALUES
(1, 'default', 'image_carousel', 'Image Carousel', 1, 1, 1, '2025-12-24 15:38:13', '2025-12-24 15:38:13'),
(2, 'default', 'static_content', 'Offer Information', 2, 1, 1, '2025-12-24 15:38:13', '2025-12-24 15:38:13'),
(3, 'default', 'category_carousel', 'Categories Collections', 3, 1, 1, '2025-12-24 15:38:13', '2025-12-24 15:38:13'),
(4, 'default', 'product_carousel', 'New Products', 4, 1, 1, '2025-12-24 15:38:13', '2025-12-24 15:38:13'),
(5, 'default', 'static_content', 'Top Collections', 5, 1, 1, '2025-12-24 15:38:13', '2025-12-24 15:38:13'),
(6, 'default', 'static_content', 'Bold Collections', 6, 1, 1, '2025-12-24 15:38:13', '2025-12-24 15:38:13'),
(7, 'default', 'product_carousel', 'Featured Collections', 7, 1, 1, '2025-12-24 15:38:13', '2025-12-24 15:38:13'),
(8, 'default', 'static_content', 'Game Container', 8, 1, 1, '2025-12-24 15:38:13', '2025-12-24 15:38:13'),
(9, 'default', 'product_carousel', 'All Products', 9, 1, 1, '2025-12-24 15:38:13', '2025-12-24 15:38:13'),
(10, 'default', 'static_content', 'Bold Collections', 10, 1, 1, '2025-12-24 15:38:13', '2025-12-24 15:38:13'),
(11, 'default', 'footer_links', 'Footer Links', 11, 1, 1, '2025-12-24 15:38:13', '2025-12-24 15:38:13'),
(12, 'default', 'services_content', 'Services Content', 12, 1, 1, '2025-12-24 15:38:13', '2025-12-24 15:38:13');

-- --------------------------------------------------------

--
-- Table structure for table `theme_customization_translations`
--

CREATE TABLE `theme_customization_translations` (
  `id` int(10) UNSIGNED NOT NULL,
  `theme_customization_id` int(10) UNSIGNED NOT NULL,
  `locale` varchar(255) COLLATE utf8mb4_unicode_ci NOT NULL,
  `options` json NOT NULL
) ENGINE=InnoDB DEFAULT CHARSET=utf8mb4 COLLATE=utf8mb4_unicode_ci;

--
-- Dumping data for table `theme_customization_translations`
--

INSERT INTO `theme_customization_translations` (`id`, `theme_customization_id`, `locale`, `options`) VALUES
(1, 1, 'en', '{\"images\": [{\"link\": \"\", \"image\": \"storage/theme/1/oK1L8wBXYtRXV9AK455vGNekFdvxWPvHjScM88Ru.webp\", \"title\": \"Get Ready For New Collection\"}, {\"link\": \"\", \"image\": \"storage/theme/1/HwL3fF7lzik6wYlKi8d73Fgm9G00S2FPzr1J6diW.webp\", \"title\": \"Get Ready For New Collection\"}, {\"link\": \"\", \"image\": \"storage/theme/1/8ZoGWrNUmT0CqwhWlHm7FvdUTGSmiomRWibvGcAa.webp\", \"title\": \"Get Ready For New Collection\"}, {\"link\": \"\", \"image\": \"storage/theme/1/7qkzWz0Tl8Lzxlp92FVPlkMeOPbGIPQDfWywkvcS.webp\", \"title\": \"Get Ready For New Collection\"}]}'),
(2, 2, 'en', '{\"css\": \".home-offer h1 {display: block;font-weight: 500;text-align: center;font-size: 22px;font-family: DM Serif Display;background-color: #E8EDFE;padding-top: 20px;padding-bottom: 20px;}@media (max-width:768px){.home-offer h1 {font-size:18px;padding-top: 10px;padding-bottom: 10px;}@media (max-width:525px) {.home-offer h1 {font-size:14px;padding-top: 6px;padding-bottom: 6px;}}\", \"html\": \"<div class=\\\"home-offer\\\"><h1>Get UPTO 40% OFF on your 1st order SHOP NOW</h1></div>\"}'),
(3, 3, 'en', '{\"filters\": {\"sort\": \"asc\", \"limit\": 10, \"parent_id\": 1}}'),
(4, 4, 'en', '{\"title\": \"New Products\", \"filters\": {\"new\": 1, \"sort\": \"name-asc\", \"limit\": 12}}'),
(5, 5, 'en', '{\"css\": \".top-collection-container {overflow: hidden;}.top-collection-header {padding-left: 15px;padding-right: 15px;text-align: center;font-size: 70px;line-height: 90px;color: #060C3B;margin-top: 80px;}.top-collection-header h2 {max-width: 595px;margin-left: auto;margin-right: auto;font-family: DM Serif Display;}.top-collection-grid {display: flex;flex-wrap: wrap;gap: 32px;justify-content: center;margin-top: 60px;width: 100%;margin-right: auto;margin-left: auto;padding-right: 90px;padding-left: 90px;}.top-collection-card {position: relative;background: #f9fafb;overflow:hidden;border-radius:20px;}.top-collection-card img {border-radius: 16px;max-width: 100%;text-indent:-9999px;transition: transform 300ms ease;transform: scale(1);}.top-collection-card:hover img {transform: scale(1.05);transition: all 300ms ease;}.top-collection-card h3 {color: #060C3B;font-size: 30px;font-family: DM Serif Display;transform: translateX(-50%);width: max-content;left: 50%;bottom: 30px;position: absolute;margin: 0;font-weight: inherit;}@media not all and (min-width: 525px) {.top-collection-header {margin-top: 28px;font-size: 20px;line-height: 1.5;}.top-collection-grid {gap: 10px}}@media not all and (min-width: 768px) {.top-collection-header {margin-top: 30px;font-size: 28px;line-height: 3;}.top-collection-header h2 {line-height:2; margin-bottom:20px;} .top-collection-grid {gap: 14px}} @media not all and (min-width: 1024px) {.top-collection-grid {padding-left: 30px;padding-right: 30px;}}@media (max-width: 768px) {.top-collection-grid { row-gap:15px; column-gap:0px;justify-content: space-between;margin-top: 0px;} .top-collection-card{width:48%} .top-collection-card img {width:100%;} .top-collection-card h3 {font-size:24px; bottom: 16px;}}@media (max-width:520px) { .top-collection-grid{padding-left: 15px;padding-right: 15px;} .top-collection-card h3 {font-size:18px; bottom: 10px;}}\", \"html\": \"<div class=\\\"top-collection-container\\\"><div class=\\\"top-collection-header\\\"><h2>The game with our new additions!</h2></div><div class=\\\"top-collection-grid container\\\"><div class=\\\"top-collection-card\\\"><img src=\\\"\\\" data-src=\\\"storage/theme/5/IbHGbmUixJT2P74ouwXMbZB4YVgYhAI5uJNs1x7s.webp\\\" class=\\\"lazy\\\" width=\\\"396\\\" height=\\\"396\\\" alt=\\\"The game with our new additions!\\\"><h3>Our Collections</h3></div><div class=\\\"top-collection-card\\\"><img src=\\\"\\\" data-src=\\\"storage/theme/5/c1r44oqQXtwFVYtTrQmAoAb70ITtB5sn5Lvkcnem.webp\\\" class=\\\"lazy\\\" width=\\\"396\\\" height=\\\"396\\\" alt=\\\"The game with our new additions!\\\"><h3>Our Collections</h3></div><div class=\\\"top-collection-card\\\"><img src=\\\"\\\" data-src=\\\"storage/theme/5/PpqayY7YPKQFqlNLJUvwWa8RI0hk1UAPwCJHlqeB.webp\\\" class=\\\"lazy\\\" width=\\\"396\\\" height=\\\"396\\\" alt=\\\"The game with our new additions!\\\"><h3>Our Collections</h3></div><div class=\\\"top-collection-card\\\"><img src=\\\"\\\" data-src=\\\"storage/theme/5/yYqyokY5rSC5UipLVU4XwCIHIwxgF1zAj02YaV52.webp\\\" class=\\\"lazy\\\" width=\\\"396\\\" height=\\\"396\\\" alt=\\\"The game with our new additions!\\\"><h3>Our Collections</h3></div><div class=\\\"top-collection-card\\\"><img src=\\\"\\\" data-src=\\\"storage/theme/5/KCrzLVbAmUR5Zntgb0W2C2FmHm21EX1eAzxuaLEI.webp\\\" class=\\\"lazy\\\" width=\\\"396\\\" height=\\\"396\\\" alt=\\\"The game with our new additions!\\\"><h3>Our Collections</h3></div><div class=\\\"top-collection-card\\\"><img src=\\\"\\\" data-src=\\\"storage/theme/5/eJy3p545uGO8wuFefwUi9MNzKGDaGkINu0L4pH3O.webp\\\" class=\\\"lazy\\\" width=\\\"396\\\" height=\\\"396\\\" alt=\\\"The game with our new additions!\\\"><h3>Our Collections</h3></div></div></div>\"}'),
(6, 6, 'en', '{\"css\": \".section-gap{margin-top:80px}.direction-ltr{direction:ltr}.direction-rtl{direction:rtl}.inline-col-wrapper{display:grid;grid-template-columns:auto 1fr;grid-gap:60px;align-items:center}.inline-col-wrapper .inline-col-image-wrapper{overflow:hidden}.inline-col-wrapper .inline-col-image-wrapper img{max-width:100%;height:auto;border-radius:16px;text-indent:-9999px}.inline-col-wrapper .inline-col-content-wrapper{display:flex;flex-wrap:wrap;gap:20px;max-width:464px}.inline-col-wrapper .inline-col-content-wrapper .inline-col-title{max-width:442px;font-size:60px;font-weight:400;color:#060c3b;line-height:70px;font-family:DM Serif Display;margin:0}.inline-col-wrapper .inline-col-content-wrapper .inline-col-description{margin:0;font-size:18px;color:#6e6e6e;font-family:Poppins}@media (max-width:991px){.inline-col-wrapper{grid-template-columns:1fr;grid-gap:16px}.inline-col-wrapper .inline-col-content-wrapper{gap:10px}} @media (max-width:768px){.inline-col-wrapper .inline-col-image-wrapper img {width:100%;} .inline-col-wrapper .inline-col-content-wrapper .inline-col-title{font-size:28px !important;line-height:normal !important}} @media (max-width:525px){.inline-col-wrapper .inline-col-content-wrapper .inline-col-title{font-size:20px !important;} .inline-col-description{font-size:16px} .inline-col-wrapper{grid-gap:10px}}\", \"html\": \"<div class=\\\"section-gap bold-collections container\\\"> <div class=\\\"inline-col-wrapper\\\"> <div class=\\\"inline-col-image-wrapper\\\"> <img src=\\\"\\\" data-src=\\\"storage/theme/6/IkpPVXkFiHv4MvGDwR7iqlUNpVlA56zXm5HkqF4U.webp\\\" class=\\\"lazy\\\" width=\\\"632\\\" height=\\\"510\\\" alt=\\\"Get Ready for our new Bold Collections!\\\"> </div> <div class=\\\"inline-col-content-wrapper\\\"> <h2 class=\\\"inline-col-title\\\"> Get Ready for our new Bold Collections! </h2> <p class=\\\"inline-col-description\\\">Introducing Our New Bold Collections! Elevate your style with daring designs and vibrant statements. Explore striking patterns and bold colors that redefine your wardrobe. Get ready to embrace the extraordinary!</p> <button class=\\\"primary-button max-md:rounded-lg max-md:px-4 max-md:py-2.5 max-md:text-sm\\\">View Collections</button> </div> </div> </div>\"}'),
(7, 7, 'en', '{\"title\": \"Featured Products\", \"filters\": {\"sort\": \"name-desc\", \"limit\": 12, \"featured\": 1}}'),
(8, 8, 'en', '{\"css\": \".section-game {overflow: hidden;}.section-title,.section-title h2{font-weight:400;font-family:DM Serif Display}.section-title{margin-top:80px;padding-left:15px;padding-right:15px;text-align:center;line-height:90px}.section-title h2{font-size:70px;color:#060c3b;max-width:595px;margin:auto}.collection-card-wrapper{display:flex;flex-wrap:wrap;justify-content:center;gap:30px}.collection-card-wrapper .single-collection-card{position:relative}.collection-card-wrapper .single-collection-card img{border-radius:16px;background-color:#f5f5f5;max-width:100%;height:auto;text-indent:-9999px}.collection-card-wrapper .single-collection-card .overlay-text{font-size:50px;font-weight:400;max-width:234px;font-style:italic;color:#060c3b;font-family:DM Serif Display;position:absolute;bottom:30px;left:30px;margin:0}@media (max-width:1024px){.section-title{padding:0 30px}}@media (max-width:991px){.collection-card-wrapper{flex-wrap:wrap}}@media (max-width:768px) {.collection-card-wrapper .single-collection-card .overlay-text{font-size:32px; bottom:20px}.section-title{margin-top:32px}.section-title h2{font-size:28px;line-height:normal}} @media (max-width:525px){.collection-card-wrapper .single-collection-card .overlay-text{font-size:18px; bottom:10px} .section-title{margin-top:28px}.section-title h2{font-size:20px;} .collection-card-wrapper{gap:10px; 15px; row-gap:15px; column-gap:0px;justify-content: space-between;margin-top: 15px;} .collection-card-wrapper .single-collection-card {width:48%;}}\", \"html\": \"<div class=\\\"section-game\\\"><div class=\\\"section-title\\\"> <h2>The game with our new additions!</h2> </div> <div class=\\\"section-gap container\\\"> <div class=\\\"collection-card-wrapper\\\"> <div class=\\\"single-collection-card\\\"> <img src=\\\"\\\" data-src=\\\"storage/theme/8/iZpJfyOGGcY1tgakrxFqNBPNTTcaMD68PAmKC9e6.webp\\\" class=\\\"lazy\\\" width=\\\"615\\\" height=\\\"600\\\" alt=\\\"The game with our new additions!\\\"> <h3 class=\\\"overlay-text\\\">Our Collections</h3> </div> <div class=\\\"single-collection-card\\\"> <img src=\\\"\\\" data-src=\\\"storage/theme/8/8N10iS5E5Tw9CtHEVwBZtytlYUzH9Ga6xxo7iXxT.webp\\\" class=\\\"lazy\\\" width=\\\"615\\\" height=\\\"600\\\" alt=\\\"The game with our new additions!\\\"> <h3 class=\\\"overlay-text\\\"> Our Collections </h3> </div> </div> </div> </div>\"}'),
(9, 9, 'en', '{\"title\": \"All Products\", \"filters\": {\"sort\": \"name-desc\", \"limit\": 12}}'),
(10, 10, 'en', '{\"css\": \".section-gap{margin-top:80px}.direction-ltr{direction:ltr}.direction-rtl{direction:rtl}.inline-col-wrapper{display:grid;grid-template-columns:auto 1fr;grid-gap:60px;align-items:center}.inline-col-wrapper .inline-col-image-wrapper{overflow:hidden}.inline-col-wrapper .inline-col-image-wrapper img{max-width:100%;height:auto;border-radius:16px;text-indent:-9999px}.inline-col-wrapper .inline-col-content-wrapper{display:flex;flex-wrap:wrap;gap:20px;max-width:464px}.inline-col-wrapper .inline-col-content-wrapper .inline-col-title{max-width:442px;font-size:60px;font-weight:400;color:#060c3b;line-height:70px;font-family:DM Serif Display;margin:0}.inline-col-wrapper .inline-col-content-wrapper .inline-col-description{margin:0;font-size:18px;color:#6e6e6e;font-family:Poppins}@media (max-width:991px){.inline-col-wrapper{grid-template-columns:1fr;grid-gap:16px}.inline-col-wrapper .inline-col-content-wrapper{gap:10px}}@media (max-width:768px) {.inline-col-wrapper .inline-col-image-wrapper img {max-width:100%;}.inline-col-wrapper .inline-col-content-wrapper{max-width:100%;justify-content:center; text-align:center} .section-gap{padding:0 30px; gap:20px;margin-top:24px} .bold-collections{margin-top:32px;}} @media (max-width:525px){.inline-col-wrapper .inline-col-content-wrapper{gap:10px} .inline-col-wrapper .inline-col-content-wrapper .inline-col-title{font-size:20px;line-height:normal} .section-gap{padding:0 15px; gap:15px;margin-top:10px} .bold-collections{margin-top:28px;}  .inline-col-description{font-size:16px !important} .inline-col-wrapper{grid-gap:15px}\", \"html\": \"<div class=\\\"section-gap bold-collections container\\\"> <div class=\\\"inline-col-wrapper direction-rtl\\\"> <div class=\\\"inline-col-image-wrapper\\\"> <img src=\\\"\\\" data-src=\\\"storage/theme/10/SbFrx6zABsfAMlEax2Fh9vKp7VzpKHtqBIeRYyHl.webp\\\" class=\\\"lazy\\\" width=\\\"632\\\" height=\\\"510\\\" alt=\\\"Get Ready for our new Bold Collections!\\\"> </div> <div class=\\\"inline-col-content-wrapper direction-ltr\\\"> <h2 class=\\\"inline-col-title\\\"> Get Ready for our new Bold Collections! </h2> <p class=\\\"inline-col-description\\\">Introducing Our New Bold Collections! Elevate your style with daring designs and vibrant statements. Explore striking patterns and bold colors that redefine your wardrobe. Get ready to embrace the extraordinary!</p> <button class=\\\"primary-button max-md:rounded-lg max-md:px-4 max-md:py-2.5 max-md:text-sm\\\">View Collections</button> </div> </div> </div>\"}'),
(11, 11, 'en', '{\"column_1\": [{\"url\": \"http://localhost/public/page/about-us\", \"title\": \"About Us\", \"sort_order\": 1}, {\"url\": \"http://localhost/public/contact-us\", \"title\": \"Contact Us\", \"sort_order\": 2}, {\"url\": \"http://localhost/public/page/customer-service\", \"title\": \"Customer Service\", \"sort_order\": 3}, {\"url\": \"http://localhost/public/page/whats-new\", \"title\": \"What\'s New\", \"sort_order\": 4}, {\"url\": \"http://localhost/public/page/terms-of-use\", \"title\": \"Terms of Use\", \"sort_order\": 5}, {\"url\": \"http://localhost/public/page/terms-conditions\", \"title\": \"Terms & Conditions\", \"sort_order\": 6}], \"column_2\": [{\"url\": \"http://localhost/public/page/privacy-policy\", \"title\": \"Privacy Policy\", \"sort_order\": 1}, {\"url\": \"http://localhost/public/page/payment-policy\", \"title\": \"Payment Policy\", \"sort_order\": 2}, {\"url\": \"http://localhost/public/page/shipping-policy\", \"title\": \"Shipping Policy\", \"sort_order\": 3}, {\"url\": \"http://localhost/public/page/refund-policy\", \"title\": \"Refund Policy\", \"sort_order\": 4}, {\"url\": \"http://localhost/public/page/return-policy\", \"title\": \"Return Policy\", \"sort_order\": 5}]}'),
(12, 12, 'en', '{\"services\": [{\"title\": \"Free Shipping\", \"description\": \"Enjoy free shipping on all orders\", \"service_icon\": \"icon-truck\"}, {\"title\": \"Product Replace\", \"description\": \"Easy Product Replacement Available!\", \"service_icon\": \"icon-product\"}, {\"title\": \"Emi Available\", \"description\": \"No cost EMI available on all major credit cards\", \"service_icon\": \"icon-dollar-sign\"}, {\"title\": \"24/7 Support\", \"description\": \"Dedicated 24/7 support via chat and email\", \"service_icon\": \"icon-support\"}]}');

-- --------------------------------------------------------

--
-- Table structure for table `url_rewrites`
--

CREATE TABLE `url_rewrites` (
  `id` int(10) UNSIGNED NOT NULL,
  `entity_type` varchar(255) COLLATE utf8mb4_unicode_ci NOT NULL,
  `request_path` varchar(255) COLLATE utf8mb4_unicode_ci NOT NULL,
  `target_path` varchar(255) COLLATE utf8mb4_unicode_ci NOT NULL,
  `redirect_type` varchar(255) COLLATE utf8mb4_unicode_ci DEFAULT NULL,
  `locale` varchar(255) COLLATE utf8mb4_unicode_ci NOT NULL,
  `created_at` timestamp NULL DEFAULT NULL,
  `updated_at` timestamp NULL DEFAULT NULL
) ENGINE=InnoDB DEFAULT CHARSET=utf8mb4 COLLATE=utf8mb4_unicode_ci;

--
-- Dumping data for table `url_rewrites`
--

INSERT INTO `url_rewrites` (`id`, `entity_type`, `request_path`, `target_path`, `redirect_type`, `locale`, `created_at`, `updated_at`) VALUES
(1, 'category', 'test2', 'test22', '301', 'en', '2025-12-29 15:17:43', '2025-12-29 15:17:43'),
(2, 'product', 'sweet-2', 'sweets2', '301', 'en', '2026-01-04 15:04:27', '2026-01-04 15:04:27');

-- --------------------------------------------------------

--
-- Table structure for table `users`
--

CREATE TABLE `users` (
  `id` int(10) UNSIGNED NOT NULL,
  `name` varchar(255) COLLATE utf8mb4_unicode_ci NOT NULL,
  `email` varchar(255) COLLATE utf8mb4_unicode_ci NOT NULL,
  `phone_number` varchar(255) COLLATE utf8mb4_unicode_ci DEFAULT NULL,
  `first_name` varchar(255) COLLATE utf8mb4_unicode_ci NOT NULL,
  `last_name` varchar(255) COLLATE utf8mb4_unicode_ci NOT NULL,
  `email_verified` tinyint(1) NOT NULL DEFAULT '0',
  `phone_verified` tinyint(1) NOT NULL DEFAULT '0',
  `status` enum('active','inactive','suspended') COLLATE utf8mb4_unicode_ci NOT NULL DEFAULT 'active',
  `password` varchar(255) COLLATE utf8mb4_unicode_ci NOT NULL,
  `remember_token` varchar(100) COLLATE utf8mb4_unicode_ci DEFAULT NULL,
  `created_at` timestamp NULL DEFAULT NULL,
  `updated_at` timestamp NULL DEFAULT NULL,
  `deleted_at` timestamp NULL DEFAULT NULL
) ENGINE=InnoDB DEFAULT CHARSET=utf8mb4 COLLATE=utf8mb4_unicode_ci;

-- --------------------------------------------------------

--
-- Table structure for table `visits`
--

CREATE TABLE `visits` (
  `id` bigint(20) UNSIGNED NOT NULL,
  `method` varchar(255) COLLATE utf8mb4_unicode_ci DEFAULT NULL,
  `request` mediumtext COLLATE utf8mb4_unicode_ci,
  `url` mediumtext COLLATE utf8mb4_unicode_ci,
  `referer` mediumtext COLLATE utf8mb4_unicode_ci,
  `languages` text COLLATE utf8mb4_unicode_ci,
  `useragent` text COLLATE utf8mb4_unicode_ci,
  `headers` text COLLATE utf8mb4_unicode_ci,
  `device` text COLLATE utf8mb4_unicode_ci,
  `platform` text COLLATE utf8mb4_unicode_ci,
  `browser` text COLLATE utf8mb4_unicode_ci,
  `ip` varchar(45) COLLATE utf8mb4_unicode_ci DEFAULT NULL,
  `visitable_type` varchar(255) COLLATE utf8mb4_unicode_ci DEFAULT NULL,
  `visitable_id` bigint(20) UNSIGNED DEFAULT NULL,
  `visitor_type` varchar(255) COLLATE utf8mb4_unicode_ci DEFAULT NULL,
  `visitor_id` bigint(20) UNSIGNED DEFAULT NULL,
  `channel_id` int(10) UNSIGNED DEFAULT NULL,
  `created_at` timestamp NULL DEFAULT NULL,
  `updated_at` timestamp NULL DEFAULT NULL
) ENGINE=InnoDB DEFAULT CHARSET=utf8mb4 COLLATE=utf8mb4_unicode_ci;

-- --------------------------------------------------------

--
-- Table structure for table `wishlist`
--

CREATE TABLE `wishlist` (
  `id` int(10) UNSIGNED NOT NULL,
  `channel_id` int(10) UNSIGNED NOT NULL,
  `product_id` int(10) UNSIGNED NOT NULL,
  `customer_id` int(10) UNSIGNED NOT NULL,
  `item_options` json DEFAULT NULL,
  `moved_to_cart` date DEFAULT NULL,
  `shared` tinyint(1) DEFAULT NULL,
  `time_of_moving` date DEFAULT NULL,
  `additional` json DEFAULT NULL,
  `created_at` timestamp NULL DEFAULT NULL,
  `updated_at` timestamp NULL DEFAULT NULL
) ENGINE=InnoDB DEFAULT CHARSET=utf8mb4 COLLATE=utf8mb4_unicode_ci;

-- --------------------------------------------------------

--
-- Table structure for table `wishlist_items`
--

CREATE TABLE `wishlist_items` (
  `id` int(10) UNSIGNED NOT NULL,
  `channel_id` int(10) UNSIGNED NOT NULL,
  `product_id` int(10) UNSIGNED NOT NULL,
  `customer_id` int(10) UNSIGNED NOT NULL,
  `additional` json DEFAULT NULL,
  `moved_to_cart` date DEFAULT NULL,
  `shared` tinyint(1) DEFAULT NULL,
  `created_at` timestamp NULL DEFAULT NULL,
  `updated_at` timestamp NULL DEFAULT NULL
) ENGINE=InnoDB DEFAULT CHARSET=utf8mb4 COLLATE=utf8mb4_unicode_ci;

--
-- Indexes for dumped tables
--

--
-- Indexes for table `addresses`
--
ALTER TABLE `addresses`
  ADD PRIMARY KEY (`id`),
  ADD KEY `addresses_customer_id_foreign` (`customer_id`),
  ADD KEY `addresses_cart_id_foreign` (`cart_id`),
  ADD KEY `addresses_order_id_foreign` (`order_id`),
  ADD KEY `addresses_parent_address_id_foreign` (`parent_address_id`);

--
-- Indexes for table `admins`
--
ALTER TABLE `admins`
  ADD PRIMARY KEY (`id`),
  ADD UNIQUE KEY `admins_email_unique` (`email`),
  ADD UNIQUE KEY `admins_api_token_unique` (`api_token`);

--
-- Indexes for table `admin_password_resets`
--
ALTER TABLE `admin_password_resets`
  ADD KEY `admin_password_resets_email_index` (`email`);

--
-- Indexes for table `attributes`
--
ALTER TABLE `attributes`
  ADD PRIMARY KEY (`id`),
  ADD UNIQUE KEY `attributes_code_unique` (`code`),
  ADD KEY `attributes_code_index` (`code`);

--
-- Indexes for table `attribute_families`
--
ALTER TABLE `attribute_families`
  ADD PRIMARY KEY (`id`);

--
-- Indexes for table `attribute_groups`
--
ALTER TABLE `attribute_groups`
  ADD PRIMARY KEY (`id`),
  ADD UNIQUE KEY `attribute_groups_attribute_family_id_name_unique` (`attribute_family_id`,`name`);

--
-- Indexes for table `attribute_group_mappings`
--
ALTER TABLE `attribute_group_mappings`
  ADD PRIMARY KEY (`attribute_id`,`attribute_group_id`),
  ADD KEY `attribute_group_mappings_attribute_group_id_foreign` (`attribute_group_id`);

--
-- Indexes for table `attribute_options`
--
ALTER TABLE `attribute_options`
  ADD PRIMARY KEY (`id`),
  ADD KEY `attribute_options_attribute_id_foreign` (`attribute_id`);

--
-- Indexes for table `attribute_option_translations`
--
ALTER TABLE `attribute_option_translations`
  ADD PRIMARY KEY (`id`),
  ADD UNIQUE KEY `attribute_option_locale_unique` (`attribute_option_id`,`locale`);

--
-- Indexes for table `attribute_rewards`
--
ALTER TABLE `attribute_rewards`
  ADD PRIMARY KEY (`id`),
  ADD KEY `attribute_rewards_attribute_id_foreign` (`attribute_id`);

--
-- Indexes for table `attribute_translations`
--
ALTER TABLE `attribute_translations`
  ADD PRIMARY KEY (`id`),
  ADD UNIQUE KEY `attribute_translations_attribute_id_locale_unique` (`attribute_id`,`locale`);

--
-- Indexes for table `blogs`
--
ALTER TABLE `blogs`
  ADD PRIMARY KEY (`id`);

--
-- Indexes for table `blog_categories`
--
ALTER TABLE `blog_categories`
  ADD PRIMARY KEY (`id`);

--
-- Indexes for table `blog_comments`
--
ALTER TABLE `blog_comments`
  ADD PRIMARY KEY (`id`);

--
-- Indexes for table `blog_tags`
--
ALTER TABLE `blog_tags`
  ADD PRIMARY KEY (`id`);

--
-- Indexes for table `bookings`
--
ALTER TABLE `bookings`
  ADD PRIMARY KEY (`id`),
  ADD KEY `bookings_order_item_id_foreign` (`order_item_id`),
  ADD KEY `bookings_booking_product_event_ticket_id_foreign` (`booking_product_event_ticket_id`),
  ADD KEY `bookings_order_id_foreign` (`order_id`),
  ADD KEY `bookings_product_id_foreign` (`product_id`);

--
-- Indexes for table `booking_products`
--
ALTER TABLE `booking_products`
  ADD PRIMARY KEY (`id`),
  ADD KEY `booking_products_product_id_foreign` (`product_id`);

--
-- Indexes for table `booking_product_appointment_slots`
--
ALTER TABLE `booking_product_appointment_slots`
  ADD PRIMARY KEY (`id`),
  ADD KEY `booking_product_appointment_slots_booking_product_id_foreign` (`booking_product_id`);

--
-- Indexes for table `booking_product_default_slots`
--
ALTER TABLE `booking_product_default_slots`
  ADD PRIMARY KEY (`id`),
  ADD KEY `booking_product_default_slots_booking_product_id_foreign` (`booking_product_id`);

--
-- Indexes for table `booking_product_event_tickets`
--
ALTER TABLE `booking_product_event_tickets`
  ADD PRIMARY KEY (`id`),
  ADD KEY `booking_product_event_tickets_booking_product_id_foreign` (`booking_product_id`);

--
-- Indexes for table `booking_product_event_ticket_translations`
--
ALTER TABLE `booking_product_event_ticket_translations`
  ADD PRIMARY KEY (`id`),
  ADD UNIQUE KEY `bpet_locale_unique` (`booking_product_event_ticket_id`,`locale`);

--
-- Indexes for table `booking_product_rental_slots`
--
ALTER TABLE `booking_product_rental_slots`
  ADD PRIMARY KEY (`id`),
  ADD KEY `booking_product_rental_slots_booking_product_id_foreign` (`booking_product_id`);

--
-- Indexes for table `booking_product_table_slots`
--
ALTER TABLE `booking_product_table_slots`
  ADD PRIMARY KEY (`id`),
  ADD KEY `booking_product_table_slots_booking_product_id_foreign` (`booking_product_id`);

--
-- Indexes for table `cart`
--
ALTER TABLE `cart`
  ADD PRIMARY KEY (`id`),
  ADD KEY `cart_customer_id_foreign` (`customer_id`),
  ADD KEY `cart_channel_id_foreign` (`channel_id`);

--
-- Indexes for table `cart_items`
--
ALTER TABLE `cart_items`
  ADD PRIMARY KEY (`id`),
  ADD KEY `cart_items_parent_id_foreign` (`parent_id`),
  ADD KEY `cart_items_product_id_foreign` (`product_id`),
  ADD KEY `cart_items_cart_id_foreign` (`cart_id`),
  ADD KEY `cart_items_tax_category_id_foreign` (`tax_category_id`);

--
-- Indexes for table `cart_item_inventories`
--
ALTER TABLE `cart_item_inventories`
  ADD PRIMARY KEY (`id`);

--
-- Indexes for table `cart_payment`
--
ALTER TABLE `cart_payment`
  ADD PRIMARY KEY (`id`),
  ADD KEY `cart_payment_cart_id_foreign` (`cart_id`);

--
-- Indexes for table `cart_rewards`
--
ALTER TABLE `cart_rewards`
  ADD PRIMARY KEY (`id`);

--
-- Indexes for table `cart_rules`
--
ALTER TABLE `cart_rules`
  ADD PRIMARY KEY (`id`);

--
-- Indexes for table `cart_rule_channels`
--
ALTER TABLE `cart_rule_channels`
  ADD PRIMARY KEY (`cart_rule_id`,`channel_id`),
  ADD KEY `cart_rule_channels_channel_id_foreign` (`channel_id`);

--
-- Indexes for table `cart_rule_coupons`
--
ALTER TABLE `cart_rule_coupons`
  ADD PRIMARY KEY (`id`),
  ADD KEY `cart_rule_coupons_cart_rule_id_foreign` (`cart_rule_id`);

--
-- Indexes for table `cart_rule_coupon_usage`
--
ALTER TABLE `cart_rule_coupon_usage`
  ADD PRIMARY KEY (`id`),
  ADD KEY `cart_rule_coupon_usage_cart_rule_coupon_id_foreign` (`cart_rule_coupon_id`),
  ADD KEY `cart_rule_coupon_usage_customer_id_foreign` (`customer_id`);

--
-- Indexes for table `cart_rule_customers`
--
ALTER TABLE `cart_rule_customers`
  ADD PRIMARY KEY (`id`),
  ADD KEY `cart_rule_customers_cart_rule_id_foreign` (`cart_rule_id`),
  ADD KEY `cart_rule_customers_customer_id_foreign` (`customer_id`);

--
-- Indexes for table `cart_rule_customer_groups`
--
ALTER TABLE `cart_rule_customer_groups`
  ADD PRIMARY KEY (`cart_rule_id`,`customer_group_id`),
  ADD KEY `cart_rule_customer_groups_customer_group_id_foreign` (`customer_group_id`);

--
-- Indexes for table `cart_rule_translations`
--
ALTER TABLE `cart_rule_translations`
  ADD PRIMARY KEY (`id`),
  ADD UNIQUE KEY `cart_rule_translations_cart_rule_id_locale_unique` (`cart_rule_id`,`locale`);

--
-- Indexes for table `cart_shipping_rates`
--
ALTER TABLE `cart_shipping_rates`
  ADD PRIMARY KEY (`id`),
  ADD KEY `cart_shipping_rates_cart_id_foreign` (`cart_id`);

--
-- Indexes for table `catalog_rules`
--
ALTER TABLE `catalog_rules`
  ADD PRIMARY KEY (`id`);

--
-- Indexes for table `catalog_rule_channels`
--
ALTER TABLE `catalog_rule_channels`
  ADD PRIMARY KEY (`catalog_rule_id`,`channel_id`),
  ADD KEY `catalog_rule_channels_channel_id_foreign` (`channel_id`);

--
-- Indexes for table `catalog_rule_customer_groups`
--
ALTER TABLE `catalog_rule_customer_groups`
  ADD PRIMARY KEY (`catalog_rule_id`,`customer_group_id`),
  ADD KEY `catalog_rule_customer_groups_customer_group_id_foreign` (`customer_group_id`);

--
-- Indexes for table `catalog_rule_products`
--
ALTER TABLE `catalog_rule_products`
  ADD PRIMARY KEY (`id`),
  ADD KEY `catalog_rule_products_product_id_foreign` (`product_id`),
  ADD KEY `catalog_rule_products_customer_group_id_foreign` (`customer_group_id`),
  ADD KEY `catalog_rule_products_catalog_rule_id_foreign` (`catalog_rule_id`),
  ADD KEY `catalog_rule_products_channel_id_foreign` (`channel_id`);

--
-- Indexes for table `catalog_rule_product_prices`
--
ALTER TABLE `catalog_rule_product_prices`
  ADD PRIMARY KEY (`id`),
  ADD KEY `catalog_rule_product_prices_product_id_foreign` (`product_id`),
  ADD KEY `catalog_rule_product_prices_customer_group_id_foreign` (`customer_group_id`),
  ADD KEY `catalog_rule_product_prices_catalog_rule_id_foreign` (`catalog_rule_id`),
  ADD KEY `catalog_rule_product_prices_channel_id_foreign` (`channel_id`);

--
-- Indexes for table `categories`
--
ALTER TABLE `categories`
  ADD PRIMARY KEY (`id`),
  ADD KEY `categories__lft__rgt_parent_id_index` (`_lft`,`_rgt`,`parent_id`);

--
-- Indexes for table `category_filterable_attributes`
--
ALTER TABLE `category_filterable_attributes`
  ADD KEY `category_filterable_attributes_category_id_foreign` (`category_id`),
  ADD KEY `category_filterable_attributes_attribute_id_foreign` (`attribute_id`);

--
-- Indexes for table `category_rewards`
--
ALTER TABLE `category_rewards`
  ADD PRIMARY KEY (`id`),
  ADD KEY `category_rewards_category_id_foreign` (`category_id`);

--
-- Indexes for table `category_specific_time_rewards`
--
ALTER TABLE `category_specific_time_rewards`
  ADD PRIMARY KEY (`id`),
  ADD KEY `category_specific_time_rewards_category_id_foreign` (`category_id`);

--
-- Indexes for table `category_translations`
--
ALTER TABLE `category_translations`
  ADD PRIMARY KEY (`id`),
  ADD UNIQUE KEY `category_translations_category_id_slug_locale_unique` (`category_id`,`slug`,`locale`),
  ADD KEY `category_translations_locale_id_foreign` (`locale_id`);

--
-- Indexes for table `channels`
--
ALTER TABLE `channels`
  ADD PRIMARY KEY (`id`),
  ADD KEY `channels_root_category_id_foreign` (`root_category_id`),
  ADD KEY `channels_default_locale_id_foreign` (`default_locale_id`),
  ADD KEY `channels_base_currency_id_foreign` (`base_currency_id`),
  ADD KEY `channels_hostname_idx` (`hostname`);

--
-- Indexes for table `channel_currencies`
--
ALTER TABLE `channel_currencies`
  ADD PRIMARY KEY (`channel_id`,`currency_id`),
  ADD KEY `channel_currencies_currency_id_foreign` (`currency_id`),
  ADD KEY `channel_currencies_cid_cyid_idx` (`channel_id`,`currency_id`);

--
-- Indexes for table `channel_inventory_sources`
--
ALTER TABLE `channel_inventory_sources`
  ADD UNIQUE KEY `channel_inventory_source_unique` (`channel_id`,`inventory_source_id`),
  ADD KEY `channel_inventory_sources_inventory_source_id_foreign` (`inventory_source_id`);

--
-- Indexes for table `channel_locales`
--
ALTER TABLE `channel_locales`
  ADD PRIMARY KEY (`channel_id`,`locale_id`),
  ADD KEY `channel_locales_locale_id_foreign` (`locale_id`),
  ADD KEY `channel_locales_cid_lid_idx` (`channel_id`,`locale_id`);

--
-- Indexes for table `channel_translations`
--
ALTER TABLE `channel_translations`
  ADD PRIMARY KEY (`id`),
  ADD UNIQUE KEY `channel_translations_channel_id_locale_unique` (`channel_id`,`locale`),
  ADD KEY `channel_translations_locale_index` (`locale`);

--
-- Indexes for table `cms_pages`
--
ALTER TABLE `cms_pages`
  ADD PRIMARY KEY (`id`);

--
-- Indexes for table `cms_page_channels`
--
ALTER TABLE `cms_page_channels`
  ADD UNIQUE KEY `cms_page_channels_cms_page_id_channel_id_unique` (`cms_page_id`,`channel_id`),
  ADD KEY `cms_page_channels_channel_id_foreign` (`channel_id`);

--
-- Indexes for table `cms_page_translations`
--
ALTER TABLE `cms_page_translations`
  ADD PRIMARY KEY (`id`),
  ADD UNIQUE KEY `cms_page_translations_cms_page_id_url_key_locale_unique` (`cms_page_id`,`url_key`,`locale`);

--
-- Indexes for table `compare_items`
--
ALTER TABLE `compare_items`
  ADD PRIMARY KEY (`id`),
  ADD KEY `compare_items_product_id_foreign` (`product_id`),
  ADD KEY `compare_items_customer_id_foreign` (`customer_id`);

--
-- Indexes for table `core_config`
--
ALTER TABLE `core_config`
  ADD PRIMARY KEY (`id`);

--
-- Indexes for table `countries`
--
ALTER TABLE `countries`
  ADD PRIMARY KEY (`id`);

--
-- Indexes for table `country_states`
--
ALTER TABLE `country_states`
  ADD PRIMARY KEY (`id`),
  ADD KEY `country_states_country_id_foreign` (`country_id`);

--
-- Indexes for table `country_state_translations`
--
ALTER TABLE `country_state_translations`
  ADD PRIMARY KEY (`id`),
  ADD KEY `country_state_translations_country_state_id_foreign` (`country_state_id`);

--
-- Indexes for table `country_translations`
--
ALTER TABLE `country_translations`
  ADD PRIMARY KEY (`id`),
  ADD KEY `country_translations_country_id_foreign` (`country_id`);

--
-- Indexes for table `currencies`
--
ALTER TABLE `currencies`
  ADD PRIMARY KEY (`id`);

--
-- Indexes for table `currency_exchange_rates`
--
ALTER TABLE `currency_exchange_rates`
  ADD PRIMARY KEY (`id`),
  ADD UNIQUE KEY `currency_exchange_rates_target_currency_unique` (`target_currency`);

--
-- Indexes for table `customers`
--
ALTER TABLE `customers`
  ADD PRIMARY KEY (`id`),
  ADD UNIQUE KEY `customers_email_unique` (`email`),
  ADD UNIQUE KEY `customers_phone_unique` (`phone`),
  ADD UNIQUE KEY `customers_api_token_unique` (`api_token`),
  ADD KEY `customers_customer_group_id_foreign` (`customer_group_id`),
  ADD KEY `customers_channel_id_foreign` (`channel_id`);

--
-- Indexes for table `customer_groups`
--
ALTER TABLE `customer_groups`
  ADD PRIMARY KEY (`id`),
  ADD UNIQUE KEY `customer_groups_code_unique` (`code`);

--
-- Indexes for table `customer_notes`
--
ALTER TABLE `customer_notes`
  ADD PRIMARY KEY (`id`),
  ADD KEY `customer_notes_customer_id_foreign` (`customer_id`);

--
-- Indexes for table `customer_password_resets`
--
ALTER TABLE `customer_password_resets`
  ADD KEY `customer_password_resets_email_index` (`email`);

--
-- Indexes for table `customer_social_accounts`
--
ALTER TABLE `customer_social_accounts`
  ADD PRIMARY KEY (`id`),
  ADD UNIQUE KEY `customer_social_accounts_provider_id_unique` (`provider_id`),
  ADD KEY `customer_social_accounts_customer_id_foreign` (`customer_id`);

--
-- Indexes for table `datagrid_saved_filters`
--
ALTER TABLE `datagrid_saved_filters`
  ADD PRIMARY KEY (`id`),
  ADD UNIQUE KEY `datagrid_saved_filters_user_id_name_src_unique` (`user_id`,`name`,`src`);

--
-- Indexes for table `delivery_partners`
--
ALTER TABLE `delivery_partners`
  ADD PRIMARY KEY (`id`),
  ADD UNIQUE KEY `delivery_partners_email_unique` (`email`),
  ADD KEY `delivery_partners_status_index` (`status`);

--
-- Indexes for table `downloadable_link_purchased`
--
ALTER TABLE `downloadable_link_purchased`
  ADD PRIMARY KEY (`id`),
  ADD KEY `downloadable_link_purchased_customer_id_foreign` (`customer_id`),
  ADD KEY `downloadable_link_purchased_order_id_foreign` (`order_id`),
  ADD KEY `downloadable_link_purchased_order_item_id_foreign` (`order_item_id`);

--
-- Indexes for table `failed_jobs`
--
ALTER TABLE `failed_jobs`
  ADD PRIMARY KEY (`id`),
  ADD UNIQUE KEY `failed_jobs_uuid_unique` (`uuid`);

--
-- Indexes for table `gdpr_data_request`
--
ALTER TABLE `gdpr_data_request`
  ADD PRIMARY KEY (`id`),
  ADD KEY `gdpr_data_request_customer_id_foreign` (`customer_id`);

--
-- Indexes for table `imports`
--
ALTER TABLE `imports`
  ADD PRIMARY KEY (`id`);

--
-- Indexes for table `import_batches`
--
ALTER TABLE `import_batches`
  ADD PRIMARY KEY (`id`),
  ADD KEY `import_batches_import_id_foreign` (`import_id`);

--
-- Indexes for table `inventory_sources`
--
ALTER TABLE `inventory_sources`
  ADD PRIMARY KEY (`id`),
  ADD UNIQUE KEY `inventory_sources_code_unique` (`code`);

--
-- Indexes for table `invoices`
--
ALTER TABLE `invoices`
  ADD PRIMARY KEY (`id`),
  ADD KEY `invoices_order_id_foreign` (`order_id`);

--
-- Indexes for table `invoice_items`
--
ALTER TABLE `invoice_items`
  ADD PRIMARY KEY (`id`),
  ADD KEY `invoice_items_invoice_id_foreign` (`invoice_id`),
  ADD KEY `invoice_items_parent_id_foreign` (`parent_id`);

--
-- Indexes for table `jobs`
--
ALTER TABLE `jobs`
  ADD PRIMARY KEY (`id`),
  ADD KEY `jobs_queue_index` (`queue`);

--
-- Indexes for table `job_batches`
--
ALTER TABLE `job_batches`
  ADD PRIMARY KEY (`id`);

--
-- Indexes for table `locales`
--
ALTER TABLE `locales`
  ADD PRIMARY KEY (`id`),
  ADD UNIQUE KEY `locales_code_unique` (`code`);

--
-- Indexes for table `marketing_campaigns`
--
ALTER TABLE `marketing_campaigns`
  ADD PRIMARY KEY (`id`),
  ADD KEY `marketing_campaigns_channel_id_foreign` (`channel_id`),
  ADD KEY `marketing_campaigns_customer_group_id_foreign` (`customer_group_id`),
  ADD KEY `marketing_campaigns_marketing_template_id_foreign` (`marketing_template_id`),
  ADD KEY `marketing_campaigns_marketing_event_id_foreign` (`marketing_event_id`);

--
-- Indexes for table `marketing_events`
--
ALTER TABLE `marketing_events`
  ADD PRIMARY KEY (`id`);

--
-- Indexes for table `marketing_templates`
--
ALTER TABLE `marketing_templates`
  ADD PRIMARY KEY (`id`);

--
-- Indexes for table `migrations`
--
ALTER TABLE `migrations`
  ADD PRIMARY KEY (`id`);

--
-- Indexes for table `notifications`
--
ALTER TABLE `notifications`
  ADD PRIMARY KEY (`id`),
  ADD KEY `notifications_order_id_foreign` (`order_id`);

--
-- Indexes for table `orders`
--
ALTER TABLE `orders`
  ADD PRIMARY KEY (`id`),
  ADD UNIQUE KEY `orders_increment_id_unique` (`increment_id`),
  ADD KEY `orders_customer_id_foreign` (`customer_id`),
  ADD KEY `orders_channel_id_foreign` (`channel_id`);

--
-- Indexes for table `order_comments`
--
ALTER TABLE `order_comments`
  ADD PRIMARY KEY (`id`),
  ADD KEY `order_comments_order_id_foreign` (`order_id`);

--
-- Indexes for table `order_items`
--
ALTER TABLE `order_items`
  ADD PRIMARY KEY (`id`),
  ADD KEY `order_items_order_id_foreign` (`order_id`),
  ADD KEY `order_items_parent_id_foreign` (`parent_id`),
  ADD KEY `order_items_tax_category_id_foreign` (`tax_category_id`);

--
-- Indexes for table `order_payment`
--
ALTER TABLE `order_payment`
  ADD PRIMARY KEY (`id`),
  ADD KEY `order_payment_order_id_foreign` (`order_id`);

--
-- Indexes for table `order_transactions`
--
ALTER TABLE `order_transactions`
  ADD PRIMARY KEY (`id`),
  ADD KEY `order_transactions_order_id_foreign` (`order_id`);

--
-- Indexes for table `password_resets`
--
ALTER TABLE `password_resets`
  ADD KEY `password_resets_email_index` (`email`);

--
-- Indexes for table `pathao_orders`
--
ALTER TABLE `pathao_orders`
  ADD PRIMARY KEY (`id`),
  ADD UNIQUE KEY `pathao_orders_consignment_id_unique` (`consignment_id`),
  ADD KEY `pathao_orders_order_id_index` (`order_id`),
  ADD KEY `pathao_orders_consignment_id_index` (`consignment_id`),
  ADD KEY `pathao_orders_merchant_order_id_index` (`merchant_order_id`),
  ADD KEY `pathao_orders_order_status_index` (`order_status`),
  ADD KEY `pathao_orders_store_id_index` (`store_id`);

--
-- Indexes for table `pathao_tracking_history`
--
ALTER TABLE `pathao_tracking_history`
  ADD PRIMARY KEY (`id`),
  ADD KEY `pathao_tracking_history_pathao_order_id_index` (`pathao_order_id`),
  ADD KEY `pathao_tracking_history_status_index` (`status`),
  ADD KEY `pathao_tracking_history_timestamp_index` (`timestamp`);

--
-- Indexes for table `payment_methods`
--
ALTER TABLE `payment_methods`
  ADD PRIMARY KEY (`id`),
  ADD KEY `payment_methods_type_is_active_index` (`type`,`is_active`);

--
-- Indexes for table `personal_access_tokens`
--
ALTER TABLE `personal_access_tokens`
  ADD PRIMARY KEY (`id`),
  ADD UNIQUE KEY `personal_access_tokens_token_unique` (`token`),
  ADD KEY `personal_access_tokens_tokenable_type_tokenable_id_index` (`tokenable_type`,`tokenable_id`);

--
-- Indexes for table `products`
--
ALTER TABLE `products`
  ADD PRIMARY KEY (`id`),
  ADD UNIQUE KEY `products_sku_unique` (`sku`),
  ADD KEY `products_attribute_family_id_foreign` (`attribute_family_id`),
  ADD KEY `products_parent_id_foreign` (`parent_id`);

--
-- Indexes for table `product_attribute_values`
--
ALTER TABLE `product_attribute_values`
  ADD PRIMARY KEY (`id`),
  ADD UNIQUE KEY `chanel_locale_attribute_value_index_unique` (`channel`,`locale`,`attribute_id`,`product_id`),
  ADD UNIQUE KEY `product_attribute_values_unique_id_unique` (`unique_id`),
  ADD KEY `product_attribute_values_attribute_id_foreign` (`attribute_id`),
  ADD KEY `prod_attr_product_id_idx` (`product_id`);

--
-- Indexes for table `product_bundle_options`
--
ALTER TABLE `product_bundle_options`
  ADD PRIMARY KEY (`id`),
  ADD KEY `product_bundle_options_product_id_foreign` (`product_id`);

--
-- Indexes for table `product_bundle_option_products`
--
ALTER TABLE `product_bundle_option_products`
  ADD PRIMARY KEY (`id`),
  ADD UNIQUE KEY `bundle_option_products_product_id_bundle_option_id_unique` (`product_id`,`product_bundle_option_id`),
  ADD KEY `pbop_option_id_idx` (`product_bundle_option_id`);

--
-- Indexes for table `product_bundle_option_translations`
--
ALTER TABLE `product_bundle_option_translations`
  ADD PRIMARY KEY (`id`),
  ADD UNIQUE KEY `product_bundle_option_translations_option_id_locale_unique` (`product_bundle_option_id`,`locale`),
  ADD UNIQUE KEY `bundle_option_translations_locale_label_bundle_option_id_unique` (`locale`,`label`,`product_bundle_option_id`);

--
-- Indexes for table `product_categories`
--
ALTER TABLE `product_categories`
  ADD UNIQUE KEY `product_categories_product_id_category_id_unique` (`product_id`,`category_id`),
  ADD KEY `product_categories_category_id_foreign` (`category_id`);

--
-- Indexes for table `product_channels`
--
ALTER TABLE `product_channels`
  ADD UNIQUE KEY `product_channels_product_id_channel_id_unique` (`product_id`,`channel_id`),
  ADD KEY `product_channels_channel_id_foreign` (`channel_id`),
  ADD KEY `pc_product_id_channel_id_idx` (`product_id`,`channel_id`);

--
-- Indexes for table `product_cross_sells`
--
ALTER TABLE `product_cross_sells`
  ADD UNIQUE KEY `product_cross_sells_parent_id_child_id_unique` (`parent_id`,`child_id`),
  ADD KEY `product_cross_sells_child_id_foreign` (`child_id`);

--
-- Indexes for table `product_customer_group_prices`
--
ALTER TABLE `product_customer_group_prices`
  ADD PRIMARY KEY (`id`),
  ADD UNIQUE KEY `product_customer_group_prices_unique_id_unique` (`unique_id`),
  ADD KEY `product_customer_group_prices_product_id_foreign` (`product_id`),
  ADD KEY `product_customer_group_prices_customer_group_id_foreign` (`customer_group_id`);

--
-- Indexes for table `product_customizable_options`
--
ALTER TABLE `product_customizable_options`
  ADD PRIMARY KEY (`id`),
  ADD KEY `product_customizable_options_product_id_foreign` (`product_id`);

--
-- Indexes for table `product_customizable_option_prices`
--
ALTER TABLE `product_customizable_option_prices`
  ADD PRIMARY KEY (`id`),
  ADD KEY `pcop_product_customizable_option_id_foreign` (`product_customizable_option_id`);

--
-- Indexes for table `product_customizable_option_translations`
--
ALTER TABLE `product_customizable_option_translations`
  ADD PRIMARY KEY (`id`),
  ADD UNIQUE KEY `product_customizable_option_id_locale_unique` (`product_customizable_option_id`,`locale`);

--
-- Indexes for table `product_downloadable_links`
--
ALTER TABLE `product_downloadable_links`
  ADD PRIMARY KEY (`id`),
  ADD KEY `product_downloadable_links_product_id_foreign` (`product_id`);

--
-- Indexes for table `product_downloadable_link_translations`
--
ALTER TABLE `product_downloadable_link_translations`
  ADD PRIMARY KEY (`id`),
  ADD KEY `link_translations_link_id_foreign` (`product_downloadable_link_id`);

--
-- Indexes for table `product_downloadable_samples`
--
ALTER TABLE `product_downloadable_samples`
  ADD PRIMARY KEY (`id`),
  ADD KEY `product_downloadable_samples_product_id_foreign` (`product_id`);

--
-- Indexes for table `product_downloadable_sample_translations`
--
ALTER TABLE `product_downloadable_sample_translations`
  ADD PRIMARY KEY (`id`),
  ADD KEY `sample_translations_sample_id_foreign` (`product_downloadable_sample_id`);

--
-- Indexes for table `product_flat`
--
ALTER TABLE `product_flat`
  ADD PRIMARY KEY (`id`),
  ADD UNIQUE KEY `product_flat_unique_index` (`product_id`,`channel`,`locale`),
  ADD KEY `product_flat_attribute_family_id_foreign` (`attribute_family_id`),
  ADD KEY `product_flat_parent_id_foreign` (`parent_id`);

--
-- Indexes for table `product_grouped_products`
--
ALTER TABLE `product_grouped_products`
  ADD PRIMARY KEY (`id`),
  ADD UNIQUE KEY `grouped_products_product_id_associated_product_id_unique` (`product_id`,`associated_product_id`),
  ADD KEY `product_grouped_products_associated_product_id_foreign` (`associated_product_id`),
  ADD KEY `pgp_product_id_idx` (`product_id`);

--
-- Indexes for table `product_images`
--
ALTER TABLE `product_images`
  ADD PRIMARY KEY (`id`),
  ADD KEY `prod_img_product_id_idx` (`product_id`);

--
-- Indexes for table `product_inventories`
--
ALTER TABLE `product_inventories`
  ADD PRIMARY KEY (`id`),
  ADD UNIQUE KEY `product_source_vendor_index_unique` (`product_id`,`inventory_source_id`,`vendor_id`),
  ADD KEY `product_inventories_inventory_source_id_foreign` (`inventory_source_id`);

--
-- Indexes for table `product_inventory_indices`
--
ALTER TABLE `product_inventory_indices`
  ADD PRIMARY KEY (`id`),
  ADD UNIQUE KEY `product_inventory_indices_product_id_channel_id_unique` (`product_id`,`channel_id`),
  ADD KEY `product_inventory_indices_channel_id_foreign` (`channel_id`),
  ADD KEY `prod_inv_product_id_idx` (`product_id`);

--
-- Indexes for table `product_ordered_inventories`
--
ALTER TABLE `product_ordered_inventories`
  ADD PRIMARY KEY (`id`),
  ADD UNIQUE KEY `product_ordered_inventories_product_id_channel_id_unique` (`product_id`,`channel_id`),
  ADD KEY `product_ordered_inventories_channel_id_foreign` (`channel_id`);

--
-- Indexes for table `product_price_indices`
--
ALTER TABLE `product_price_indices`
  ADD PRIMARY KEY (`id`),
  ADD UNIQUE KEY `price_indices_product_id_customer_group_id_channel_id_unique` (`product_id`,`customer_group_id`,`channel_id`),
  ADD KEY `product_price_indices_customer_group_id_foreign` (`customer_group_id`),
  ADD KEY `product_price_indices_channel_id_foreign` (`channel_id`),
  ADD KEY `ppi_product_id_customer_group_id_idx` (`product_id`,`customer_group_id`);

--
-- Indexes for table `product_relations`
--
ALTER TABLE `product_relations`
  ADD UNIQUE KEY `product_relations_parent_id_child_id_unique` (`parent_id`,`child_id`),
  ADD KEY `product_relations_child_id_foreign` (`child_id`);

--
-- Indexes for table `product_reviews`
--
ALTER TABLE `product_reviews`
  ADD PRIMARY KEY (`id`),
  ADD KEY `prod_rev_product_id_idx` (`product_id`);

--
-- Indexes for table `product_review_attachments`
--
ALTER TABLE `product_review_attachments`
  ADD PRIMARY KEY (`id`),
  ADD KEY `product_review_images_review_id_foreign` (`review_id`);

--
-- Indexes for table `product_rewards`
--
ALTER TABLE `product_rewards`
  ADD PRIMARY KEY (`id`),
  ADD KEY `product_rewards_product_id_foreign` (`product_id`);

--
-- Indexes for table `product_specific_time_rewards`
--
ALTER TABLE `product_specific_time_rewards`
  ADD PRIMARY KEY (`id`),
  ADD KEY `product_specific_time_rewards_product_id_foreign` (`product_id`);

--
-- Indexes for table `product_super_attributes`
--
ALTER TABLE `product_super_attributes`
  ADD UNIQUE KEY `product_super_attributes_product_id_attribute_id_unique` (`product_id`,`attribute_id`),
  ADD KEY `product_super_attributes_attribute_id_foreign` (`attribute_id`);

--
-- Indexes for table `product_up_sells`
--
ALTER TABLE `product_up_sells`
  ADD UNIQUE KEY `product_up_sells_parent_id_child_id_unique` (`parent_id`,`child_id`),
  ADD KEY `product_up_sells_child_id_foreign` (`child_id`);

--
-- Indexes for table `product_videos`
--
ALTER TABLE `product_videos`
  ADD PRIMARY KEY (`id`),
  ADD KEY `prod_vid_product_id_idx` (`product_id`);

--
-- Indexes for table `redemption_settings`
--
ALTER TABLE `redemption_settings`
  ADD PRIMARY KEY (`id`);

--
-- Indexes for table `refunds`
--
ALTER TABLE `refunds`
  ADD PRIMARY KEY (`id`),
  ADD KEY `refunds_order_id_foreign` (`order_id`);

--
-- Indexes for table `refund_items`
--
ALTER TABLE `refund_items`
  ADD PRIMARY KEY (`id`),
  ADD KEY `refund_items_parent_id_foreign` (`parent_id`),
  ADD KEY `refund_items_order_item_id_foreign` (`order_item_id`),
  ADD KEY `refund_items_refund_id_foreign` (`refund_id`);

--
-- Indexes for table `reward_configs`
--
ALTER TABLE `reward_configs`
  ADD PRIMARY KEY (`id`);

--
-- Indexes for table `reward_points`
--
ALTER TABLE `reward_points`
  ADD PRIMARY KEY (`id`),
  ADD KEY `reward_points_order_id_foreign` (`order_id`),
  ADD KEY `reward_points_product_id_foreign` (`product_id`),
  ADD KEY `reward_points_category_id_foreign` (`category_id`),
  ADD KEY `reward_points_attribute_id_foreign` (`attribute_id`),
  ADD KEY `reward_points_customer_id_foreign` (`customer_id`);

--
-- Indexes for table `roles`
--
ALTER TABLE `roles`
  ADD PRIMARY KEY (`id`);

--
-- Indexes for table `search_synonyms`
--
ALTER TABLE `search_synonyms`
  ADD PRIMARY KEY (`id`);

--
-- Indexes for table `search_terms`
--
ALTER TABLE `search_terms`
  ADD PRIMARY KEY (`id`),
  ADD KEY `search_terms_channel_id_foreign` (`channel_id`);

--
-- Indexes for table `shipments`
--
ALTER TABLE `shipments`
  ADD PRIMARY KEY (`id`),
  ADD KEY `shipments_order_id_foreign` (`order_id`),
  ADD KEY `shipments_inventory_source_id_foreign` (`inventory_source_id`);

--
-- Indexes for table `shipment_items`
--
ALTER TABLE `shipment_items`
  ADD PRIMARY KEY (`id`),
  ADD KEY `shipment_items_shipment_id_foreign` (`shipment_id`);

--
-- Indexes for table `sitemaps`
--
ALTER TABLE `sitemaps`
  ADD PRIMARY KEY (`id`);

--
-- Indexes for table `subscribers_list`
--
ALTER TABLE `subscribers_list`
  ADD PRIMARY KEY (`id`),
  ADD KEY `subscribers_list_customer_id_foreign` (`customer_id`),
  ADD KEY `subscribers_list_channel_id_foreign` (`channel_id`);

--
-- Indexes for table `tax_categories`
--
ALTER TABLE `tax_categories`
  ADD PRIMARY KEY (`id`),
  ADD UNIQUE KEY `tax_categories_code_unique` (`code`);

--
-- Indexes for table `tax_categories_tax_rates`
--
ALTER TABLE `tax_categories_tax_rates`
  ADD PRIMARY KEY (`id`),
  ADD UNIQUE KEY `tax_map_index_unique` (`tax_category_id`,`tax_rate_id`),
  ADD KEY `tax_categories_tax_rates_tax_rate_id_foreign` (`tax_rate_id`);

--
-- Indexes for table `tax_rates`
--
ALTER TABLE `tax_rates`
  ADD PRIMARY KEY (`id`),
  ADD UNIQUE KEY `tax_rates_identifier_unique` (`identifier`);

--
-- Indexes for table `theme_customizations`
--
ALTER TABLE `theme_customizations`
  ADD PRIMARY KEY (`id`),
  ADD KEY `theme_customizations_channel_id_foreign` (`channel_id`);

--
-- Indexes for table `theme_customization_translations`
--
ALTER TABLE `theme_customization_translations`
  ADD PRIMARY KEY (`id`),
  ADD KEY `theme_customization_id_foreign` (`theme_customization_id`);

--
-- Indexes for table `url_rewrites`
--
ALTER TABLE `url_rewrites`
  ADD PRIMARY KEY (`id`),
  ADD KEY `url_rewrites_et_rp_lc_idx` (`entity_type`,`request_path`,`locale`);

--
-- Indexes for table `users`
--
ALTER TABLE `users`
  ADD PRIMARY KEY (`id`),
  ADD UNIQUE KEY `users_email_unique` (`email`),
  ADD UNIQUE KEY `users_phone_number_unique` (`phone_number`);

--
-- Indexes for table `visits`
--
ALTER TABLE `visits`
  ADD PRIMARY KEY (`id`),
  ADD KEY `visits_visitable_type_visitable_id_index` (`visitable_type`,`visitable_id`),
  ADD KEY `visits_visitor_type_visitor_id_index` (`visitor_type`,`visitor_id`),
  ADD KEY `visits_cid_ip_m_vid_vt_ca_idx` (`channel_id`,`ip`,`method`,`visitor_id`,`visitor_type`,`created_at`);

--
-- Indexes for table `wishlist`
--
ALTER TABLE `wishlist`
  ADD PRIMARY KEY (`id`),
  ADD KEY `wishlist_channel_id_foreign` (`channel_id`),
  ADD KEY `wishlist_product_id_foreign` (`product_id`),
  ADD KEY `wishlist_customer_id_foreign` (`customer_id`);

--
-- Indexes for table `wishlist_items`
--
ALTER TABLE `wishlist_items`
  ADD PRIMARY KEY (`id`),
  ADD KEY `wishlist_items_channel_id_foreign` (`channel_id`),
  ADD KEY `wishlist_items_product_id_foreign` (`product_id`),
  ADD KEY `wishlist_items_customer_id_foreign` (`customer_id`);

--
-- AUTO_INCREMENT for dumped tables
--

--
-- AUTO_INCREMENT for table `addresses`
--
ALTER TABLE `addresses`
  MODIFY `id` int(10) UNSIGNED NOT NULL AUTO_INCREMENT, AUTO_INCREMENT=65;

--
-- AUTO_INCREMENT for table `admins`
--
ALTER TABLE `admins`
  MODIFY `id` int(10) UNSIGNED NOT NULL AUTO_INCREMENT, AUTO_INCREMENT=5;

--
-- AUTO_INCREMENT for table `attributes`
--
ALTER TABLE `attributes`
  MODIFY `id` int(10) UNSIGNED NOT NULL AUTO_INCREMENT, AUTO_INCREMENT=29;

--
-- AUTO_INCREMENT for table `attribute_families`
--
ALTER TABLE `attribute_families`
  MODIFY `id` int(10) UNSIGNED NOT NULL AUTO_INCREMENT, AUTO_INCREMENT=2;

--
-- AUTO_INCREMENT for table `attribute_groups`
--
ALTER TABLE `attribute_groups`
  MODIFY `id` int(10) UNSIGNED NOT NULL AUTO_INCREMENT, AUTO_INCREMENT=8;

--
-- AUTO_INCREMENT for table `attribute_options`
--
ALTER TABLE `attribute_options`
  MODIFY `id` int(10) UNSIGNED NOT NULL AUTO_INCREMENT, AUTO_INCREMENT=10;

--
-- AUTO_INCREMENT for table `attribute_option_translations`
--
ALTER TABLE `attribute_option_translations`
  MODIFY `id` int(10) UNSIGNED NOT NULL AUTO_INCREMENT, AUTO_INCREMENT=28;

--
-- AUTO_INCREMENT for table `attribute_rewards`
--
ALTER TABLE `attribute_rewards`
  MODIFY `id` int(10) UNSIGNED NOT NULL AUTO_INCREMENT;

--
-- AUTO_INCREMENT for table `attribute_translations`
--
ALTER TABLE `attribute_translations`
  MODIFY `id` int(10) UNSIGNED NOT NULL AUTO_INCREMENT, AUTO_INCREMENT=87;

--
-- AUTO_INCREMENT for table `blogs`
--
ALTER TABLE `blogs`
  MODIFY `id` bigint(20) UNSIGNED NOT NULL AUTO_INCREMENT;

--
-- AUTO_INCREMENT for table `blog_categories`
--
ALTER TABLE `blog_categories`
  MODIFY `id` bigint(20) UNSIGNED NOT NULL AUTO_INCREMENT;

--
-- AUTO_INCREMENT for table `blog_comments`
--
ALTER TABLE `blog_comments`
  MODIFY `id` bigint(20) UNSIGNED NOT NULL AUTO_INCREMENT;

--
-- AUTO_INCREMENT for table `blog_tags`
--
ALTER TABLE `blog_tags`
  MODIFY `id` bigint(20) UNSIGNED NOT NULL AUTO_INCREMENT;

--
-- AUTO_INCREMENT for table `bookings`
--
ALTER TABLE `bookings`
  MODIFY `id` bigint(20) UNSIGNED NOT NULL AUTO_INCREMENT;

--
-- AUTO_INCREMENT for table `booking_products`
--
ALTER TABLE `booking_products`
  MODIFY `id` int(10) UNSIGNED NOT NULL AUTO_INCREMENT;

--
-- AUTO_INCREMENT for table `booking_product_appointment_slots`
--
ALTER TABLE `booking_product_appointment_slots`
  MODIFY `id` bigint(20) UNSIGNED NOT NULL AUTO_INCREMENT;

--
-- AUTO_INCREMENT for table `booking_product_default_slots`
--
ALTER TABLE `booking_product_default_slots`
  MODIFY `id` bigint(20) UNSIGNED NOT NULL AUTO_INCREMENT;

--
-- AUTO_INCREMENT for table `booking_product_event_tickets`
--
ALTER TABLE `booking_product_event_tickets`
  MODIFY `id` bigint(20) UNSIGNED NOT NULL AUTO_INCREMENT;

--
-- AUTO_INCREMENT for table `booking_product_event_ticket_translations`
--
ALTER TABLE `booking_product_event_ticket_translations`
  MODIFY `id` bigint(20) UNSIGNED NOT NULL AUTO_INCREMENT;

--
-- AUTO_INCREMENT for table `booking_product_rental_slots`
--
ALTER TABLE `booking_product_rental_slots`
  MODIFY `id` bigint(20) UNSIGNED NOT NULL AUTO_INCREMENT;

--
-- AUTO_INCREMENT for table `booking_product_table_slots`
--
ALTER TABLE `booking_product_table_slots`
  MODIFY `id` bigint(20) UNSIGNED NOT NULL AUTO_INCREMENT;

--
-- AUTO_INCREMENT for table `cart`
--
ALTER TABLE `cart`
  MODIFY `id` int(10) UNSIGNED NOT NULL AUTO_INCREMENT, AUTO_INCREMENT=18;

--
-- AUTO_INCREMENT for table `cart_items`
--
ALTER TABLE `cart_items`
  MODIFY `id` int(10) UNSIGNED NOT NULL AUTO_INCREMENT, AUTO_INCREMENT=18;

--
-- AUTO_INCREMENT for table `cart_item_inventories`
--
ALTER TABLE `cart_item_inventories`
  MODIFY `id` int(10) UNSIGNED NOT NULL AUTO_INCREMENT;

--
-- AUTO_INCREMENT for table `cart_payment`
--
ALTER TABLE `cart_payment`
  MODIFY `id` int(10) UNSIGNED NOT NULL AUTO_INCREMENT, AUTO_INCREMENT=20;

--
-- AUTO_INCREMENT for table `cart_rewards`
--
ALTER TABLE `cart_rewards`
  MODIFY `id` int(10) UNSIGNED NOT NULL AUTO_INCREMENT;

--
-- AUTO_INCREMENT for table `cart_rules`
--
ALTER TABLE `cart_rules`
  MODIFY `id` int(10) UNSIGNED NOT NULL AUTO_INCREMENT;

--
-- AUTO_INCREMENT for table `cart_rule_coupons`
--
ALTER TABLE `cart_rule_coupons`
  MODIFY `id` int(10) UNSIGNED NOT NULL AUTO_INCREMENT;

--
-- AUTO_INCREMENT for table `cart_rule_coupon_usage`
--
ALTER TABLE `cart_rule_coupon_usage`
  MODIFY `id` int(10) UNSIGNED NOT NULL AUTO_INCREMENT;

--
-- AUTO_INCREMENT for table `cart_rule_customers`
--
ALTER TABLE `cart_rule_customers`
  MODIFY `id` int(10) UNSIGNED NOT NULL AUTO_INCREMENT;

--
-- AUTO_INCREMENT for table `cart_rule_translations`
--
ALTER TABLE `cart_rule_translations`
  MODIFY `id` int(10) UNSIGNED NOT NULL AUTO_INCREMENT;

--
-- AUTO_INCREMENT for table `cart_shipping_rates`
--
ALTER TABLE `cart_shipping_rates`
  MODIFY `id` int(10) UNSIGNED NOT NULL AUTO_INCREMENT, AUTO_INCREMENT=79;

--
-- AUTO_INCREMENT for table `catalog_rules`
--
ALTER TABLE `catalog_rules`
  MODIFY `id` int(10) UNSIGNED NOT NULL AUTO_INCREMENT;

--
-- AUTO_INCREMENT for table `catalog_rule_products`
--
ALTER TABLE `catalog_rule_products`
  MODIFY `id` int(10) UNSIGNED NOT NULL AUTO_INCREMENT;

--
-- AUTO_INCREMENT for table `catalog_rule_product_prices`
--
ALTER TABLE `catalog_rule_product_prices`
  MODIFY `id` int(10) UNSIGNED NOT NULL AUTO_INCREMENT;

--
-- AUTO_INCREMENT for table `categories`
--
ALTER TABLE `categories`
  MODIFY `id` int(10) UNSIGNED NOT NULL AUTO_INCREMENT, AUTO_INCREMENT=11;

--
-- AUTO_INCREMENT for table `category_rewards`
--
ALTER TABLE `category_rewards`
  MODIFY `id` int(10) UNSIGNED NOT NULL AUTO_INCREMENT;

--
-- AUTO_INCREMENT for table `category_specific_time_rewards`
--
ALTER TABLE `category_specific_time_rewards`
  MODIFY `id` int(10) UNSIGNED NOT NULL AUTO_INCREMENT;

--
-- AUTO_INCREMENT for table `category_translations`
--
ALTER TABLE `category_translations`
  MODIFY `id` int(10) UNSIGNED NOT NULL AUTO_INCREMENT, AUTO_INCREMENT=32;

--
-- AUTO_INCREMENT for table `channels`
--
ALTER TABLE `channels`
  MODIFY `id` int(10) UNSIGNED NOT NULL AUTO_INCREMENT, AUTO_INCREMENT=2;

--
-- AUTO_INCREMENT for table `channel_translations`
--
ALTER TABLE `channel_translations`
  MODIFY `id` bigint(20) UNSIGNED NOT NULL AUTO_INCREMENT, AUTO_INCREMENT=4;

--
-- AUTO_INCREMENT for table `cms_pages`
--
ALTER TABLE `cms_pages`
  MODIFY `id` int(10) UNSIGNED NOT NULL AUTO_INCREMENT, AUTO_INCREMENT=11;

--
-- AUTO_INCREMENT for table `cms_page_translations`
--
ALTER TABLE `cms_page_translations`
  MODIFY `id` int(10) UNSIGNED NOT NULL AUTO_INCREMENT, AUTO_INCREMENT=31;

--
-- AUTO_INCREMENT for table `compare_items`
--
ALTER TABLE `compare_items`
  MODIFY `id` int(10) UNSIGNED NOT NULL AUTO_INCREMENT;

--
-- AUTO_INCREMENT for table `core_config`
--
ALTER TABLE `core_config`
  MODIFY `id` int(10) UNSIGNED NOT NULL AUTO_INCREMENT, AUTO_INCREMENT=21;

--
-- AUTO_INCREMENT for table `countries`
--
ALTER TABLE `countries`
  MODIFY `id` int(10) UNSIGNED NOT NULL AUTO_INCREMENT, AUTO_INCREMENT=256;

--
-- AUTO_INCREMENT for table `country_states`
--
ALTER TABLE `country_states`
  MODIFY `id` int(10) UNSIGNED NOT NULL AUTO_INCREMENT, AUTO_INCREMENT=587;

--
-- AUTO_INCREMENT for table `country_state_translations`
--
ALTER TABLE `country_state_translations`
  MODIFY `id` int(10) UNSIGNED NOT NULL AUTO_INCREMENT;

--
-- AUTO_INCREMENT for table `country_translations`
--
ALTER TABLE `country_translations`
  MODIFY `id` int(10) UNSIGNED NOT NULL AUTO_INCREMENT;

--
-- AUTO_INCREMENT for table `currencies`
--
ALTER TABLE `currencies`
  MODIFY `id` int(10) UNSIGNED NOT NULL AUTO_INCREMENT, AUTO_INCREMENT=3;

--
-- AUTO_INCREMENT for table `currency_exchange_rates`
--
ALTER TABLE `currency_exchange_rates`
  MODIFY `id` int(10) UNSIGNED NOT NULL AUTO_INCREMENT;

--
-- AUTO_INCREMENT for table `customers`
--
ALTER TABLE `customers`
  MODIFY `id` int(10) UNSIGNED NOT NULL AUTO_INCREMENT, AUTO_INCREMENT=9;

--
-- AUTO_INCREMENT for table `customer_groups`
--
ALTER TABLE `customer_groups`
  MODIFY `id` int(10) UNSIGNED NOT NULL AUTO_INCREMENT, AUTO_INCREMENT=4;

--
-- AUTO_INCREMENT for table `customer_notes`
--
ALTER TABLE `customer_notes`
  MODIFY `id` bigint(20) UNSIGNED NOT NULL AUTO_INCREMENT;

--
-- AUTO_INCREMENT for table `customer_social_accounts`
--
ALTER TABLE `customer_social_accounts`
  MODIFY `id` int(10) UNSIGNED NOT NULL AUTO_INCREMENT;

--
-- AUTO_INCREMENT for table `datagrid_saved_filters`
--
ALTER TABLE `datagrid_saved_filters`
  MODIFY `id` bigint(20) UNSIGNED NOT NULL AUTO_INCREMENT;

--
-- AUTO_INCREMENT for table `delivery_partners`
--
ALTER TABLE `delivery_partners`
  MODIFY `id` bigint(20) UNSIGNED NOT NULL AUTO_INCREMENT;

--
-- AUTO_INCREMENT for table `downloadable_link_purchased`
--
ALTER TABLE `downloadable_link_purchased`
  MODIFY `id` int(10) UNSIGNED NOT NULL AUTO_INCREMENT;

--
-- AUTO_INCREMENT for table `failed_jobs`
--
ALTER TABLE `failed_jobs`
  MODIFY `id` bigint(20) UNSIGNED NOT NULL AUTO_INCREMENT;

--
-- AUTO_INCREMENT for table `gdpr_data_request`
--
ALTER TABLE `gdpr_data_request`
  MODIFY `id` int(10) UNSIGNED NOT NULL AUTO_INCREMENT;

--
-- AUTO_INCREMENT for table `imports`
--
ALTER TABLE `imports`
  MODIFY `id` int(10) UNSIGNED NOT NULL AUTO_INCREMENT;

--
-- AUTO_INCREMENT for table `import_batches`
--
ALTER TABLE `import_batches`
  MODIFY `id` int(10) UNSIGNED NOT NULL AUTO_INCREMENT;

--
-- AUTO_INCREMENT for table `inventory_sources`
--
ALTER TABLE `inventory_sources`
  MODIFY `id` int(10) UNSIGNED NOT NULL AUTO_INCREMENT, AUTO_INCREMENT=2;

--
-- AUTO_INCREMENT for table `invoices`
--
ALTER TABLE `invoices`
  MODIFY `id` int(10) UNSIGNED NOT NULL AUTO_INCREMENT, AUTO_INCREMENT=8;

--
-- AUTO_INCREMENT for table `invoice_items`
--
ALTER TABLE `invoice_items`
  MODIFY `id` int(10) UNSIGNED NOT NULL AUTO_INCREMENT, AUTO_INCREMENT=8;

--
-- AUTO_INCREMENT for table `jobs`
--
ALTER TABLE `jobs`
  MODIFY `id` bigint(20) UNSIGNED NOT NULL AUTO_INCREMENT;

--
-- AUTO_INCREMENT for table `locales`
--
ALTER TABLE `locales`
  MODIFY `id` int(10) UNSIGNED NOT NULL AUTO_INCREMENT, AUTO_INCREMENT=2;

--
-- AUTO_INCREMENT for table `marketing_campaigns`
--
ALTER TABLE `marketing_campaigns`
  MODIFY `id` int(10) UNSIGNED NOT NULL AUTO_INCREMENT;

--
-- AUTO_INCREMENT for table `marketing_events`
--
ALTER TABLE `marketing_events`
  MODIFY `id` int(10) UNSIGNED NOT NULL AUTO_INCREMENT, AUTO_INCREMENT=2;

--
-- AUTO_INCREMENT for table `marketing_templates`
--
ALTER TABLE `marketing_templates`
  MODIFY `id` int(10) UNSIGNED NOT NULL AUTO_INCREMENT;

--
-- AUTO_INCREMENT for table `migrations`
--
ALTER TABLE `migrations`
  MODIFY `id` int(10) UNSIGNED NOT NULL AUTO_INCREMENT, AUTO_INCREMENT=187;

--
-- AUTO_INCREMENT for table `notifications`
--
ALTER TABLE `notifications`
  MODIFY `id` int(10) UNSIGNED NOT NULL AUTO_INCREMENT, AUTO_INCREMENT=16;

--
-- AUTO_INCREMENT for table `orders`
--
ALTER TABLE `orders`
  MODIFY `id` int(10) UNSIGNED NOT NULL AUTO_INCREMENT, AUTO_INCREMENT=18;

--
-- AUTO_INCREMENT for table `order_comments`
--
ALTER TABLE `order_comments`
  MODIFY `id` int(10) UNSIGNED NOT NULL AUTO_INCREMENT, AUTO_INCREMENT=4;

--
-- AUTO_INCREMENT for table `order_items`
--
ALTER TABLE `order_items`
  MODIFY `id` int(10) UNSIGNED NOT NULL AUTO_INCREMENT, AUTO_INCREMENT=16;

--
-- AUTO_INCREMENT for table `order_payment`
--
ALTER TABLE `order_payment`
  MODIFY `id` int(10) UNSIGNED NOT NULL AUTO_INCREMENT, AUTO_INCREMENT=16;

--
-- AUTO_INCREMENT for table `order_transactions`
--
ALTER TABLE `order_transactions`
  MODIFY `id` int(10) UNSIGNED NOT NULL AUTO_INCREMENT, AUTO_INCREMENT=8;

--
-- AUTO_INCREMENT for table `pathao_orders`
--
ALTER TABLE `pathao_orders`
  MODIFY `id` bigint(20) UNSIGNED NOT NULL AUTO_INCREMENT, AUTO_INCREMENT=7;

--
-- AUTO_INCREMENT for table `pathao_tracking_history`
--
ALTER TABLE `pathao_tracking_history`
  MODIFY `id` bigint(20) UNSIGNED NOT NULL AUTO_INCREMENT, AUTO_INCREMENT=2;

--
-- AUTO_INCREMENT for table `payment_methods`
--
ALTER TABLE `payment_methods`
  MODIFY `id` bigint(20) UNSIGNED NOT NULL AUTO_INCREMENT;

--
-- AUTO_INCREMENT for table `personal_access_tokens`
--
ALTER TABLE `personal_access_tokens`
  MODIFY `id` bigint(20) UNSIGNED NOT NULL AUTO_INCREMENT, AUTO_INCREMENT=2;

--
-- AUTO_INCREMENT for table `products`
--
ALTER TABLE `products`
  MODIFY `id` int(10) UNSIGNED NOT NULL AUTO_INCREMENT, AUTO_INCREMENT=14;

--
-- AUTO_INCREMENT for table `product_attribute_values`
--
ALTER TABLE `product_attribute_values`
  MODIFY `id` int(10) UNSIGNED NOT NULL AUTO_INCREMENT, AUTO_INCREMENT=50;

--
-- AUTO_INCREMENT for table `product_bundle_options`
--
ALTER TABLE `product_bundle_options`
  MODIFY `id` int(10) UNSIGNED NOT NULL AUTO_INCREMENT;

--
-- AUTO_INCREMENT for table `product_bundle_option_products`
--
ALTER TABLE `product_bundle_option_products`
  MODIFY `id` int(10) UNSIGNED NOT NULL AUTO_INCREMENT;

--
-- AUTO_INCREMENT for table `product_bundle_option_translations`
--
ALTER TABLE `product_bundle_option_translations`
  MODIFY `id` int(10) UNSIGNED NOT NULL AUTO_INCREMENT;

--
-- AUTO_INCREMENT for table `product_customer_group_prices`
--
ALTER TABLE `product_customer_group_prices`
  MODIFY `id` bigint(20) UNSIGNED NOT NULL AUTO_INCREMENT;

--
-- AUTO_INCREMENT for table `product_customizable_options`
--
ALTER TABLE `product_customizable_options`
  MODIFY `id` int(10) UNSIGNED NOT NULL AUTO_INCREMENT;

--
-- AUTO_INCREMENT for table `product_customizable_option_prices`
--
ALTER TABLE `product_customizable_option_prices`
  MODIFY `id` int(10) UNSIGNED NOT NULL AUTO_INCREMENT;

--
-- AUTO_INCREMENT for table `product_customizable_option_translations`
--
ALTER TABLE `product_customizable_option_translations`
  MODIFY `id` int(10) UNSIGNED NOT NULL AUTO_INCREMENT;

--
-- AUTO_INCREMENT for table `product_downloadable_links`
--
ALTER TABLE `product_downloadable_links`
  MODIFY `id` int(10) UNSIGNED NOT NULL AUTO_INCREMENT;

--
-- AUTO_INCREMENT for table `product_downloadable_link_translations`
--
ALTER TABLE `product_downloadable_link_translations`
  MODIFY `id` int(10) UNSIGNED NOT NULL AUTO_INCREMENT;

--
-- AUTO_INCREMENT for table `product_downloadable_samples`
--
ALTER TABLE `product_downloadable_samples`
  MODIFY `id` int(10) UNSIGNED NOT NULL AUTO_INCREMENT;

--
-- AUTO_INCREMENT for table `product_downloadable_sample_translations`
--
ALTER TABLE `product_downloadable_sample_translations`
  MODIFY `id` int(10) UNSIGNED NOT NULL AUTO_INCREMENT;

--
-- AUTO_INCREMENT for table `product_flat`
--
ALTER TABLE `product_flat`
  MODIFY `id` int(10) UNSIGNED NOT NULL AUTO_INCREMENT, AUTO_INCREMENT=4;

--
-- AUTO_INCREMENT for table `product_grouped_products`
--
ALTER TABLE `product_grouped_products`
  MODIFY `id` int(10) UNSIGNED NOT NULL AUTO_INCREMENT;

--
-- AUTO_INCREMENT for table `product_images`
--
ALTER TABLE `product_images`
  MODIFY `id` int(10) UNSIGNED NOT NULL AUTO_INCREMENT, AUTO_INCREMENT=3;

--
-- AUTO_INCREMENT for table `product_inventories`
--
ALTER TABLE `product_inventories`
  MODIFY `id` int(10) UNSIGNED NOT NULL AUTO_INCREMENT, AUTO_INCREMENT=3;

--
-- AUTO_INCREMENT for table `product_inventory_indices`
--
ALTER TABLE `product_inventory_indices`
  MODIFY `id` int(10) UNSIGNED NOT NULL AUTO_INCREMENT, AUTO_INCREMENT=3;

--
-- AUTO_INCREMENT for table `product_ordered_inventories`
--
ALTER TABLE `product_ordered_inventories`
  MODIFY `id` int(10) UNSIGNED NOT NULL AUTO_INCREMENT, AUTO_INCREMENT=2;

--
-- AUTO_INCREMENT for table `product_price_indices`
--
ALTER TABLE `product_price_indices`
  MODIFY `id` int(10) UNSIGNED NOT NULL AUTO_INCREMENT, AUTO_INCREMENT=7;

--
-- AUTO_INCREMENT for table `product_reviews`
--
ALTER TABLE `product_reviews`
  MODIFY `id` int(10) UNSIGNED NOT NULL AUTO_INCREMENT, AUTO_INCREMENT=2;

--
-- AUTO_INCREMENT for table `product_review_attachments`
--
ALTER TABLE `product_review_attachments`
  MODIFY `id` int(10) UNSIGNED NOT NULL AUTO_INCREMENT;

--
-- AUTO_INCREMENT for table `product_rewards`
--
ALTER TABLE `product_rewards`
  MODIFY `id` int(10) UNSIGNED NOT NULL AUTO_INCREMENT;

--
-- AUTO_INCREMENT for table `product_specific_time_rewards`
--
ALTER TABLE `product_specific_time_rewards`
  MODIFY `id` int(10) UNSIGNED NOT NULL AUTO_INCREMENT;

--
-- AUTO_INCREMENT for table `product_videos`
--
ALTER TABLE `product_videos`
  MODIFY `id` int(10) UNSIGNED NOT NULL AUTO_INCREMENT;

--
-- AUTO_INCREMENT for table `redemption_settings`
--
ALTER TABLE `redemption_settings`
  MODIFY `id` int(10) UNSIGNED NOT NULL AUTO_INCREMENT;

--
-- AUTO_INCREMENT for table `refunds`
--
ALTER TABLE `refunds`
  MODIFY `id` int(10) UNSIGNED NOT NULL AUTO_INCREMENT;

--
-- AUTO_INCREMENT for table `refund_items`
--
ALTER TABLE `refund_items`
  MODIFY `id` int(10) UNSIGNED NOT NULL AUTO_INCREMENT;

--
-- AUTO_INCREMENT for table `reward_configs`
--
ALTER TABLE `reward_configs`
  MODIFY `id` int(10) UNSIGNED NOT NULL AUTO_INCREMENT;

--
-- AUTO_INCREMENT for table `reward_points`
--
ALTER TABLE `reward_points`
  MODIFY `id` int(10) UNSIGNED NOT NULL AUTO_INCREMENT;

--
-- AUTO_INCREMENT for table `roles`
--
ALTER TABLE `roles`
  MODIFY `id` int(10) UNSIGNED NOT NULL AUTO_INCREMENT, AUTO_INCREMENT=2;

--
-- AUTO_INCREMENT for table `search_synonyms`
--
ALTER TABLE `search_synonyms`
  MODIFY `id` int(10) UNSIGNED NOT NULL AUTO_INCREMENT;

--
-- AUTO_INCREMENT for table `search_terms`
--
ALTER TABLE `search_terms`
  MODIFY `id` int(10) UNSIGNED NOT NULL AUTO_INCREMENT, AUTO_INCREMENT=4;

--
-- AUTO_INCREMENT for table `shipments`
--
ALTER TABLE `shipments`
  MODIFY `id` int(10) UNSIGNED NOT NULL AUTO_INCREMENT, AUTO_INCREMENT=13;

--
-- AUTO_INCREMENT for table `shipment_items`
--
ALTER TABLE `shipment_items`
  MODIFY `id` int(10) UNSIGNED NOT NULL AUTO_INCREMENT, AUTO_INCREMENT=13;

--
-- AUTO_INCREMENT for table `sitemaps`
--
ALTER TABLE `sitemaps`
  MODIFY `id` int(10) UNSIGNED NOT NULL AUTO_INCREMENT;

--
-- AUTO_INCREMENT for table `subscribers_list`
--
ALTER TABLE `subscribers_list`
  MODIFY `id` int(10) UNSIGNED NOT NULL AUTO_INCREMENT;

--
-- AUTO_INCREMENT for table `tax_categories`
--
ALTER TABLE `tax_categories`
  MODIFY `id` int(10) UNSIGNED NOT NULL AUTO_INCREMENT;

--
-- AUTO_INCREMENT for table `tax_categories_tax_rates`
--
ALTER TABLE `tax_categories_tax_rates`
  MODIFY `id` int(10) UNSIGNED NOT NULL AUTO_INCREMENT;

--
-- AUTO_INCREMENT for table `tax_rates`
--
ALTER TABLE `tax_rates`
  MODIFY `id` int(10) UNSIGNED NOT NULL AUTO_INCREMENT;

--
-- AUTO_INCREMENT for table `theme_customizations`
--
ALTER TABLE `theme_customizations`
  MODIFY `id` int(10) UNSIGNED NOT NULL AUTO_INCREMENT, AUTO_INCREMENT=13;

--
-- AUTO_INCREMENT for table `theme_customization_translations`
--
ALTER TABLE `theme_customization_translations`
  MODIFY `id` int(10) UNSIGNED NOT NULL AUTO_INCREMENT, AUTO_INCREMENT=13;

--
-- AUTO_INCREMENT for table `url_rewrites`
--
ALTER TABLE `url_rewrites`
  MODIFY `id` int(10) UNSIGNED NOT NULL AUTO_INCREMENT, AUTO_INCREMENT=3;

--
-- AUTO_INCREMENT for table `users`
--
ALTER TABLE `users`
  MODIFY `id` int(10) UNSIGNED NOT NULL AUTO_INCREMENT;

--
-- AUTO_INCREMENT for table `visits`
--
ALTER TABLE `visits`
  MODIFY `id` bigint(20) UNSIGNED NOT NULL AUTO_INCREMENT;

--
-- AUTO_INCREMENT for table `wishlist`
--
ALTER TABLE `wishlist`
  MODIFY `id` int(10) UNSIGNED NOT NULL AUTO_INCREMENT;

--
-- AUTO_INCREMENT for table `wishlist_items`
--
ALTER TABLE `wishlist_items`
  MODIFY `id` int(10) UNSIGNED NOT NULL AUTO_INCREMENT;

--
-- Constraints for dumped tables
--

--
-- Constraints for table `addresses`
--
ALTER TABLE `addresses`
  ADD CONSTRAINT `addresses_cart_id_foreign` FOREIGN KEY (`cart_id`) REFERENCES `cart` (`id`) ON DELETE CASCADE,
  ADD CONSTRAINT `addresses_customer_id_foreign` FOREIGN KEY (`customer_id`) REFERENCES `customers` (`id`) ON DELETE CASCADE,
  ADD CONSTRAINT `addresses_order_id_foreign` FOREIGN KEY (`order_id`) REFERENCES `orders` (`id`) ON DELETE CASCADE,
  ADD CONSTRAINT `addresses_parent_address_id_foreign` FOREIGN KEY (`parent_address_id`) REFERENCES `addresses` (`id`) ON DELETE SET NULL;

--
-- Constraints for table `attribute_groups`
--
ALTER TABLE `attribute_groups`
  ADD CONSTRAINT `attribute_groups_attribute_family_id_foreign` FOREIGN KEY (`attribute_family_id`) REFERENCES `attribute_families` (`id`) ON DELETE CASCADE;

--
-- Constraints for table `attribute_group_mappings`
--
ALTER TABLE `attribute_group_mappings`
  ADD CONSTRAINT `attribute_group_mappings_attribute_group_id_foreign` FOREIGN KEY (`attribute_group_id`) REFERENCES `attribute_groups` (`id`) ON DELETE CASCADE,
  ADD CONSTRAINT `attribute_group_mappings_attribute_id_foreign` FOREIGN KEY (`attribute_id`) REFERENCES `attributes` (`id`) ON DELETE CASCADE;

--
-- Constraints for table `attribute_options`
--
ALTER TABLE `attribute_options`
  ADD CONSTRAINT `attribute_options_attribute_id_foreign` FOREIGN KEY (`attribute_id`) REFERENCES `attributes` (`id`) ON DELETE CASCADE;

--
-- Constraints for table `attribute_option_translations`
--
ALTER TABLE `attribute_option_translations`
  ADD CONSTRAINT `attribute_option_translations_attribute_option_id_foreign` FOREIGN KEY (`attribute_option_id`) REFERENCES `attribute_options` (`id`) ON DELETE CASCADE;

--
-- Constraints for table `attribute_rewards`
--
ALTER TABLE `attribute_rewards`
  ADD CONSTRAINT `attribute_rewards_attribute_id_foreign` FOREIGN KEY (`attribute_id`) REFERENCES `attributes` (`id`) ON DELETE CASCADE;

--
-- Constraints for table `attribute_translations`
--
ALTER TABLE `attribute_translations`
  ADD CONSTRAINT `attribute_translations_attribute_id_foreign` FOREIGN KEY (`attribute_id`) REFERENCES `attributes` (`id`) ON DELETE CASCADE;

--
-- Constraints for table `bookings`
--
ALTER TABLE `bookings`
  ADD CONSTRAINT `bookings_booking_product_event_ticket_id_foreign` FOREIGN KEY (`booking_product_event_ticket_id`) REFERENCES `booking_product_event_tickets` (`id`) ON DELETE SET NULL,
  ADD CONSTRAINT `bookings_order_id_foreign` FOREIGN KEY (`order_id`) REFERENCES `orders` (`id`) ON DELETE SET NULL,
  ADD CONSTRAINT `bookings_order_item_id_foreign` FOREIGN KEY (`order_item_id`) REFERENCES `order_items` (`id`) ON DELETE SET NULL,
  ADD CONSTRAINT `bookings_product_id_foreign` FOREIGN KEY (`product_id`) REFERENCES `products` (`id`) ON DELETE SET NULL;

--
-- Constraints for table `booking_products`
--
ALTER TABLE `booking_products`
  ADD CONSTRAINT `booking_products_product_id_foreign` FOREIGN KEY (`product_id`) REFERENCES `products` (`id`) ON DELETE CASCADE;

--
-- Constraints for table `booking_product_appointment_slots`
--
ALTER TABLE `booking_product_appointment_slots`
  ADD CONSTRAINT `booking_product_appointment_slots_booking_product_id_foreign` FOREIGN KEY (`booking_product_id`) REFERENCES `booking_products` (`id`) ON DELETE CASCADE;

--
-- Constraints for table `booking_product_default_slots`
--
ALTER TABLE `booking_product_default_slots`
  ADD CONSTRAINT `booking_product_default_slots_booking_product_id_foreign` FOREIGN KEY (`booking_product_id`) REFERENCES `booking_products` (`id`) ON DELETE CASCADE;

--
-- Constraints for table `booking_product_event_tickets`
--
ALTER TABLE `booking_product_event_tickets`
  ADD CONSTRAINT `booking_product_event_tickets_booking_product_id_foreign` FOREIGN KEY (`booking_product_id`) REFERENCES `booking_products` (`id`) ON DELETE CASCADE;

--
-- Constraints for table `booking_product_event_ticket_translations`
--
ALTER TABLE `booking_product_event_ticket_translations`
  ADD CONSTRAINT `bpet_translations_fk` FOREIGN KEY (`booking_product_event_ticket_id`) REFERENCES `booking_product_event_tickets` (`id`) ON DELETE CASCADE;

--
-- Constraints for table `booking_product_rental_slots`
--
ALTER TABLE `booking_product_rental_slots`
  ADD CONSTRAINT `booking_product_rental_slots_booking_product_id_foreign` FOREIGN KEY (`booking_product_id`) REFERENCES `booking_products` (`id`) ON DELETE CASCADE;

--
-- Constraints for table `booking_product_table_slots`
--
ALTER TABLE `booking_product_table_slots`
  ADD CONSTRAINT `booking_product_table_slots_booking_product_id_foreign` FOREIGN KEY (`booking_product_id`) REFERENCES `booking_products` (`id`) ON DELETE CASCADE;

--
-- Constraints for table `cart`
--
ALTER TABLE `cart`
  ADD CONSTRAINT `cart_channel_id_foreign` FOREIGN KEY (`channel_id`) REFERENCES `channels` (`id`) ON DELETE CASCADE,
  ADD CONSTRAINT `cart_customer_id_foreign` FOREIGN KEY (`customer_id`) REFERENCES `customers` (`id`) ON DELETE CASCADE;

--
-- Constraints for table `cart_items`
--
ALTER TABLE `cart_items`
  ADD CONSTRAINT `cart_items_cart_id_foreign` FOREIGN KEY (`cart_id`) REFERENCES `cart` (`id`) ON DELETE CASCADE,
  ADD CONSTRAINT `cart_items_parent_id_foreign` FOREIGN KEY (`parent_id`) REFERENCES `cart_items` (`id`) ON DELETE CASCADE,
  ADD CONSTRAINT `cart_items_product_id_foreign` FOREIGN KEY (`product_id`) REFERENCES `products` (`id`) ON DELETE CASCADE,
  ADD CONSTRAINT `cart_items_tax_category_id_foreign` FOREIGN KEY (`tax_category_id`) REFERENCES `tax_categories` (`id`);

--
-- Constraints for table `cart_payment`
--
ALTER TABLE `cart_payment`
  ADD CONSTRAINT `cart_payment_cart_id_foreign` FOREIGN KEY (`cart_id`) REFERENCES `cart` (`id`) ON DELETE CASCADE;

--
-- Constraints for table `cart_rule_channels`
--
ALTER TABLE `cart_rule_channels`
  ADD CONSTRAINT `cart_rule_channels_cart_rule_id_foreign` FOREIGN KEY (`cart_rule_id`) REFERENCES `cart_rules` (`id`) ON DELETE CASCADE,
  ADD CONSTRAINT `cart_rule_channels_channel_id_foreign` FOREIGN KEY (`channel_id`) REFERENCES `channels` (`id`) ON DELETE CASCADE;

--
-- Constraints for table `cart_rule_coupons`
--
ALTER TABLE `cart_rule_coupons`
  ADD CONSTRAINT `cart_rule_coupons_cart_rule_id_foreign` FOREIGN KEY (`cart_rule_id`) REFERENCES `cart_rules` (`id`) ON DELETE CASCADE;

--
-- Constraints for table `cart_rule_coupon_usage`
--
ALTER TABLE `cart_rule_coupon_usage`
  ADD CONSTRAINT `cart_rule_coupon_usage_cart_rule_coupon_id_foreign` FOREIGN KEY (`cart_rule_coupon_id`) REFERENCES `cart_rule_coupons` (`id`) ON DELETE CASCADE,
  ADD CONSTRAINT `cart_rule_coupon_usage_customer_id_foreign` FOREIGN KEY (`customer_id`) REFERENCES `customers` (`id`) ON DELETE CASCADE;

--
-- Constraints for table `cart_rule_customers`
--
ALTER TABLE `cart_rule_customers`
  ADD CONSTRAINT `cart_rule_customers_cart_rule_id_foreign` FOREIGN KEY (`cart_rule_id`) REFERENCES `cart_rules` (`id`) ON DELETE CASCADE,
  ADD CONSTRAINT `cart_rule_customers_customer_id_foreign` FOREIGN KEY (`customer_id`) REFERENCES `customers` (`id`) ON DELETE CASCADE;

--
-- Constraints for table `cart_rule_customer_groups`
--
ALTER TABLE `cart_rule_customer_groups`
  ADD CONSTRAINT `cart_rule_customer_groups_cart_rule_id_foreign` FOREIGN KEY (`cart_rule_id`) REFERENCES `cart_rules` (`id`) ON DELETE CASCADE,
  ADD CONSTRAINT `cart_rule_customer_groups_customer_group_id_foreign` FOREIGN KEY (`customer_group_id`) REFERENCES `customer_groups` (`id`) ON DELETE CASCADE;

--
-- Constraints for table `cart_rule_translations`
--
ALTER TABLE `cart_rule_translations`
  ADD CONSTRAINT `cart_rule_translations_cart_rule_id_foreign` FOREIGN KEY (`cart_rule_id`) REFERENCES `cart_rules` (`id`) ON DELETE CASCADE;

--
-- Constraints for table `cart_shipping_rates`
--
ALTER TABLE `cart_shipping_rates`
  ADD CONSTRAINT `cart_shipping_rates_cart_id_foreign` FOREIGN KEY (`cart_id`) REFERENCES `cart` (`id`) ON DELETE CASCADE;

--
-- Constraints for table `catalog_rule_channels`
--
ALTER TABLE `catalog_rule_channels`
  ADD CONSTRAINT `catalog_rule_channels_catalog_rule_id_foreign` FOREIGN KEY (`catalog_rule_id`) REFERENCES `catalog_rules` (`id`) ON DELETE CASCADE,
  ADD CONSTRAINT `catalog_rule_channels_channel_id_foreign` FOREIGN KEY (`channel_id`) REFERENCES `channels` (`id`) ON DELETE CASCADE;

--
-- Constraints for table `catalog_rule_customer_groups`
--
ALTER TABLE `catalog_rule_customer_groups`
  ADD CONSTRAINT `catalog_rule_customer_groups_catalog_rule_id_foreign` FOREIGN KEY (`catalog_rule_id`) REFERENCES `catalog_rules` (`id`) ON DELETE CASCADE,
  ADD CONSTRAINT `catalog_rule_customer_groups_customer_group_id_foreign` FOREIGN KEY (`customer_group_id`) REFERENCES `customer_groups` (`id`) ON DELETE CASCADE;

--
-- Constraints for table `catalog_rule_products`
--
ALTER TABLE `catalog_rule_products`
  ADD CONSTRAINT `catalog_rule_products_catalog_rule_id_foreign` FOREIGN KEY (`catalog_rule_id`) REFERENCES `catalog_rules` (`id`) ON DELETE CASCADE,
  ADD CONSTRAINT `catalog_rule_products_channel_id_foreign` FOREIGN KEY (`channel_id`) REFERENCES `channels` (`id`) ON DELETE CASCADE,
  ADD CONSTRAINT `catalog_rule_products_customer_group_id_foreign` FOREIGN KEY (`customer_group_id`) REFERENCES `customer_groups` (`id`) ON DELETE CASCADE,
  ADD CONSTRAINT `catalog_rule_products_product_id_foreign` FOREIGN KEY (`product_id`) REFERENCES `products` (`id`) ON DELETE CASCADE;

--
-- Constraints for table `catalog_rule_product_prices`
--
ALTER TABLE `catalog_rule_product_prices`
  ADD CONSTRAINT `catalog_rule_product_prices_catalog_rule_id_foreign` FOREIGN KEY (`catalog_rule_id`) REFERENCES `catalog_rules` (`id`) ON DELETE CASCADE,
  ADD CONSTRAINT `catalog_rule_product_prices_channel_id_foreign` FOREIGN KEY (`channel_id`) REFERENCES `channels` (`id`) ON DELETE CASCADE,
  ADD CONSTRAINT `catalog_rule_product_prices_customer_group_id_foreign` FOREIGN KEY (`customer_group_id`) REFERENCES `customer_groups` (`id`) ON DELETE CASCADE,
  ADD CONSTRAINT `catalog_rule_product_prices_product_id_foreign` FOREIGN KEY (`product_id`) REFERENCES `products` (`id`) ON DELETE CASCADE;

--
-- Constraints for table `category_filterable_attributes`
--
ALTER TABLE `category_filterable_attributes`
  ADD CONSTRAINT `category_filterable_attributes_attribute_id_foreign` FOREIGN KEY (`attribute_id`) REFERENCES `attributes` (`id`) ON DELETE CASCADE,
  ADD CONSTRAINT `category_filterable_attributes_category_id_foreign` FOREIGN KEY (`category_id`) REFERENCES `categories` (`id`) ON DELETE CASCADE;

--
-- Constraints for table `category_rewards`
--
ALTER TABLE `category_rewards`
  ADD CONSTRAINT `category_rewards_category_id_foreign` FOREIGN KEY (`category_id`) REFERENCES `categories` (`id`) ON DELETE CASCADE;

--
-- Constraints for table `category_specific_time_rewards`
--
ALTER TABLE `category_specific_time_rewards`
  ADD CONSTRAINT `category_specific_time_rewards_category_id_foreign` FOREIGN KEY (`category_id`) REFERENCES `categories` (`id`) ON DELETE CASCADE;

--
-- Constraints for table `category_translations`
--
ALTER TABLE `category_translations`
  ADD CONSTRAINT `category_translations_category_id_foreign` FOREIGN KEY (`category_id`) REFERENCES `categories` (`id`) ON DELETE CASCADE,
  ADD CONSTRAINT `category_translations_locale_id_foreign` FOREIGN KEY (`locale_id`) REFERENCES `locales` (`id`) ON DELETE CASCADE;

--
-- Constraints for table `channels`
--
ALTER TABLE `channels`
  ADD CONSTRAINT `channels_base_currency_id_foreign` FOREIGN KEY (`base_currency_id`) REFERENCES `currencies` (`id`),
  ADD CONSTRAINT `channels_default_locale_id_foreign` FOREIGN KEY (`default_locale_id`) REFERENCES `locales` (`id`),
  ADD CONSTRAINT `channels_root_category_id_foreign` FOREIGN KEY (`root_category_id`) REFERENCES `categories` (`id`) ON DELETE SET NULL;

--
-- Constraints for table `channel_currencies`
--
ALTER TABLE `channel_currencies`
  ADD CONSTRAINT `channel_currencies_channel_id_foreign` FOREIGN KEY (`channel_id`) REFERENCES `channels` (`id`) ON DELETE CASCADE,
  ADD CONSTRAINT `channel_currencies_currency_id_foreign` FOREIGN KEY (`currency_id`) REFERENCES `currencies` (`id`) ON DELETE CASCADE;

--
-- Constraints for table `channel_inventory_sources`
--
ALTER TABLE `channel_inventory_sources`
  ADD CONSTRAINT `channel_inventory_sources_channel_id_foreign` FOREIGN KEY (`channel_id`) REFERENCES `channels` (`id`) ON DELETE CASCADE,
  ADD CONSTRAINT `channel_inventory_sources_inventory_source_id_foreign` FOREIGN KEY (`inventory_source_id`) REFERENCES `inventory_sources` (`id`) ON DELETE CASCADE;

--
-- Constraints for table `channel_locales`
--
ALTER TABLE `channel_locales`
  ADD CONSTRAINT `channel_locales_channel_id_foreign` FOREIGN KEY (`channel_id`) REFERENCES `channels` (`id`) ON DELETE CASCADE,
  ADD CONSTRAINT `channel_locales_locale_id_foreign` FOREIGN KEY (`locale_id`) REFERENCES `locales` (`id`) ON DELETE CASCADE;

--
-- Constraints for table `channel_translations`
--
ALTER TABLE `channel_translations`
  ADD CONSTRAINT `channel_translations_channel_id_foreign` FOREIGN KEY (`channel_id`) REFERENCES `channels` (`id`) ON DELETE CASCADE;

--
-- Constraints for table `cms_page_channels`
--
ALTER TABLE `cms_page_channels`
  ADD CONSTRAINT `cms_page_channels_channel_id_foreign` FOREIGN KEY (`channel_id`) REFERENCES `channels` (`id`) ON DELETE CASCADE,
  ADD CONSTRAINT `cms_page_channels_cms_page_id_foreign` FOREIGN KEY (`cms_page_id`) REFERENCES `cms_pages` (`id`) ON DELETE CASCADE;

--
-- Constraints for table `cms_page_translations`
--
ALTER TABLE `cms_page_translations`
  ADD CONSTRAINT `cms_page_translations_cms_page_id_foreign` FOREIGN KEY (`cms_page_id`) REFERENCES `cms_pages` (`id`) ON DELETE CASCADE;

--
-- Constraints for table `compare_items`
--
ALTER TABLE `compare_items`
  ADD CONSTRAINT `compare_items_customer_id_foreign` FOREIGN KEY (`customer_id`) REFERENCES `customers` (`id`) ON DELETE CASCADE ON UPDATE CASCADE,
  ADD CONSTRAINT `compare_items_product_id_foreign` FOREIGN KEY (`product_id`) REFERENCES `products` (`id`) ON DELETE CASCADE ON UPDATE CASCADE;

--
-- Constraints for table `country_states`
--
ALTER TABLE `country_states`
  ADD CONSTRAINT `country_states_country_id_foreign` FOREIGN KEY (`country_id`) REFERENCES `countries` (`id`) ON DELETE CASCADE;

--
-- Constraints for table `country_state_translations`
--
ALTER TABLE `country_state_translations`
  ADD CONSTRAINT `country_state_translations_country_state_id_foreign` FOREIGN KEY (`country_state_id`) REFERENCES `country_states` (`id`) ON DELETE CASCADE;

--
-- Constraints for table `country_translations`
--
ALTER TABLE `country_translations`
  ADD CONSTRAINT `country_translations_country_id_foreign` FOREIGN KEY (`country_id`) REFERENCES `countries` (`id`) ON DELETE CASCADE;

--
-- Constraints for table `currency_exchange_rates`
--
ALTER TABLE `currency_exchange_rates`
  ADD CONSTRAINT `currency_exchange_rates_target_currency_foreign` FOREIGN KEY (`target_currency`) REFERENCES `currencies` (`id`) ON DELETE CASCADE;

--
-- Constraints for table `customers`
--
ALTER TABLE `customers`
  ADD CONSTRAINT `customers_channel_id_foreign` FOREIGN KEY (`channel_id`) REFERENCES `channels` (`id`) ON DELETE SET NULL,
  ADD CONSTRAINT `customers_customer_group_id_foreign` FOREIGN KEY (`customer_group_id`) REFERENCES `customer_groups` (`id`) ON DELETE SET NULL;

--
-- Constraints for table `customer_notes`
--
ALTER TABLE `customer_notes`
  ADD CONSTRAINT `customer_notes_customer_id_foreign` FOREIGN KEY (`customer_id`) REFERENCES `customers` (`id`) ON DELETE CASCADE;

--
-- Constraints for table `customer_social_accounts`
--
ALTER TABLE `customer_social_accounts`
  ADD CONSTRAINT `customer_social_accounts_customer_id_foreign` FOREIGN KEY (`customer_id`) REFERENCES `customers` (`id`) ON DELETE CASCADE;

--
-- Constraints for table `downloadable_link_purchased`
--
ALTER TABLE `downloadable_link_purchased`
  ADD CONSTRAINT `downloadable_link_purchased_customer_id_foreign` FOREIGN KEY (`customer_id`) REFERENCES `customers` (`id`) ON DELETE CASCADE,
  ADD CONSTRAINT `downloadable_link_purchased_order_id_foreign` FOREIGN KEY (`order_id`) REFERENCES `orders` (`id`) ON DELETE CASCADE,
  ADD CONSTRAINT `downloadable_link_purchased_order_item_id_foreign` FOREIGN KEY (`order_item_id`) REFERENCES `order_items` (`id`) ON DELETE CASCADE;

--
-- Constraints for table `gdpr_data_request`
--
ALTER TABLE `gdpr_data_request`
  ADD CONSTRAINT `gdpr_data_request_customer_id_foreign` FOREIGN KEY (`customer_id`) REFERENCES `customers` (`id`) ON DELETE CASCADE;

--
-- Constraints for table `import_batches`
--
ALTER TABLE `import_batches`
  ADD CONSTRAINT `import_batches_import_id_foreign` FOREIGN KEY (`import_id`) REFERENCES `imports` (`id`) ON DELETE CASCADE;

--
-- Constraints for table `invoices`
--
ALTER TABLE `invoices`
  ADD CONSTRAINT `invoices_order_id_foreign` FOREIGN KEY (`order_id`) REFERENCES `orders` (`id`) ON DELETE CASCADE;

--
-- Constraints for table `invoice_items`
--
ALTER TABLE `invoice_items`
  ADD CONSTRAINT `invoice_items_invoice_id_foreign` FOREIGN KEY (`invoice_id`) REFERENCES `invoices` (`id`) ON DELETE CASCADE,
  ADD CONSTRAINT `invoice_items_parent_id_foreign` FOREIGN KEY (`parent_id`) REFERENCES `invoice_items` (`id`) ON DELETE CASCADE;

--
-- Constraints for table `marketing_campaigns`
--
ALTER TABLE `marketing_campaigns`
  ADD CONSTRAINT `marketing_campaigns_channel_id_foreign` FOREIGN KEY (`channel_id`) REFERENCES `channels` (`id`) ON DELETE SET NULL,
  ADD CONSTRAINT `marketing_campaigns_customer_group_id_foreign` FOREIGN KEY (`customer_group_id`) REFERENCES `customer_groups` (`id`) ON DELETE SET NULL,
  ADD CONSTRAINT `marketing_campaigns_marketing_event_id_foreign` FOREIGN KEY (`marketing_event_id`) REFERENCES `marketing_events` (`id`) ON DELETE SET NULL,
  ADD CONSTRAINT `marketing_campaigns_marketing_template_id_foreign` FOREIGN KEY (`marketing_template_id`) REFERENCES `marketing_templates` (`id`) ON DELETE SET NULL;

--
-- Constraints for table `notifications`
--
ALTER TABLE `notifications`
  ADD CONSTRAINT `notifications_order_id_foreign` FOREIGN KEY (`order_id`) REFERENCES `orders` (`id`) ON DELETE CASCADE;

--
-- Constraints for table `orders`
--
ALTER TABLE `orders`
  ADD CONSTRAINT `orders_channel_id_foreign` FOREIGN KEY (`channel_id`) REFERENCES `channels` (`id`) ON DELETE SET NULL,
  ADD CONSTRAINT `orders_customer_id_foreign` FOREIGN KEY (`customer_id`) REFERENCES `customers` (`id`) ON DELETE SET NULL;

--
-- Constraints for table `order_comments`
--
ALTER TABLE `order_comments`
  ADD CONSTRAINT `order_comments_order_id_foreign` FOREIGN KEY (`order_id`) REFERENCES `orders` (`id`) ON DELETE CASCADE;

--
-- Constraints for table `order_items`
--
ALTER TABLE `order_items`
  ADD CONSTRAINT `order_items_order_id_foreign` FOREIGN KEY (`order_id`) REFERENCES `orders` (`id`) ON DELETE CASCADE,
  ADD CONSTRAINT `order_items_parent_id_foreign` FOREIGN KEY (`parent_id`) REFERENCES `order_items` (`id`) ON DELETE CASCADE,
  ADD CONSTRAINT `order_items_tax_category_id_foreign` FOREIGN KEY (`tax_category_id`) REFERENCES `tax_categories` (`id`);

--
-- Constraints for table `order_payment`
--
ALTER TABLE `order_payment`
  ADD CONSTRAINT `order_payment_order_id_foreign` FOREIGN KEY (`order_id`) REFERENCES `orders` (`id`) ON DELETE CASCADE;

--
-- Constraints for table `order_transactions`
--
ALTER TABLE `order_transactions`
  ADD CONSTRAINT `order_transactions_order_id_foreign` FOREIGN KEY (`order_id`) REFERENCES `orders` (`id`) ON DELETE CASCADE;

--
-- Constraints for table `pathao_orders`
--
ALTER TABLE `pathao_orders`
  ADD CONSTRAINT `pathao_orders_order_id_foreign` FOREIGN KEY (`order_id`) REFERENCES `orders` (`id`) ON DELETE CASCADE;

--
-- Constraints for table `pathao_tracking_history`
--
ALTER TABLE `pathao_tracking_history`
  ADD CONSTRAINT `pathao_tracking_history_pathao_order_id_foreign` FOREIGN KEY (`pathao_order_id`) REFERENCES `pathao_orders` (`id`) ON DELETE CASCADE;

--
-- Constraints for table `products`
--
ALTER TABLE `products`
  ADD CONSTRAINT `products_attribute_family_id_foreign` FOREIGN KEY (`attribute_family_id`) REFERENCES `attribute_families` (`id`),
  ADD CONSTRAINT `products_parent_id_foreign` FOREIGN KEY (`parent_id`) REFERENCES `products` (`id`) ON DELETE CASCADE;

--
-- Constraints for table `product_attribute_values`
--
ALTER TABLE `product_attribute_values`
  ADD CONSTRAINT `product_attribute_values_attribute_id_foreign` FOREIGN KEY (`attribute_id`) REFERENCES `attributes` (`id`) ON DELETE CASCADE,
  ADD CONSTRAINT `product_attribute_values_product_id_foreign` FOREIGN KEY (`product_id`) REFERENCES `products` (`id`) ON DELETE CASCADE;

--
-- Constraints for table `product_bundle_options`
--
ALTER TABLE `product_bundle_options`
  ADD CONSTRAINT `product_bundle_options_product_id_foreign` FOREIGN KEY (`product_id`) REFERENCES `products` (`id`) ON DELETE CASCADE;

--
-- Constraints for table `product_bundle_option_products`
--
ALTER TABLE `product_bundle_option_products`
  ADD CONSTRAINT `product_bundle_option_id_foreign` FOREIGN KEY (`product_bundle_option_id`) REFERENCES `product_bundle_options` (`id`) ON DELETE CASCADE,
  ADD CONSTRAINT `product_bundle_option_products_product_id_foreign` FOREIGN KEY (`product_id`) REFERENCES `products` (`id`) ON DELETE CASCADE;

--
-- Constraints for table `product_bundle_option_translations`
--
ALTER TABLE `product_bundle_option_translations`
  ADD CONSTRAINT `product_bundle_option_translations_option_id_foreign` FOREIGN KEY (`product_bundle_option_id`) REFERENCES `product_bundle_options` (`id`) ON DELETE CASCADE;

--
-- Constraints for table `product_categories`
--
ALTER TABLE `product_categories`
  ADD CONSTRAINT `product_categories_category_id_foreign` FOREIGN KEY (`category_id`) REFERENCES `categories` (`id`) ON DELETE CASCADE,
  ADD CONSTRAINT `product_categories_product_id_foreign` FOREIGN KEY (`product_id`) REFERENCES `products` (`id`) ON DELETE CASCADE;

--
-- Constraints for table `product_channels`
--
ALTER TABLE `product_channels`
  ADD CONSTRAINT `product_channels_channel_id_foreign` FOREIGN KEY (`channel_id`) REFERENCES `channels` (`id`) ON DELETE CASCADE,
  ADD CONSTRAINT `product_channels_product_id_foreign` FOREIGN KEY (`product_id`) REFERENCES `products` (`id`) ON DELETE CASCADE;

--
-- Constraints for table `product_cross_sells`
--
ALTER TABLE `product_cross_sells`
  ADD CONSTRAINT `product_cross_sells_child_id_foreign` FOREIGN KEY (`child_id`) REFERENCES `products` (`id`) ON DELETE CASCADE,
  ADD CONSTRAINT `product_cross_sells_parent_id_foreign` FOREIGN KEY (`parent_id`) REFERENCES `products` (`id`) ON DELETE CASCADE;

--
-- Constraints for table `product_customer_group_prices`
--
ALTER TABLE `product_customer_group_prices`
  ADD CONSTRAINT `product_customer_group_prices_customer_group_id_foreign` FOREIGN KEY (`customer_group_id`) REFERENCES `customer_groups` (`id`) ON DELETE CASCADE,
  ADD CONSTRAINT `product_customer_group_prices_product_id_foreign` FOREIGN KEY (`product_id`) REFERENCES `products` (`id`) ON DELETE CASCADE;

--
-- Constraints for table `product_customizable_options`
--
ALTER TABLE `product_customizable_options`
  ADD CONSTRAINT `product_customizable_options_product_id_foreign` FOREIGN KEY (`product_id`) REFERENCES `products` (`id`) ON DELETE CASCADE;

--
-- Constraints for table `product_customizable_option_prices`
--
ALTER TABLE `product_customizable_option_prices`
  ADD CONSTRAINT `pcop_product_customizable_option_id_foreign` FOREIGN KEY (`product_customizable_option_id`) REFERENCES `product_customizable_options` (`id`) ON DELETE CASCADE;

--
-- Constraints for table `product_customizable_option_translations`
--
ALTER TABLE `product_customizable_option_translations`
  ADD CONSTRAINT `pcot_product_customizable_option_id_foreign` FOREIGN KEY (`product_customizable_option_id`) REFERENCES `product_customizable_options` (`id`) ON DELETE CASCADE;

--
-- Constraints for table `product_downloadable_links`
--
ALTER TABLE `product_downloadable_links`
  ADD CONSTRAINT `product_downloadable_links_product_id_foreign` FOREIGN KEY (`product_id`) REFERENCES `products` (`id`) ON DELETE CASCADE;

--
-- Constraints for table `product_downloadable_link_translations`
--
ALTER TABLE `product_downloadable_link_translations`
  ADD CONSTRAINT `link_translations_link_id_foreign` FOREIGN KEY (`product_downloadable_link_id`) REFERENCES `product_downloadable_links` (`id`) ON DELETE CASCADE;

--
-- Constraints for table `product_downloadable_samples`
--
ALTER TABLE `product_downloadable_samples`
  ADD CONSTRAINT `product_downloadable_samples_product_id_foreign` FOREIGN KEY (`product_id`) REFERENCES `products` (`id`) ON DELETE CASCADE;

--
-- Constraints for table `product_downloadable_sample_translations`
--
ALTER TABLE `product_downloadable_sample_translations`
  ADD CONSTRAINT `sample_translations_sample_id_foreign` FOREIGN KEY (`product_downloadable_sample_id`) REFERENCES `product_downloadable_samples` (`id`) ON DELETE CASCADE;

--
-- Constraints for table `product_flat`
--
ALTER TABLE `product_flat`
  ADD CONSTRAINT `product_flat_attribute_family_id_foreign` FOREIGN KEY (`attribute_family_id`) REFERENCES `attribute_families` (`id`),
  ADD CONSTRAINT `product_flat_parent_id_foreign` FOREIGN KEY (`parent_id`) REFERENCES `product_flat` (`id`) ON DELETE CASCADE,
  ADD CONSTRAINT `product_flat_product_id_foreign` FOREIGN KEY (`product_id`) REFERENCES `products` (`id`) ON DELETE CASCADE;

--
-- Constraints for table `product_grouped_products`
--
ALTER TABLE `product_grouped_products`
  ADD CONSTRAINT `product_grouped_products_associated_product_id_foreign` FOREIGN KEY (`associated_product_id`) REFERENCES `products` (`id`) ON DELETE CASCADE,
  ADD CONSTRAINT `product_grouped_products_product_id_foreign` FOREIGN KEY (`product_id`) REFERENCES `products` (`id`) ON DELETE CASCADE;

--
-- Constraints for table `product_images`
--
ALTER TABLE `product_images`
  ADD CONSTRAINT `product_images_product_id_foreign` FOREIGN KEY (`product_id`) REFERENCES `products` (`id`) ON DELETE CASCADE;

--
-- Constraints for table `product_inventories`
--
ALTER TABLE `product_inventories`
  ADD CONSTRAINT `product_inventories_inventory_source_id_foreign` FOREIGN KEY (`inventory_source_id`) REFERENCES `inventory_sources` (`id`) ON DELETE CASCADE,
  ADD CONSTRAINT `product_inventories_product_id_foreign` FOREIGN KEY (`product_id`) REFERENCES `products` (`id`) ON DELETE CASCADE;

--
-- Constraints for table `product_inventory_indices`
--
ALTER TABLE `product_inventory_indices`
  ADD CONSTRAINT `product_inventory_indices_channel_id_foreign` FOREIGN KEY (`channel_id`) REFERENCES `channels` (`id`) ON DELETE CASCADE,
  ADD CONSTRAINT `product_inventory_indices_product_id_foreign` FOREIGN KEY (`product_id`) REFERENCES `products` (`id`) ON DELETE CASCADE;

--
-- Constraints for table `product_ordered_inventories`
--
ALTER TABLE `product_ordered_inventories`
  ADD CONSTRAINT `product_ordered_inventories_channel_id_foreign` FOREIGN KEY (`channel_id`) REFERENCES `channels` (`id`) ON DELETE CASCADE,
  ADD CONSTRAINT `product_ordered_inventories_product_id_foreign` FOREIGN KEY (`product_id`) REFERENCES `products` (`id`) ON DELETE CASCADE;

--
-- Constraints for table `product_price_indices`
--
ALTER TABLE `product_price_indices`
  ADD CONSTRAINT `product_price_indices_channel_id_foreign` FOREIGN KEY (`channel_id`) REFERENCES `channels` (`id`) ON DELETE CASCADE,
  ADD CONSTRAINT `product_price_indices_customer_group_id_foreign` FOREIGN KEY (`customer_group_id`) REFERENCES `customer_groups` (`id`) ON DELETE CASCADE,
  ADD CONSTRAINT `product_price_indices_product_id_foreign` FOREIGN KEY (`product_id`) REFERENCES `products` (`id`) ON DELETE CASCADE;

--
-- Constraints for table `product_relations`
--
ALTER TABLE `product_relations`
  ADD CONSTRAINT `product_relations_child_id_foreign` FOREIGN KEY (`child_id`) REFERENCES `products` (`id`) ON DELETE CASCADE,
  ADD CONSTRAINT `product_relations_parent_id_foreign` FOREIGN KEY (`parent_id`) REFERENCES `products` (`id`) ON DELETE CASCADE;

--
-- Constraints for table `product_reviews`
--
ALTER TABLE `product_reviews`
  ADD CONSTRAINT `product_reviews_product_id_foreign` FOREIGN KEY (`product_id`) REFERENCES `products` (`id`) ON DELETE CASCADE;

--
-- Constraints for table `product_review_attachments`
--
ALTER TABLE `product_review_attachments`
  ADD CONSTRAINT `product_review_images_review_id_foreign` FOREIGN KEY (`review_id`) REFERENCES `product_reviews` (`id`) ON DELETE CASCADE;

--
-- Constraints for table `product_rewards`
--
ALTER TABLE `product_rewards`
  ADD CONSTRAINT `product_rewards_product_id_foreign` FOREIGN KEY (`product_id`) REFERENCES `products` (`id`) ON DELETE CASCADE;

--
-- Constraints for table `product_specific_time_rewards`
--
ALTER TABLE `product_specific_time_rewards`
  ADD CONSTRAINT `product_specific_time_rewards_product_id_foreign` FOREIGN KEY (`product_id`) REFERENCES `products` (`id`) ON DELETE CASCADE;

--
-- Constraints for table `product_super_attributes`
--
ALTER TABLE `product_super_attributes`
  ADD CONSTRAINT `product_super_attributes_attribute_id_foreign` FOREIGN KEY (`attribute_id`) REFERENCES `attributes` (`id`),
  ADD CONSTRAINT `product_super_attributes_product_id_foreign` FOREIGN KEY (`product_id`) REFERENCES `products` (`id`) ON DELETE CASCADE;

--
-- Constraints for table `product_up_sells`
--
ALTER TABLE `product_up_sells`
  ADD CONSTRAINT `product_up_sells_child_id_foreign` FOREIGN KEY (`child_id`) REFERENCES `products` (`id`) ON DELETE CASCADE,
  ADD CONSTRAINT `product_up_sells_parent_id_foreign` FOREIGN KEY (`parent_id`) REFERENCES `products` (`id`) ON DELETE CASCADE;

--
-- Constraints for table `product_videos`
--
ALTER TABLE `product_videos`
  ADD CONSTRAINT `product_videos_product_id_foreign` FOREIGN KEY (`product_id`) REFERENCES `products` (`id`) ON DELETE CASCADE;

--
-- Constraints for table `refunds`
--
ALTER TABLE `refunds`
  ADD CONSTRAINT `refunds_order_id_foreign` FOREIGN KEY (`order_id`) REFERENCES `orders` (`id`) ON DELETE CASCADE;

--
-- Constraints for table `refund_items`
--
ALTER TABLE `refund_items`
  ADD CONSTRAINT `refund_items_order_item_id_foreign` FOREIGN KEY (`order_item_id`) REFERENCES `order_items` (`id`) ON DELETE CASCADE,
  ADD CONSTRAINT `refund_items_parent_id_foreign` FOREIGN KEY (`parent_id`) REFERENCES `refund_items` (`id`) ON DELETE CASCADE,
  ADD CONSTRAINT `refund_items_refund_id_foreign` FOREIGN KEY (`refund_id`) REFERENCES `refunds` (`id`) ON DELETE CASCADE;

--
-- Constraints for table `reward_points`
--
ALTER TABLE `reward_points`
  ADD CONSTRAINT `reward_points_attribute_id_foreign` FOREIGN KEY (`attribute_id`) REFERENCES `attributes` (`id`) ON DELETE CASCADE,
  ADD CONSTRAINT `reward_points_category_id_foreign` FOREIGN KEY (`category_id`) REFERENCES `categories` (`id`) ON DELETE CASCADE,
  ADD CONSTRAINT `reward_points_customer_id_foreign` FOREIGN KEY (`customer_id`) REFERENCES `customers` (`id`) ON DELETE CASCADE,
  ADD CONSTRAINT `reward_points_order_id_foreign` FOREIGN KEY (`order_id`) REFERENCES `order_items` (`id`) ON DELETE CASCADE,
  ADD CONSTRAINT `reward_points_product_id_foreign` FOREIGN KEY (`product_id`) REFERENCES `products` (`id`) ON DELETE CASCADE;

--
-- Constraints for table `search_terms`
--
ALTER TABLE `search_terms`
  ADD CONSTRAINT `search_terms_channel_id_foreign` FOREIGN KEY (`channel_id`) REFERENCES `channels` (`id`) ON DELETE CASCADE;

--
-- Constraints for table `shipments`
--
ALTER TABLE `shipments`
  ADD CONSTRAINT `shipments_inventory_source_id_foreign` FOREIGN KEY (`inventory_source_id`) REFERENCES `inventory_sources` (`id`) ON DELETE SET NULL,
  ADD CONSTRAINT `shipments_order_id_foreign` FOREIGN KEY (`order_id`) REFERENCES `orders` (`id`) ON DELETE CASCADE;

--
-- Constraints for table `shipment_items`
--
ALTER TABLE `shipment_items`
  ADD CONSTRAINT `shipment_items_shipment_id_foreign` FOREIGN KEY (`shipment_id`) REFERENCES `shipments` (`id`) ON DELETE CASCADE;

--
-- Constraints for table `subscribers_list`
--
ALTER TABLE `subscribers_list`
  ADD CONSTRAINT `subscribers_list_channel_id_foreign` FOREIGN KEY (`channel_id`) REFERENCES `channels` (`id`) ON DELETE CASCADE,
  ADD CONSTRAINT `subscribers_list_customer_id_foreign` FOREIGN KEY (`customer_id`) REFERENCES `customers` (`id`) ON DELETE SET NULL;

--
-- Constraints for table `tax_categories_tax_rates`
--
ALTER TABLE `tax_categories_tax_rates`
  ADD CONSTRAINT `tax_categories_tax_rates_tax_category_id_foreign` FOREIGN KEY (`tax_category_id`) REFERENCES `tax_categories` (`id`) ON DELETE CASCADE,
  ADD CONSTRAINT `tax_categories_tax_rates_tax_rate_id_foreign` FOREIGN KEY (`tax_rate_id`) REFERENCES `tax_rates` (`id`) ON DELETE CASCADE;

--
-- Constraints for table `theme_customizations`
--
ALTER TABLE `theme_customizations`
  ADD CONSTRAINT `theme_customizations_channel_id_foreign` FOREIGN KEY (`channel_id`) REFERENCES `channels` (`id`) ON DELETE CASCADE;

--
-- Constraints for table `theme_customization_translations`
--
ALTER TABLE `theme_customization_translations`
  ADD CONSTRAINT `theme_customization_id_foreign` FOREIGN KEY (`theme_customization_id`) REFERENCES `theme_customizations` (`id`) ON DELETE CASCADE;

--
-- Constraints for table `visits`
--
ALTER TABLE `visits`
  ADD CONSTRAINT `visits_channel_id_foreign` FOREIGN KEY (`channel_id`) REFERENCES `channels` (`id`) ON DELETE CASCADE;

--
-- Constraints for table `wishlist`
--
ALTER TABLE `wishlist`
  ADD CONSTRAINT `wishlist_channel_id_foreign` FOREIGN KEY (`channel_id`) REFERENCES `channels` (`id`) ON DELETE CASCADE,
  ADD CONSTRAINT `wishlist_customer_id_foreign` FOREIGN KEY (`customer_id`) REFERENCES `customers` (`id`) ON DELETE CASCADE,
  ADD CONSTRAINT `wishlist_product_id_foreign` FOREIGN KEY (`product_id`) REFERENCES `products` (`id`) ON DELETE CASCADE;

--
-- Constraints for table `wishlist_items`
--
ALTER TABLE `wishlist_items`
  ADD CONSTRAINT `wishlist_items_channel_id_foreign` FOREIGN KEY (`channel_id`) REFERENCES `channels` (`id`) ON DELETE CASCADE,
  ADD CONSTRAINT `wishlist_items_customer_id_foreign` FOREIGN KEY (`customer_id`) REFERENCES `customers` (`id`) ON DELETE CASCADE,
  ADD CONSTRAINT `wishlist_items_product_id_foreign` FOREIGN KEY (`product_id`) REFERENCES `products` (`id`) ON DELETE CASCADE;
COMMIT;

/*!40101 SET CHARACTER_SET_CLIENT=@OLD_CHARACTER_SET_CLIENT */;
/*!40101 SET CHARACTER_SET_RESULTS=@OLD_CHARACTER_SET_RESULTS */;
/*!40101 SET COLLATION_CONNECTION=@OLD_COLLATION_CONNECTION */;
